like,-3.47%
feel,-5.41%
want,-21.54%
life,12.76%
know,5.79%
get,10.12%
even,-19.78%
people,19.19%
time,-2.80%
really,25.93%
day,-19.15%
think,-17.26%
anything,-22.98%
My,-7.07%
friends,16.47%
go,-10.95%
anymore,-15.87%
going,-1.70%
things,5.68%
anyone,-4.63%
much,2.15%
hate,-21.76%
never,56.94%
someone,7.95%
help,-11.91%
else,6.96%
fucking,-38.88%
alone,-0.18%
would,28.47%
years,20.15%
always,10.91%
brain,-74.32%
...,-7.49%
work,-14.78%
depression,6.43%
tired,2.74%
every,-13.63%
make,13.80%
feeling,11.77%
everything,2.11%
nothing,-1.43%
bad,-12.82%
something,-6.21%
back,21.59%
talk,43.28%
But,18.46%
way,17.33%
keep,-29.73%
mind,-63.78%
better,30.63%
still,12.61%
got,-16.41%
could,25.10%
stop,-31.44%
sleep,-32.14%
wish,0.58%
need,3.77%
die,-2.87%
see,11.24%
good,6.00%
right,-16.24%
say,8.62%
around,-14.25%
trying,-18.21%
depressed,-10.29%
ever,1.08%
everyone,5.93%
end,0.05%
feels,-7.12%
thoughts,-56.66%
family,26.28%
live,31.74%
kill,-33.68%
getting,4.10%
person,41.28%
love,17.06%
mental,-8.45%
..,9.56%
living,-15.12%
care,-22.84%
take,-10.34%
away,10.11%
hard,27.41%
tell,11.68%
makes,-11.06%
shit,-20.59%
point,-15.00%
thing,-2.82%
head,-63.65%
days,7.41%
bed,-42.17%
try,41.89%
told,10.17%
thought,2.24%
fuck,-47.17%
long,-19.91%
since,42.48%
im,-30.65%
months,-10.12%
thinking,-29.89%
year,7.24%
dont,-26.48%
world,8.45%
lost,-6.26%
happy,41.53%
worse,-8.70%
last,-6.79%
friend,19.84%
said,6.52%
So,-13.39%
lonely,34.02%
actually,-11.31%
job,-15.25%
school,-32.17%
used,-14.22%
without,-3.06%
remember,-62.73%
home,8.35%
ago,25.35%
sad,-6.52%
anxiety,-19.30%
suicidal,0.33%
find,41.78%
also,19.37%
old,1.69%
suicide,22.69%
She,45.16%
wanna,-3.23%
sometimes,-15.87%
How,0.49%
wake,-45.47%
When,-21.76%
No,-9.91%
normal,3.45%
leave,-20.61%
many,29.91%
felt,10.66%
give,11.54%
lot,23.93%
self,-10.77%
past,20.13%
enough,48.25%
today,17.58%
made,35.02%
Why,37.62%
understand,-27.29%
little,-16.91%
left,50.40%
tried,79.42%
literally,-15.57%
almost,-14.18%
wanted,34.09%
mom,28.72%
hope,-24.91%
times,3.61%
pain,41.78%
forget,-72.74%
night,-10.03%
done,33.09%
What,46.95%
reason,19.23%
sick,8.13%
trauma,-14.05%
health,-12.57%
Im,-8.16%
happened,-13.90%
started,17.67%
parents,16.85%
room,-9.44%
cant,-44.50%
completely,-28.62%
social,-27.29%
put,-12.15%
sure,-0.03%
first,-15.18%
cry,9.06%
come,30.26%
They,69.76%
constantly,-25.92%
Just,-10.49%
There,20.38%
He,91.37%
memory,-69.13%
making,-7.40%
gets,0.67%
phone,-43.37%
Like,28.98%
look,19.55%
let,22.69%
stupid,-40.23%
though,3.82%
Does,-2.48%
talking,-16.60%
able,-19.81%
scared,-3.77%
well,-13.39%
relationship,41.13%
stuff,-29.43%
dead,-29.43%
real,-5.12%
seems,14.51%
best,34.14%
gone,11.24%
hours,-41.11%
place,30.20%
another,13.51%
others,20.19%
wrong,50.23%
close,-11.39%
nobody,-26.91%
post,-26.91%
might,0.94%
matter,28.78%
finally,-0.42%
us,3.13%
already,-7.54%
enjoy,-40.51%
whole,-7.05%
kind,11.54%
Please,-33.08%
barely,-33.08%
hurt,14.13%
single,-31.52%
Now,-12.50%
start,-1.09%
eat,-14.31%
okay,-14.31%
gonna,-22.10%
motivation,-45.47%
dad,44.11%
energy,40.22%
hurts,35.66%
guess,23.69%
maybe,35.66%
two,7.73%
face,-28.18%
new,7.73%
break,-56.11%
worth,-28.18%
crying,55.61%
mentally,-26.39%
part,-1.85%
seem,18.60%
everyday,6.33%
stay,26.78%
cause,0.67%
therapy,17.45%
working,4.86%
pretty,9.06%
mean,-3.53%
taking,-3.53%
wants,9.06%
alive,-16.11%
Even,-16.11%
....,-3.53%
miss,54.98%
stuck,-22.51%
Sometimes,-9.60%
telling,-56.95%
yet,46.37%
Anyone,-22.51%
fact,24.84%
empty,-16.00%
either,-24.84%
feelings,72.43%
PTSD,-16.00%
went,76.85%
child,9.06%
anxious,-50.01%
conversation,-50.01%
probably,31.78%
advice,4.51%
become,40.87%
college,-36.38%
honestly,13.60%
saying,18.15%
happen,-29.89%
body,30.87%
goes,2.83%
instead,-48.59%
says,54.24%
Maybe,2.83%
house,21.52%
fucked,-61.51%
week,15.47%
struggling,-18.21%
next,20.29%
focus,-56.70%
believe,14.02%
cannot,-10.77%
looking,-5.81%
entire,-55.39%
please,23.93%
anybody,-43.77%
miserable,-43.77%
different,43.14%
guy,2.24%
therapist,48.25%
watch,-69.33%
spend,-28.43%
crazy,17.58%
longer,-15.57%
money,-5.01%
high,-26.12%
experience,26.65%
cut,-20.84%
recently,10.82%
ask,21.37%
morning,-36.68%
Idk,-31.40%
hear,-40.02%
death,3.61%
hell,25.42%
soon,-1.85%
attention,-18.21%
words,-40.02%
sit,-60.51%
afraid,-9.74%
abusive,1.54%
worst,41.02%
seeing,-32.31%
man,1.54%
lay,-71.80%
mother,24.10%
least,41.02%
watching,-60.51%
panic,-21.03%
less,-49.23%
idk,-4.10%
Every,1.54%
read,-35.73%
vent,-59.10%
change,16.85%
weird,-47.42%
deal,28.53%
girl,22.69%
Depression,-35.73%
supposed,51.90%
called,46.06%
sorry,15.12%
sense,3.00%
outside,-3.06%
call,15.12%
bit,-27.29%
happiness,-15.18%
toxic,15.12%
problems,15.12%
absolutely,15.12%
losing,-21.24%
kid,-3.06%
exist,-3.06%
sucks,21.18%
upset,15.12%
games,-39.41%
hit,-9.12%
inside,-18.21%
play,-37.08%
future,-5.62%
Fuck,-11.91%
constant,-37.08%
dreams,-37.08%
forever,-18.21%
walk,-11.91%
reality,-11.91%
issues,-5.62%
cares,13.25%
needed,25.84%
emotions,-30.79%
broken,-37.08%
angry,-24.50%
simply,-47.65%
use,30.87%
ADHD,-34.56%
nice,-21.48%
fun,-8.39%
guys,-34.56%
girlfriend,30.87%
damn,-8.39%
loved,43.96%
together,89.76%
bring,11.24%
kids,109.39%
rest,17.78%
online,17.78%
loss,-41.11%
forgotten,-59.10%
killing,-18.21%
Nothing,9.06%
full,-31.84%
weeks,138.57%
coming,9.06%
sleeping,-4.57%
great,56.77%
safe,-59.10%
exhausted,-11.39%
10,-31.84%
memories,-45.47%
small,29.51%
comes,-18.21%
ex,77.22%
relate,-18.21%
hang,28.03%
lose,-50.21%
fake,-28.87%
deserve,28.03%
big,-7.54%
half,-35.99%
whatever,-71.55%
second,-50.21%
act,-78.66%
found,106.26%
married,-28.87%
reading,-35.99%
dumb,-64.44%
due,-7.54%
took,35.14%
loneliness,123.07%
escape,-47.95%
meds,-25.64%
lately,-10.77%
playing,-62.82%
keeps,-25.64%
Don,-33.08%
couple,-33.08%
Today,-18.21%
caused,-40.51%
moments,-3.33%
Am,18.97%
control,-3.33%
support,190.00%
wanting,41.28%
heart,94.75%
situation,1.27%
ended,9.06%
horrible,40.22%
turn,24.64%
minutes,-45.47%
car,-37.68%
boyfriend,180.44%
partner,172.65%
broke,9.06%
asked,24.64%
takes,-22.10%
hug,-22.10%
numb,-29.89%
People,1.27%
move,63.59%
Everything,1.27%
show,-37.68%
guilty,-29.89%
video,-68.84%
etc,-14.31%
ass,-45.47%
human,9.06%
disappear,-26.39%
learn,-34.56%
Its,-83.64%
mess,-67.28%
20,-26.39%
yesterday,47.23%
bc,-42.74%
joy,-18.21%
door,14.51%
month,22.69%
open,39.05%
gotten,22.69%
happens,22.69%
Hi,6.33%
eating,-1.85%
emotional,-1.85%
asking,-10.03%
somewhere,-26.39%
harder,-42.74%
true,14.51%
super,-42.74%
waiting,-1.85%
illness,6.33%
cycle,-42.74%
god,-75.46%
moment,79.95%
spent,63.59%
food,-39.73%
struggle,63.59%
problem,80.81%
ive,3.32%
birthday,-56.95%
reach,3.32%
Whenever,-39.73%
knew,72.20%
existing,-56.95%
useless,-22.51%
starting,63.59%
stopped,37.76%
burden,11.93%
abuse,80.81%
whenever,-31.12%
Any,-13.90%
young,-31.12%
happening,37.76%
genuinely,11.93%
free,46.37%
fall,-39.73%
rather,3.32%
mad,-31.12%
shitty,-5.29%
study,-39.73%
severe,20.54%
negative,-36.38%
accept,45.41%
badly,-54.56%
age,18.15%
pointless,-45.47%
easier,-36.38%
dark,-27.29%
state,-36.38%
behind,45.41%
general,-27.29%
gave,18.15%
peace,-27.29%
class,-36.38%
suffering,63.59%
dream,-18.21%
function,-45.47%
teeth,-54.56%
Everyone,27.24%
truly,45.41%
idea,72.68%
extremely,27.24%
waste,-63.65%
diagnosed,9.06%
Life,63.59%
thinks,-0.03%
story,9.06%
often,-23.02%
eyes,53.97%
physical,34.72%
stand,-51.89%
speak,-23.02%
saw,53.97%
unable,-23.02%
somehow,-42.26%
Someone,-13.39%
taken,34.72%
needs,5.85%
bored,-42.26%
difficult,25.10%
dying,15.47%
type,-61.51%
hour,53.97%
woke,-23.02%
basically,53.97%
listen,73.21%
far,44.34%
harm,-3.77%
deep,-42.26%
18,5.85%
writing,-61.51%
hobbies,-42.26%
ptsd,-42.26%
explain,-51.89%
divorce,-13.39%
ignore,-80.75%
relationships,12.47%
realized,12.47%
father,2.24%
worthless,22.69%
interest,-59.10%
seriously,-38.65%
fog,-79.55%
30,-28.43%
Do,22.69%
anger,-48.88%
existence,-28.43%
purpose,-28.43%
text,2.24%
giving,-28.43%
except,-38.65%
trouble,-28.43%
trust,-28.43%
write,-48.88%
physically,-7.98%
immediately,-38.65%
heard,22.69%
busy,-38.65%
anywhere,-7.98%
lazy,-79.55%
drinking,-18.21%
annoying,-59.10%
plan,63.59%
wondering,-28.43%
possible,-18.21%
Edit,-28.43%
childhood,-18.21%
shower,-18.21%
common,-56.38%
born,9.06%
ending,9.06%
huge,-1.85%
After,85.40%
fear,9.06%
met,74.49%
terrible,52.68%
drink,-1.85%
messed,-23.66%
Hey,-67.28%
waking,-1.85%
towards,-23.66%
finish,-89.09%
ok,52.68%
attack,9.06%
sort,-1.85%
husband,52.68%
later,30.87%
minute,-67.28%
stress,-34.56%
lie,-56.38%
wonder,-1.85%
clean,-45.47%
sadness,-23.66%
meaning,-34.56%
music,-1.85%
especially,-1.85%
experiences,-1.85%
causes,-12.75%
hold,-1.85%
positive,-67.28%
smart,-45.47%
suddenly,-12.75%
share,41.78%
meant,-12.75%
slowly,-29.89%
straight,-18.21%
course,-29.89%
continue,75.27%
cared,-18.21%
knowing,75.27%
fight,51.90%
stressed,-6.52%
space,16.85%
tomorrow,63.59%
wasting,-53.26%
15,86.96%
awake,-29.89%
girls,5.16%
push,-18.21%
classes,-41.58%
lives,-18.21%
usually,16.85%
worry,-41.58%
kinda,28.53%
failure,-6.52%
12,63.59%
suffer,51.90%
ruined,-53.26%
Some,-18.21%
blank,-29.89%
&#,-41.58%
x200B,-41.58%
FUCKING,-41.58%
works,-29.89%
selfish,63.59%
sitting,16.85%
process,16.85%
falling,-29.89%
shut,-49.67%
despite,-37.08%
lack,13.25%
25,13.25%
complete,-62.25%
Because,-24.50%
game,-49.67%
lol,-62.25%
emotionally,38.42%
mood,76.17%
pathetic,-11.91%
16,-11.91%
ill,-37.08%
sounds,13.25%
group,101.34%
dating,-11.91%
daughter,-11.91%
knows,-37.08%
videos,-62.25%
trigger,-37.08%
eventually,25.84%
run,0.67%
decided,126.51%
woman,63.59%
healthy,-24.50%
triggered,25.84%
Nobody,-11.91%
awful,63.59%
strong,63.59%
Reddit,-24.50%
drive,-62.25%
personality,13.25%
fix,51.00%
kept,63.59%
account,-62.25%
traumatic,-37.08%
bother,-37.08%
fighting,101.34%
wife,101.34%
short,25.84%
wait,38.42%
leaving,51.00%
tonight,-24.50%
cope,51.00%
dog,-11.91%
ones,38.42%
died,202.01%
hardly,0.67%
tears,-49.67%
finding,-24.50%
keeping,0.67%
beat,-59.10%
comfortable,-31.84%
failed,9.06%
trapped,9.06%
water,36.32%
issue,22.69%
growing,-4.57%
motivated,-86.37%
pass,22.69%
helps,9.06%
abused,-18.21%
ugly,9.06%
check,22.69%
fine,104.48%
sound,-18.21%
walking,-18.21%
Thank,-31.84%
turned,90.85%
God,22.69%
realize,172.65%
talked,-4.57%
handle,36.32%
bullshit,-4.57%
several,-31.84%
destroyed,36.32%
clear,-45.47%
conversations,9.06%
forgetting,-86.37%
multiple,-4.57%
content,-31.84%
apartment,9.06%
ME,-45.47%
older,48.72%
contact,78.46%
avoid,4.10%
media,-10.77%
rn,-25.64%
changed,-40.51%
major,-10.77%
expect,-10.77%
neck,-55.39%
exactly,4.10%
society,-40.51%
killed,78.46%
sub,-25.64%
three,78.46%
none,18.97%
sent,-10.77%
piece,-40.51%
connect,-55.39%
weak,-70.26%
front,33.84%
quite,48.72%
final,-70.26%
heavy,-40.51%
putting,18.97%
shows,-70.26%
fault,48.72%
impossible,-10.77%
soul,63.59%
loser,-10.77%
boring,-55.39%
calling,-55.39%
apparently,-70.26%
learned,-55.39%
brother,78.46%
damage,-70.26%
certain,-55.39%
system,-10.77%
urge,-85.13%
interested,-25.64%
experienced,108.20%
moving,33.84%
survive,-25.64%
mine,63.59%
asleep,-25.64%
cat,-55.39%
computer,-85.13%
breaking,-55.39%
noticed,4.10%
17,33.84%
movie,-40.51%
fit,4.10%
sex,167.69%
forward,93.33%
slow,-55.39%
currently,33.84%
honest,-25.64%
events,-25.64%
acting,-10.77%
screen,-85.13%
personal,79.95%
yes,-18.21%
realise,-50.92%
moved,129.02%
pay,-50.92%
quit,79.95%
Yesterday,-34.56%
worried,-18.21%
Only,-50.92%
Never,-1.85%
void,-1.85%
gym,-34.56%
raped,47.23%
afford,-1.85%
carry,-18.21%
leaves,-34.56%
calm,-50.92%
anyways,-34.56%
hoping,-50.92%
beyond,-67.28%
effort,14.51%
loves,145.38%
brought,-1.85%
skills,-1.85%
drunk,-34.56%
confused,-18.21%
somebody,30.87%
tells,47.23%
lying,63.59%
disappointing,-83.64%
loud,30.87%
tiring,-50.92%
present,-67.28%
disgusting,14.51%
21,-18.21%
attempt,63.59%
black,30.87%
hole,96.31%
medication,112.66%
seen,96.31%
belong,30.87%
public,-18.21%
looked,63.59%
wall,-18.21%
side,112.66%
hearing,-67.28%
may,96.31%
hanging,63.59%
brings,-67.28%
example,-67.28%
smile,145.38%
trip,-1.85%
store,-50.92%
episode,-18.21%
likes,-34.56%
usual,-67.28%
women,-1.85%
name,14.51%
came,358.05%
pissed,-67.28%
hopeless,47.23%
goals,-18.21%
24,63.59%
posting,-1.85%
helping,63.59%
painful,14.51%
boy,14.51%
thank,47.23%
adhd,-83.64%
word,-18.21%
force,-50.92%
sister,96.31%
important,145.38%
early,-1.85%
notice,-83.64%
ready,-1.85%
zero,-67.28%
fail,-34.56%
pushing,63.59%
mostly,14.51%
interests,-34.56%
fat,-50.92%
https,-67.28%
scary,-9.12%
note,-27.29%
career,-45.47%
breakdown,-45.47%
absolute,9.06%
overthinking,-45.47%
question,81.76%
earlier,-27.29%
top,45.41%
voice,-27.29%
besides,9.06%
add,9.06%
near,-45.47%
lots,-63.65%
switch,-81.82%
depressive,9.06%
history,-63.65%
isolation,-63.65%
means,-27.29%
periods,-45.47%
treated,-63.65%
laying,-63.65%
totally,9.06%
thats,9.06%
quick,-81.82%
hurting,9.06%
university,45.41%
running,-81.82%
attacks,-9.12%
frustrating,-63.65%
everybody,-45.47%
turns,-45.47%
managed,-45.47%
hates,-45.47%
order,-27.29%
professional,-9.12%
mum,-27.29%
brush,-45.47%
missing,-27.29%
doctor,45.41%
within,-9.12%
funny,63.59%
oh,-27.29%
planning,9.06%
pick,9.06%
productive,-81.82%
gf,-81.82%
accepted,-81.82%
low,45.41%
helped,9.06%
level,-27.29%
form,-27.29%
onto,-27.29%
dealing,27.24%
edit,-81.82%
reddit,-45.47%
event,-27.29%
serious,-63.65%
verbally,-81.82%
didnt,-27.29%
talks,-63.65%
late,27.24%
anyway,-27.29%
remembering,-45.47%
book,-63.65%
decision,-63.65%
gives,27.24%
fucken,-63.65%
drug,-27.29%
actual,-27.29%
desire,-9.12%
using,45.41%
flashbacks,-63.65%
title,81.76%
appreciate,9.06%
experiencing,-63.65%
pretend,45.41%
triggers,-45.47%
exhausting,-27.29%
laugh,63.59%
meaningless,-9.12%
com,-63.65%
easily,27.24%
ruin,-45.47%
autistic,-38.65%
cold,63.59%
isolating,-18.21%
awhile,-79.55%
jump,-38.65%
lucky,-59.10%
nightmares,-38.65%
NO,-38.65%
case,2.24%
overthink,-79.55%
till,63.59%
chest,63.59%
friendship,2.24%
13,22.69%
extreme,-38.65%
ways,-18.21%
isolated,-18.21%
earth,22.69%
seconds,-59.10%
information,2.24%
understanding,-79.55%
walked,-38.65%
speaking,-79.55%
held,-59.10%
decide,-38.65%
insane,43.14%
repeat,-79.55%
along,63.59%
silence,-38.65%
hand,-18.21%
struggled,-18.21%
everywhere,2.24%
TV,-38.65%
wonderful,-79.55%
thanks,-38.65%
given,2.24%
studying,-79.55%
ignoring,2.24%
daily,84.04%
relief,-59.10%
affected,-59.10%
similar,43.14%
forth,-79.55%
guilt,-18.21%
commit,-38.65%
bear,-18.21%
locked,-38.65%
dumbass,-38.65%
ran,-38.65%
caring,22.69%
four,-79.55%
pit,-59.10%
reached,-38.65%
pictures,-18.21%
younger,43.14%
tv,-59.10%
staring,-18.21%
touch,22.69%
yelled,-38.65%
shell,-38.65%
whether,-18.21%
rough,-18.21%
scares,-38.65%
middle,22.69%
failing,-59.10%
meet,206.73%
Well,2.24%
causing,43.14%
Also,43.14%
excuse,104.48%
loving,2.24%
Feel,-38.65%
awkward,2.24%
random,2.24%
adult,43.14%
set,63.59%
coping,22.69%
changes,-18.21%
appointment,63.59%
amazing,43.14%
message,43.14%
showing,-38.65%
misery,84.04%
turning,22.69%
imagine,22.69%
choice,-79.55%
admit,-18.21%
police,84.04%
swear,-38.65%
joke,-38.65%
obviously,2.24%
wasted,-38.65%
excited,2.24%
listening,206.73%
Most,63.59%
suck,2.24%
places,-59.10%
Day,-59.10%
cried,22.69%
unless,43.14%
quiet,104.48%
manage,22.69%
Sorry,165.83%
hair,43.14%
scream,145.38%
hide,16.85%
distract,-76.63%
However,40.22%
express,-29.89%
ppl,40.22%
party,-6.52%
worked,-29.89%
tries,-76.63%
jobs,40.22%
wrote,-29.89%
rope,-6.52%
gun,-29.89%
planet,-53.26%
men,110.33%
option,40.22%
figure,16.85%
cool,-6.52%
buy,63.59%
step,-6.52%
attempted,-53.26%
stayed,-76.63%
evil,-29.89%
paranoid,-76.63%
doesnt,16.85%
yeah,40.22%
sweet,16.85%
autism,-6.52%
position,16.85%
comfort,157.07%
actions,-76.63%
chance,-29.89%
victim,-6.52%
sensitive,63.59%
Oh,-29.89%
twice,40.22%
staying,-6.52%
laughs,-6.52%
questions,-6.52%
SO,-6.52%
capable,40.22%
parent,40.22%
Usually,-53.26%
war,-53.26%
trash,-76.63%
movies,-76.63%
rant,-6.52%
routine,-6.52%
lived,40.22%
light,16.85%
shame,-53.26%
members,-6.52%
deeply,-6.52%
improve,-29.89%
screaming,16.85%
annoyed,-53.26%
flashback,-53.26%
chores,-76.63%
brushed,-76.63%
confusion,-76.63%
Everyday,-6.52%
drop,-53.26%
coward,-53.26%
allow,-76.63%
choose,63.59%
kicked,16.85%
asshole,-29.89%
respond,40.22%
chore,-76.63%
OCD,-29.89%
bridge,-29.89%
blow,-6.52%
23,-6.52%
plans,40.22%
basic,40.22%
chat,16.85%
moms,-53.26%
country,110.33%
line,-53.26%
inconvenience,-6.52%
daydreaming,-53.26%
assignments,-53.26%
uncomfortable,63.59%
send,16.85%
YOUR,-53.26%
yell,-76.63%
mention,40.22%
terrified,-6.52%
grades,-76.63%
phase,-53.26%
closest,-29.89%
clearly,-53.26%
remind,-6.52%
drowning,16.85%
shot,-53.26%
known,-29.89%
pull,-53.26%
ashamed,-76.63%
beautiful,86.96%
hospital,203.81%
opening,-6.52%
silent,-76.63%
fully,16.85%
disgusted,-29.89%
HATE,-76.63%
driving,16.85%
kms,-29.89%
Last,-6.52%
Should,86.96%
sober,-29.89%
Anxiety,-53.26%
tips,-53.26%
holiday,-53.26%
weekends,-53.26%
hands,40.22%
slept,40.22%
Help,16.85%
marriage,40.22%
accidentally,-53.26%
amount,40.22%
student,110.33%
overcome,16.85%
spiral,-53.26%
2020,-6.52%
looks,157.07%
seeking,40.22%
SHE,-76.63%
explode,-6.52%
podcast,-76.63%
weed,9.06%
deleted,-72.74%
dogs,-18.21%
Wish,63.59%
14,9.06%
tasks,-45.47%
Ive,36.32%
id,-18.21%
Two,9.06%
sat,9.06%
swings,-45.47%
WANT,-72.74%
socialize,-18.21%
shake,-72.74%
smoking,-18.21%
refuse,-45.47%
following,-72.74%
snap,-45.47%
asks,9.06%
rid,9.06%
properly,36.32%
antidepressants,-18.21%
easy,227.18%
nowhere,36.32%
closer,36.32%
holding,-18.21%
bringing,-18.21%
endless,90.85%
Since,199.91%
simple,36.32%
diagnosis,-72.74%
Anyway,-18.21%
isolate,-72.74%
possibly,-18.21%
Did,-18.21%
ate,9.06%
decline,-45.47%
rock,-72.74%
opened,9.06%
desperate,-72.74%
connection,145.38%
freak,9.06%
deteriorating,-72.74%
posted,-45.47%
jail,-45.47%
mirror,90.85%
emptiness,-45.47%
struggles,-45.47%
hygiene,-72.74%
fade,-72.74%
Loneliness,9.06%
language,-45.47%
fast,-18.21%
quickly,-18.21%
Anything,-45.47%
alcohol,-45.47%
hatred,9.06%
goddamn,-72.74%
shaking,-45.47%
disturbing,-72.74%
19,145.38%
company,63.59%
confident,-72.74%
proud,9.06%
meeting,36.32%
incredibly,36.32%
reaction,-45.47%
significant,-45.47%
TW,-45.47%
focused,9.06%
assume,9.06%
dunno,-72.74%
FUCK,-45.47%
actively,-18.21%
liked,9.06%
stays,-72.74%
bitch,9.06%
page,-72.74%
date,36.32%
particularly,-72.74%
passed,-18.21%
apart,36.32%
passion,-72.74%
affection,63.59%
torture,118.12%
triggering,-18.21%
illnesses,63.59%
term,-45.47%
train,-72.74%
potential,-45.47%
Being,118.12%
Good,-45.47%
becoming,9.06%
hated,9.06%
kick,-45.47%
letting,63.59%
clothes,-18.21%
effect,-72.74%
average,-45.47%
bottom,-45.47%
tend,-18.21%
reasons,63.59%
received,9.06%
current,90.85%
psychiatrist,90.85%
interacting,36.32%
forced,36.32%
cruel,9.06%
wishing,9.06%
boredom,-72.74%
40,9.06%
symptoms,-18.21%
thru,9.06%
stops,-45.47%
create,-72.74%
breaks,36.32%
Where,-45.47%
Feeling,118.12%
friendships,9.06%
interesting,-18.21%
math,-18.21%
pandemic,36.32%
DO,-45.47%
including,9.06%
news,118.12%
crap,63.59%
worrying,-72.74%
desperately,-72.74%
starts,63.59%
interact,-45.47%
stomach,63.59%
allowed,145.38%
response,63.59%
details,-18.21%
spending,-45.47%
blocked,-72.74%
brief,-45.47%
finished,-45.47%
normally,36.32%
recognize,9.06%
jokes,9.06%
chair,-45.47%
began,63.59%
stressful,-45.47%
strangers,-34.56%
enjoying,-67.28%
ground,-1.85%
expensive,-1.85%
bridges,-34.56%
laptop,-67.28%
nights,63.59%
sh,30.87%
Been,-1.85%
27,63.59%
treatment,30.87%
Living,-1.85%
followed,-1.85%
loop,-34.56%
walks,-34.56%
JUST,-34.56%
coworkers,96.31%
non,30.87%
convinced,96.31%
throat,-67.28%
eye,-34.56%
biggest,-1.85%
generally,96.31%
treat,63.59%
beginning,63.59%
threatened,30.87%
weekend,129.02%
across,30.87%
punished,-67.28%
Eventually,-34.56%
shoot,-67.28%
communication,-67.28%
everytime,-34.56%
emotion,63.59%
Thanks,96.31%
setting,-67.28%
conscious,-67.28%
groups,63.59%
Anyways,-1.85%
period,63.59%
contemplating,-34.56%
Who,161.74%
changing,30.87%
medications,-34.56%
His,30.87%
join,30.87%
household,63.59%
Yeah,-34.56%
manipulative,-67.28%
texts,63.59%
helpful,-67.28%
hitting,30.87%
threw,-1.85%
tho,30.87%
mistake,-1.85%
blood,30.87%
grade,-1.85%
convince,-34.56%
DAE,-67.28%
remembered,-1.85%
shocked,-34.56%
frustrated,30.87%
casual,-34.56%
terms,96.31%
follow,-67.28%
battle,-67.28%
likely,227.18%
recent,-1.85%
dated,-67.28%
military,325.33%
Yes,-34.56%
Dad,-34.56%
opinions,-34.56%
humans,-34.56%
mistakes,-67.28%
Would,63.59%
vacation,30.87%
opposite,30.87%
disorder,-1.85%
draining,-1.85%
considering,-67.28%
decent,-1.85%
religious,-1.85%
tied,30.87%
overwhelming,30.87%
ambitions,-67.28%
result,30.87%
agreed,-67.28%
proper,-1.85%
definitely,30.87%
afterwards,-1.85%
Especially,-1.85%
begin,-34.56%
bf,129.02%
pray,30.87%
ambition,-1.85%
solution,194.46%
chronic,96.31%
children,161.74%
habit,-67.28%
Friends,-34.56%
violent,-34.56%
truth,-1.85%
dude,30.87%
Everytime,63.59%
Tired,227.18%
Long,-34.56%
special,-1.85%
summer,-1.85%
Advice,-67.28%
traumatized,-34.56%
continues,30.87%
test,-34.56%
embarrassed,-34.56%
fell,30.87%
Here,-34.56%
romantic,-1.85%
motions,-34.56%
theres,-34.56%
building,-1.85%
closed,-34.56%
glad,-1.85%
pills,227.18%
alot,-34.56%
kiss,-67.28%
grew,-34.56%
YEARS,-67.28%
bullied,-67.28%
regret,-1.85%
sentences,-67.28%
processing,-67.28%
exam,-67.28%
assaulted,129.02%
Your,-34.56%
mouth,30.87%
Almost,-34.56%
saved,-67.28%
walls,-34.56%
realizing,-34.56%
existed,-34.56%
spot,-34.56%
boss,-34.56%
town,-34.56%
slipping,-67.28%
standing,-67.28%
sharing,-34.56%
son,358.05%
Going,30.87%
sentence,-67.28%
learning,-67.28%
hey,-34.56%
crisis,-1.85%
zone,-34.56%
Her,-1.85%
floating,-34.56%
courage,63.59%
task,-34.56%
committed,129.02%
power,-1.85%
understands,63.59%
block,-1.85%
sign,-67.28%
schedule,63.59%
Either,-34.56%
positivity,-67.28%
owe,-67.28%
Got,-34.56%
comments,30.87%
breathing,-1.85%
brains,-67.28%
typing,-34.56%
recover,-1.85%
cheating,30.87%
financially,-34.56%
draw,-67.28%
exhaustion,-67.28%
drugs,161.74%
Lately,30.87%
stories,-1.85%
gained,-67.28%
helpless,-67.28%
double,-34.56%
weight,129.02%
unfortunately,63.59%
kicking,-34.56%
semester,-34.56%
context,-34.56%
answers,63.59%
cost,-34.56%
neglect,-34.56%
therapists,-34.56%
Therapy,63.59%
streets,-34.56%
med,63.59%
grandma,30.87%
counting,-67.28%
kills,63.59%
depressing,96.31%
Honestly,63.59%
natural,-59.10%
invited,-59.10%
arent,22.69%
fired,63.59%
hobby,-59.10%
burning,-59.10%
decade,63.59%
dependent,-59.10%
rooms,-18.21%
lockdown,-59.10%
damaged,-59.10%
faking,63.59%
action,63.59%
nightmare,308.97%
noise,-18.21%
insomnia,22.69%
genuine,22.69%
Right,-18.21%
number,145.38%
strange,-59.10%
permanent,186.28%
Ever,63.59%
apps,-18.21%
Hell,-18.21%
distant,22.69%
dropped,-59.10%
affect,-59.10%
epilepsy,-18.21%
alcoholic,63.59%
yrs,-59.10%
intelligence,-59.10%
responded,22.69%
count,63.59%
achieve,145.38%
appetite,-18.21%
throughout,227.18%
Things,145.38%
activity,63.59%
poor,22.69%
ton,22.69%
judge,-18.21%
opinion,-18.21%
opportunity,-18.21%
rambling,-59.10%
graduate,-59.10%
jealous,145.38%
shooting,-18.21%
vanish,-59.10%
entirely,63.59%
filled,63.59%
picking,-18.21%
related,22.69%
knife,22.69%
shoulder,-59.10%
useful,-59.10%
suffered,-59.10%
avoiding,22.69%
bunch,63.59%
report,-18.21%
card,22.69%
prepare,-59.10%
passing,-18.21%
unlovable,104.48%
connections,22.69%
anytime,22.69%
Before,-59.10%
Knowing,-59.10%
coffee,-18.21%
prison,-59.10%
naturally,145.38%
business,-18.21%
rotting,-59.10%
brothers,-59.10%
Hello,-18.21%
freaked,22.69%
blame,145.38%
react,-59.10%
comment,22.69%
brave,22.69%
meaningful,-18.21%
lies,-59.10%
city,145.38%
stable,22.69%
BECAUSE,-59.10%
view,-59.10%
arguments,-18.21%
argument,22.69%
sobbing,22.69%
stronger,-18.21%
depend,-18.21%
ghost,22.69%
harsh,-18.21%
touched,-59.10%
insecure,-59.10%
worries,-59.10%
31,-59.10%
socializing,-59.10%
breathe,227.18%
frequently,22.69%
loose,63.59%
blur,104.48%
grow,63.59%
circle,-18.21%
consequences,-18.21%
laundry,-59.10%
freaking,63.59%
Alone,-18.21%
alarm,-59.10%
raised,63.59%
detail,-59.10%
crushing,-18.21%
Too,-59.10%
tbh,-18.21%
figured,-18.21%
quarantine,22.69%
acknowledge,-59.10%
rot,-59.10%
divorced,268.07%
promise,63.59%
Recently,22.69%
immediate,-59.10%
22,22.69%
inner,22.69%
spring,-59.10%
randomly,104.48%
weirdo,-59.10%
AM,22.69%
MYSELF,-59.10%
session,-18.21%
perspective,-59.10%
appreciated,22.69%
minimum,-59.10%
majority,63.59%
danger,-59.10%
list,104.48%
local,104.48%
texted,145.38%
Basically,-18.21%
uni,-59.10%
bathroom,63.59%
minor,22.69%
officially,-59.10%
subconsciously,-59.10%
humor,-59.10%
Jesus,-59.10%
explaining,-18.21%
33,-18.21%
Currently,-59.10%
spoke,-59.10%
solve,22.69%
delusional,22.69%
rocks,-18.21%
gaslighting,22.69%
texting,-59.10%
threatens,-18.21%
pretending,-18.21%
caught,-18.21%
repulsive,-59.10%
calls,22.69%
sink,-18.21%
guts,22.69%
someday,-18.21%
sudden,22.69%
counselor,104.48%
kidding,-18.21%
return,22.69%
excuses,-18.21%
bipolar,-18.21%
flipped,-59.10%
raging,-59.10%
gift,-59.10%
barley,-59.10%
habits,63.59%
dare,-18.21%
ruining,22.69%
awareness,-18.21%
Ugh,63.59%
episodes,63.59%
enter,22.69%
disappointed,227.18%
patch,-59.10%
throw,22.69%
roommate,63.59%
papers,-59.10%
essentially,-59.10%
silly,63.59%
abandoned,63.59%
Once,63.59%
baby,145.38%
responsibilities,-59.10%
gotta,-18.21%
air,-59.10%
drained,63.59%
scars,22.69%
slightly,-59.10%
matters,63.59%
New,-18.21%
11,63.59%
supportive,104.48%
track,-59.10%
intense,104.48%
financial,22.69%
bare,-59.10%
behavior,104.48%
specific,63.59%
skin,-18.21%
Back,22.69%
2018,-59.10%
pin,-59.10%
sooner,-59.10%
wont,22.69%
suggestions,63.59%
letter,-59.10%
intimacy,104.48%
annoy,22.69%
steps,63.59%
heal,104.48%
taste,-59.10%
parts,-59.10%
cats,-18.21%
apathetic,-59.10%
temporary,227.18%
version,-18.21%
YouTube,-18.21%
laughing,104.48%
obvious,-18.21%
MY,145.38%
tough,22.69%
couch,22.69%
drives,-59.10%
wished,145.38%
sell,-59.10%
corner,22.69%
childish,104.48%
deeper,104.48%
became,104.48%
Roe,-18.21%
Wade,-18.21%
Doing,-59.10%
secretary,-59.10%
These,104.48%
wreck,-18.21%
anhedonia,-18.21%
ideas,104.48%
videogames,22.69%
believes,227.18%
enjoyed,9.06%
topic,9.06%
distraction,-45.47%
roof,9.06%
surrounded,-45.47%
debt,-45.47%
quitting,-45.47%
contacts,9.06%
Worst,9.06%
WHY,63.59%
consistent,-45.47%
watched,172.65%
Suicide,63.59%
tricks,9.06%
dull,-45.47%
poorly,-45.47%
hopes,9.06%
clock,63.59%
ignored,227.18%
office,63.59%
stresses,9.06%
attend,-45.47%
believing,9.06%
Still,118.12%
believed,9.06%
26,118.12%
sexually,63.59%
cutting,118.12%
slit,-45.47%
abt,9.06%
luck,-45.47%
scare,63.59%
regularly,-45.47%
peaceful,9.06%
inability,118.12%
bullying,9.06%
security,63.59%
includes,-45.47%
occasional,9.06%
During,9.06%
sake,63.59%
Thursday,9.06%
threatening,9.06%
stability,-45.47%
requires,-45.47%
seizure,-45.47%
pushed,118.12%
unsure,9.06%
disappointment,9.06%
hardest,118.12%
overly,172.65%
careful,63.59%
races,-45.47%
specifically,-45.47%
white,281.71%
therefore,9.06%
spirit,-45.47%
shelter,-45.47%
severely,118.12%
spouse,9.06%
moods,-45.47%
basis,-45.47%
lied,63.59%
identify,9.06%
Another,9.06%
beauty,9.06%
Again,9.06%
existential,-45.47%
curse,9.06%
Really,118.12%
survived,-45.47%
34,-45.47%
ceiling,9.06%
paying,118.12%
row,172.65%
hung,-45.47%
six,63.59%
noone,-45.47%
disconnected,63.59%
suffocating,63.59%
despair,9.06%
Probably,-45.47%
road,-45.47%
mask,-45.47%
Thinking,9.06%
fate,-45.47%
aware,-45.47%
shopping,9.06%
Completely,-45.47%
street,-45.47%
infuriating,-45.47%
humorous,-45.47%
venting,118.12%
Lonely,227.18%
discipline,-45.47%
balls,118.12%
Might,-45.47%
dm,-45.47%
kindness,9.06%
Instagram,-45.47%
vision,-45.47%
talkative,-45.47%
universe,-45.47%
Talking,-45.47%
disrespectful,-45.47%
accident,9.06%
ig,-45.47%
plus,-45.47%
academics,9.06%
academic,-45.47%
communicate,63.59%
goal,-45.47%
slightest,-45.47%
unalive,-45.47%
opportunities,-45.47%
initiate,9.06%
loosing,9.06%
......,-45.47%
cuz,227.18%
comprehend,9.06%
pulled,63.59%
OK,-45.47%
leg,172.65%
rarely,63.59%
devastated,9.06%
crippling,118.12%
highschool,-45.47%
psych,118.12%
ward,63.59%
injury,9.06%
slapped,-45.47%
stairs,-45.47%
supporting,9.06%
lights,-45.47%
paycheck,118.12%
repeating,-45.47%
throwaway,-45.47%
terrifying,-45.47%
campus,9.06%
dealt,9.06%
snapped,9.06%
obsessed,-45.47%
consider,-45.47%
worthy,118.12%
total,9.06%
acts,172.65%
Imagine,63.59%
Disorder,63.59%
ideation,63.59%
clue,-45.47%
birth,118.12%
advise,63.59%
responsibility,9.06%
disease,227.18%
cure,-45.47%
hormones,-45.47%
admitted,63.59%
must,281.71%
fair,118.12%
cloud,-45.47%
Pretty,-45.47%
paid,63.59%
offer,9.06%
shes,-45.47%
SHIT,-45.47%
ride,9.06%
March,-45.47%
28,-45.47%
mix,-45.47%
horny,-45.47%
gross,-45.47%
nothingness,9.06%
bottle,118.12%
previous,63.59%
risk,-45.47%
collapse,-45.47%
minds,-45.47%
nearly,172.65%
garbage,-45.47%
Me,172.65%
spiraling,9.06%
teacher,-45.47%
laughed,172.65%
promised,-45.47%
update,-45.47%
dirty,9.06%
unconscious,-45.47%
wasnt,-45.47%
image,-45.47%
massive,-45.47%
books,-45.47%
crave,-45.47%
views,63.59%
difficulty,-45.47%
needing,9.06%
however,63.59%
bothered,-45.47%
stopping,118.12%
answer,172.65%
allI,-45.47%
attempts,9.06%
99%,9.06%
included,-45.47%
pieces,118.12%
prefer,172.65%
hits,-45.47%
continuing,9.06%
username,-45.47%
instantly,118.12%
disliked,-45.47%
supports,-45.47%
priority,-45.47%
stage,63.59%
nowadays,-45.47%
messages,9.06%
levels,-45.47%
Having,9.06%
Dealing,9.06%
senior,9.06%
paralyzed,-45.47%
nature,9.06%
responses,-45.47%
masking,-45.47%
charge,-45.47%
settle,-45.47%
Damn,-45.47%
flowers,9.06%
pretended,9.06%
dementia,-45.47%
drama,118.12%
20s,118.12%
Afraid,9.06%
introverted,-45.47%
socially,63.59%
frequent,9.06%
downs,9.06%
nasty,9.06%
strength,118.12%
Hopefully,63.59%
expecting,63.59%
ur,9.06%
youre,-45.47%
Boyfriend,9.06%
source,9.06%
fixed,118.12%
condition,-45.47%
chaotic,-45.47%
hopefully,-45.47%
psychologist,9.06%
ups,9.06%
cursed,63.59%
Shit,9.06%
unbelievably,9.06%
seek,-45.47%
prisoner,-45.47%
DIE,-45.47%
ANYMORE,-45.47%
develop,-45.47%
willing,172.65%
judgement,-45.47%
blocking,-45.47%
distance,281.71%
although,9.06%
cops,118.12%
exercise,63.59%
waited,63.59%
stab,9.06%
capacity,-45.47%
2021,9.06%
showed,63.59%
overweight,-45.47%
internet,118.12%
creep,63.59%
comforting,118.12%
chemicals,-45.47%
consent,9.06%
hollow,-45.47%
Truly,-45.47%
methods,9.06%
unmotivated,9.06%
Remember,-45.47%
beach,-45.47%
amnesia,-45.47%
reminded,63.59%
successful,118.12%
distressed,-45.47%
rush,-45.47%
male,445.29%
surprise,9.06%
destroying,-45.47%
fed,9.06%
--,9.06%
About,63.59%
couples,9.06%
kissing,9.06%
knowledge,-45.47%
uncontrollable,-45.47%
factor,-45.47%
subreddit,390.76%
mechanism,-45.47%
upon,9.06%
confidence,63.59%
complaining,9.06%
Isn,9.06%
bright,118.12%
kitchen,63.59%
hi,172.65%
tight,172.65%
complain,-45.47%
stages,-45.47%
stick,63.59%
animals,9.06%
shock,63.59%
lasts,9.06%
yr,63.59%
occasionally,-45.47%
unwanted,-45.47%
hating,-45.47%
lunch,118.12%
built,-45.47%
homework,-45.47%
checking,-45.47%
pleasure,-45.47%
begins,-45.47%
decisions,9.06%
paramedics,9.06%
cheated,9.06%
large,-45.47%
healing,-45.47%
agony,-45.47%
tragic,63.59%
fantasize,118.12%
2022,9.06%
happier,9.06%
DONT,-45.47%
HER,-45.47%
EVERYONE,9.06%
WHAT,-45.47%
imagining,9.06%
passive,-45.47%
floor,9.06%
cognition,9.06%
Yet,227.18%
100,-45.47%
sorta,-45.47%
shotgun,9.06%
50,9.06%
washed,-45.47%
bills,63.59%
ongoing,-45.47%
manipulating,-45.47%
chill,118.12%
challenge,-45.47%
While,63.59%
anguish,-45.47%
fantasy,-45.47%
sand,9.06%
hot,63.59%
panicking,9.06%
skill,9.06%
baggy,9.06%
afternoon,9.06%
hallucinations,-45.47%
tunnel,9.06%
shouting,9.06%
shutting,9.06%
disorders,-45.47%
occurred,-45.47%
unhealthy,118.12%
peacefully,63.59%
assault,63.59%
sugar,63.59%
parties,63.59%
befriend,9.06%
concentration,9.06%
results,-18.21%
relatives,-18.21%
solitude,-18.21%
schoolmates,-18.21%
youth,-18.21%
socialising,-18.21%
discussed,63.59%
income,145.38%
envious,-18.21%
settings,-18.21%
somewhat,390.76%
adulthood,-18.21%
burned,145.38%
hospitalized,145.38%
excluded,-18.21%
violently,-18.21%
internal,-18.21%
posts,308.97%
announced,-18.21%
OUR,-18.21%
drifting,-18.21%
anime,63.59%
compared,145.38%
showering,-18.21%
facility,63.59%
wear,-18.21%
tea,-18.21%
Empty,-18.21%
fleeting,-18.21%
complicated,63.59%
friendly,-18.21%
perfect,308.97%
Vent,-18.21%
creates,-18.21%
false,-18.21%
dropping,-18.21%
progress,-18.21%
Getting,-18.21%
led,63.59%
provide,145.38%
circumstances,145.38%
introvert,-18.21%
Kinda,-18.21%
3rd,63.59%
mourning,63.59%
anniversary,63.59%
faith,-18.21%
racist,145.38%
Black,-18.21%
Instead,145.38%
accepting,-18.21%
doubled,-18.21%
goodbye,390.76%
abuser,227.18%
numbness,63.59%
bland,-18.21%
Christ,-18.21%
destructive,63.59%
decades,145.38%
disappeared,63.59%
disabled,227.18%
overtime,-18.21%
sending,-18.21%
literal,63.59%
bomb,-18.21%
siblings,63.59%
providing,-18.21%
emailed,63.59%
hall,-18.21%
Anytime,-18.21%
interview,308.97%
roller,63.59%
fullest,-18.21%
compliment,-18.21%
five,63.59%
succeed,-18.21%
wild,145.38%
restaurant,63.59%
smoke,145.38%
Looking,-18.21%
embarrassing,-18.21%
fantasies,-18.21%
lowest,-18.21%
slut,-18.21%
headaches,145.38%
listened,145.38%
animal,-18.21%
whats,-18.21%
punched,227.18%
screamed,227.18%
cookies,-18.21%
beating,63.59%
finds,63.59%
path,63.59%
KMS,-18.21%
blanket,-18.21%
Apologies,-18.21%
Wow,-18.21%
instant,-18.21%
continuously,-18.21%
Seeing,145.38%
pure,63.59%
impact,-18.21%
stranger,227.18%
starved,63.59%
fantasizing,63.59%
binging,-18.21%
piss,63.59%
goto,-18.21%
demons,-18.21%
website,145.38%
lady,63.59%
reactions,-18.21%
cook,63.59%
trend,-18.21%
littlest,63.59%
irritable,63.59%
impacted,-18.21%
complex,145.38%
safely,-18.21%
addiction,63.59%
uninteresting,-18.21%
grief,145.38%
BUT,63.59%
require,63.59%
ck,-18.21%
companion,-18.21%
surprised,145.38%
frankly,63.59%
meantime,-18.21%
100%,227.18%
dick,63.59%
urges,145.38%
furious,63.59%
slaps,227.18%
lift,-18.21%
weights,-18.21%
becomes,145.38%
Went,63.59%
nearby,-18.21%
effects,308.97%
Sleeping,63.59%
considered,227.18%
cleaning,-18.21%
tests,-18.21%
entrance,-18.21%
throwing,63.59%
grateful,63.59%
Constant,-18.21%
attracted,-18.21%
arms,-18.21%
enthusiasm,-18.21%
toward,-18.21%
6th,-18.21%
endure,-18.21%
yk,63.59%
answered,-18.21%
lover,63.59%
overdose,-18.21%
female,472.56%
crash,227.18%
appears,-18.21%
uncontrollably,-18.21%
schizophrenia,63.59%
sickening,63.59%
fundamentally,145.38%
sisters,-18.21%
Sick,-18.21%
BEING,-18.21%
TIRED,-18.21%
EVERYTHING,-18.21%
realised,145.38%
intimate,63.59%
repressed,-18.21%
picture,227.18%
twisted,-18.21%
lash,-18.21%
receive,63.59%
harming,63.59%
sun,63.59%
resources,-18.21%
liar,227.18%
rejection,-18.21%
imagined,-18.21%
pulling,63.59%
Society,-18.21%
huh,-18.21%
talents,-18.21%
unpleasant,-18.21%
smell,-18.21%
dinner,-18.21%
stepping,-18.21%
cameras,-18.21%
truck,308.97%
Didn,145.38%
encouragement,63.59%
Friday,145.38%
Much,-18.21%
arm,-18.21%
pits,-18.21%
prevent,-18.21%
noticing,145.38%
esteem,-18.21%
til,-18.21%
Whatever,-18.21%
uneasy,-18.21%
crashing,-18.21%
ounce,-18.21%
willpower,-18.21%
planned,63.59%
peers,-18.21%
acted,145.38%
lower,145.38%
symptom,63.59%
Many,-18.21%
drag,-18.21%
dry,-18.21%
training,-18.21%
boundaries,-18.21%
glance,-18.21%
cars,-18.21%
box,63.59%
Crying,-18.21%
difference,145.38%
timeline,-18.21%
international,-18.21%
hotline,308.97%
burn,-18.21%
betrayed,63.59%
chose,63.59%
parade,-18.21%
absurd,-18.21%
cave,-18.21%
purposely,-18.21%
developed,63.59%
refusing,-18.21%
reasonable,63.59%
leads,-18.21%
haunt,-18.21%
insults,-18.21%
Seriously,63.59%
engage,227.18%
Writing,63.59%
record,63.59%
aggressive,-18.21%
notification,-18.21%
reply,-18.21%
dicks,-18.21%
nervous,63.59%
prescribed,63.59%
praised,-18.21%
particular,63.59%
regardless,-18.21%
Trying,227.18%
thread,-18.21%
states,145.38%
fam,-18.21%
tinnitus,63.59%
hopelessness,63.59%
credit,227.18%
reward,145.38%
freinds,63.59%
mindset,63.59%
rage,-18.21%
passions,-18.21%
enemy,-18.21%
autonomy,-18.21%
necessarily,63.59%
build,-18.21%
reflection,227.18%
strike,63.59%
sociopath,145.38%
whore,-18.21%
realization,308.97%
user,-18.21%
.....,227.18%
third,390.76%
among,-18.21%
shoved,-18.21%
GP,-18.21%
sequence,-18.21%
safety,63.59%
irritated,-18.21%
functioning,-18.21%
bath,63.59%
filed,-18.21%
Know,63.59%
brick,-18.21%
interaction,308.97%
virgin,-18.21%
award,-18.21%
deny,145.38%
nauseous,63.59%
uncertainty,-18.21%
blown,-18.21%
private,-18.21%
guarantee,63.59%
wide,-18.21%
pillow,63.59%
tiredI,-18.21%
blue,63.59%
Sad,63.59%
buried,63.59%
twitter,-18.21%
copy,-18.21%
monster,63.59%
immense,63.59%
appear,-18.21%
clinical,145.38%
stressing,63.59%
lmao,-18.21%
heavily,145.38%
pinpoint,-18.21%
relax,63.59%
CPTSD,-18.21%
2019,-18.21%
lead,63.59%
pm,227.18%
intake,-18.21%
degree,63.59%
created,145.38%
dumped,63.59%
drown,390.76%
cuts,-18.21%
cases,-18.21%
noose,-18.21%
pretends,63.59%
highlight,-18.21%
LIFE,145.38%
songs,-18.21%
60,145.38%
accused,390.76%
evidence,-18.21%
heartbreaking,145.38%
worsening,63.59%
cuddle,227.18%
REALLY,-18.21%
LIKE,-18.21%
Lexapro,-18.21%
independently,-18.21%
vulnerable,390.76%
deserves,63.59%
standards,145.38%
nighter,-18.21%
darker,-18.21%
October,63.59%
fill,227.18%
blamed,145.38%
students,-18.21%
obese,-18.21%
instagram,-18.21%
darkness,-18.21%
Nightmares,-18.21%
momentarily,-18.21%
value,145.38%
relapsing,-18.21%
patterns,63.59%
rejects,-18.21%
Facebook,-18.21%
medicine,63.59%
affirmation,-18.21%
per,-18.21%
riding,-18.21%
project,-18.21%
burnt,308.97%
olds,-18.21%
scene,-18.21%
desires,63.59%
trace,63.59%
ignores,227.18%
punish,-18.21%
giant,-18.21%
hunger,-18.21%
uncertain,63.59%
borderline,63.59%
reminding,-18.21%
cover,-18.21%
warning,145.38%
socials,63.59%
stalking,-18.21%
hag,-18.21%
favor,-18.21%
weakness,63.59%
Ex,308.97%
Although,63.59%
communicating,-18.21%
faked,-18.21%
overdosing,-18.21%
grandpa,-18.21%
unblocked,-18.21%
bill,-18.21%
havent,-18.21%
shy,63.59%
Wife,63.59%
challenged,-18.21%
uses,-18.21%
CANT,145.38%
compare,-18.21%
2.5,-18.21%
destroy,-18.21%
aspergers,-18.21%
improved,-18.21%
Meds,-18.21%
speaks,-18.21%
stings,-18.21%
dramatic,63.59%
shaken,-18.21%
lines,-18.21%
fulfilling,-18.21%
powerful,-18.21%
backwards,-18.21%
kinds,63.59%
zombie,-18.21%
Canada,-18.21%
fantastic,-18.21%
cake,-18.21%
doors,-18.21%
stood,145.38%
distress,-18.21%
burns,-18.21%
storm,-18.21%
dissatisfied,-18.21%
reduced,-18.21%
identity,-18.21%
worn,-18.21%
problematic,-18.21%
whilst,227.18%
Called,63.59%
custody,-18.21%
offering,-18.21%
contributed,-18.21%
court,308.97%
wooden,-18.21%
collapsed,-18.21%
IM,63.59%
flipping,-18.21%
bitter,-18.21%
race,-18.21%
breath,145.38%
Will,554.35%
flip,-18.21%
committing,63.59%
ostracized,145.38%
Always,63.59%
heaven,-18.21%
respect,-18.21%
drain,145.38%
crowd,63.59%
mentions,63.59%
happily,-18.21%
sympathy,63.59%
cracked,-18.21%
29,63.59%
mildly,-18.21%
apply,227.18%
limited,-18.21%
placed,-18.21%
square,-18.21%
ghosted,227.18%
madness,-18.21%
wrists,-18.21%
melt,-18.21%
Effexor,-18.21%
attacked,63.59%
passionate,-18.21%
interacts,-18.21%
destined,227.18%
sinking,63.59%
pressure,472.56%
main,-18.21%
Plus,63.59%
hopeful,145.38%
speed,-18.21%
disassociation,-18.21%
discovered,-18.21%
workers,145.38%
mins,-18.21%
thin,-18.21%
dishes,-18.21%
Feels,145.38%
WANTED,-18.21%
diet,145.38%
repair,-18.21%
toll,-18.21%
odd,63.59%
curious,63.59%
chronically,308.97%
conditions,63.59%
ONLY,63.59%
address,-18.21%
Wednesday,63.59%
cancer,63.59%
sought,63.59%
art,-18.21%
Idc,-18.21%
unbearable,63.59%
oblivious,63.59%
sexual,308.97%
virus,-18.21%
reminder,-18.21%
ca,63.59%
dwell,-18.21%
Years,-18.21%
twenty,63.59%
overreacting,63.59%
mandatory,63.59%
PEOPLE,-18.21%
horror,-18.21%
youI,-18.21%
fire,227.18%
bull,145.38%
key,-18.21%
signing,-18.21%
swimming,-18.21%
insurance,-18.21%
Working,-18.21%
DEFINITELY,63.59%
EVERYDAY,63.59%
unattractive,145.38%
character,227.18%
Medication,63.59%
button,145.38%
ruins,63.59%
urgently,63.59%
accusing,63.59%
flooding,63.59%
backstabbed,63.59%
closing,227.18%
assuming,63.59%
appearance,63.59%
professor,63.59%
degrees,145.38%
edge,227.18%
underweight,63.59%
housing,63.59%
manipulation,472.56%
inevitable,227.18%
feeding,63.59%
tube,63.59%
unfair,472.56%
ugliest,63.59%
tiktok,63.59%
devil,63.59%
compulsions,63.59%
socialization,145.38%
arise,63.59%
despises,63.59%
darkest,63.59%
weighs,63.59%
unknowns,63.59%
medium,-18.21%
mountain,63.59%
climb,63.59%
std,63.59%
thud,63.59%
activities,63.59%
fucks,63.59%
aspects,63.59%
wherever,63.59%
Uni,63.59%
divert,63.59%
member,63.59%
grandmother,227.18%
picked,63.59%
abusers,63.59%
written,227.18%
headed,63.59%
sertraline,227.18%
homeschooled,63.59%
legs,63.59%
brown,63.59%
excitement,63.59%
indeed,390.76%
shall,63.59%
threats,63.59%
hoarder,63.59%
destruction,63.59%
Guys,390.76%
community,390.76%
Left,63.59%
closure,63.59%
BPD,63.59%
breakup,63.59%
Psychosis,63.59%
tremendously,63.59%
suffers,63.59%
enjoys,227.18%
bliss,63.59%
processes,63.59%
forms,63.59%
shared,554.35%
unhappy,227.18%
survivor,63.59%
ease,227.18%
outcome,63.59%
weary,63.59%
Mexican,227.18%
shattered,227.18%
vacations,227.18%
faded,63.59%
sees,63.59%
equation,63.59%
explicitly,63.59%
unsafe,63.59%
tense,63.59%
.......,63.59%
dressed,63.59%
hustle,63.59%
scam,63.59%
packed,63.59%
arrived,63.59%
noises,227.18%
deserved,63.59%
prick,63.59%
justify,63.59%
protect,227.18%
neutral,227.18%
English,63.59%
comforts,63.59%
comforted,63.59%
Such,227.18%
cousins,227.18%
notI,63.59%
racism,227.18%
escalated,63.59%
negatively,63.59%
subject,227.18%
rly,63.59%
prob,63.59%
background,390.76%
info,227.18%
dizzy,227.18%
header,63.59%
inherently,63.59%
repulsed,227.18%
environment,63.59%
whatnot,63.59%
burdening,63.59%
differently,63.59%
win,227.18%
prove,63.59%
prevents,63.59%
fatigued,63.59%
travel,554.35%
idc,63.59%
loneliest,63.59%
25m,63.59%
grab,63.59%
hugs,227.18%
hugging,63.59%
rape,390.76%
concept,63.59%
upstairs,63.59%
stared,63.59%
suggested,554.35%
vibes,63.59%
cancelled,63.59%
participated,63.59%
ultimately,227.18%
quote,554.35%
screwed,63.59%
hello,63.59%
lifeless,63.59%
humanity,63.59%
Those,227.18%
shouted,63.59%
narcissistic,554.35%
tantrum,63.59%
perfectly,390.76%
cell,63.59%
disappearing,63.59%
rapist,227.18%
elaborate,63.59%
Truth,63.59%
skip,63.59%
controlled,63.59%
500,63.59%
8th,63.59%
dosage,63.59%
ER,390.76%
defeated,227.18%
baseless,63.59%
Scared,227.18%
anti,63.59%
discord,227.18%
trans,717.94%
hangs,63.59%
replied,63.59%
HARD,63.59%
Problem,63.59%
OWN,63.59%
OUT,227.18%
WERE,63.59%
SHAPE,63.59%
Through,63.59%
waves,227.18%
Found,227.18%
recovered,63.59%
paragraph,63.59%
doubt,554.35%
outer,63.59%
labor,63.59%
M21,63.59%
Next,63.59%
mentioned,390.76%
waters,63.59%
Taking,63.59%
thisMy,227.18%
Giving,63.59%
150k,63.59%
1.5,63.59%
min,63.59%
LOT,63.59%
load,63.59%
Depressed,227.18%
frame,227.18%
pour,63.59%
culture,63.59%
catching,63.59%
guidance,390.76%
emergency,227.18%
humiliated,227.18%
heads,63.59%
tune,63.59%
Guess,227.18%
chickened,63.59%
emptying,63.59%
intentional,63.59%
precious,227.18%
available,227.18%
50%,63.59%
rain,63.59%
flow,227.18%
impressive,227.18%
impression,63.59%
Hes,227.18%
Lets,63.59%
atleast,227.18%
operate,63.59%
bleed,63.59%
rise,227.18%
nope,63.59%
LAZY,63.59%
counseling,227.18%
achieved,63.59%
insulted,63.59%
driven,63.59%
Update,63.59%
NSFW,227.18%
crime,554.35%
PO,63.59%
Therapist,227.18%
haha,63.59%
valley,63.59%
lord,63.59%
solo,63.59%
Time,227.18%
navigate,227.18%
outgoing,63.59%
relating,227.18%
numerous,63.59%
carve,63.59%
google,63.59%
pedo,63.59%
homeless,1535.88%
spite,63.59%
quotes,63.59%
freely,63.59%
trophy,63.59%
Hold,63.59%
exercising,63.59%
mainly,63.59%
nonverbal,63.59%
checked,390.76%
exes,227.18%
Zoom,63.59%
zoom,63.59%
ect,227.18%
directly,227.18%
joined,63.59%
vague,63.59%
Wondering,63.59%
gut,227.18%
workplace,63.59%
pack,63.59%
tipping,63.59%
LIVE,63.59%
Unfortunately,554.35%
seven,63.59%
reminds,554.35%
cooking,63.59%
psychology,63.59%
smallest,63.59%
Go,390.76%
CPS,63.59%
Shouldn,63.59%
rejected,227.18%
crumbling,63.59%
practically,227.18%
Divorce,227.18%
unloved,227.18%
KILL,63.59%
Real,63.59%
fianc,63.59%
wisdom,63.59%
cringe,63.59%
Hearing,63.59%
gay,390.76%
stunt,63.59%
CBT,63.59%
statement,63.59%
ice,63.59%
cream,63.59%
subs,63.59%
neglected,63.59%
journaling,227.18%
devoid,63.59%
claim,554.35%
sabotaging,63.59%
affair,227.18%
surgery,63.59%
disposable,63.59%
ego,63.59%
grieve,63.59%
articles,63.59%
ti,63.59%
privacy,554.35%
su,63.59%
individual,227.18%
damned,390.76%
official,63.59%
Dead,63.59%
Bruh,63.59%
defensive,63.59%
bday,227.18%
tracking,63.59%
Normally,63.59%
adore,63.59%
exclude,63.59%
absence,63.59%
Broken,63.59%
lasted,63.59%
items,63.59%
paper,390.76%
slap,63.59%
General,63.59%
affects,63.59%
slipped,63.59%
festering,63.59%
static,63.59%
2pm,63.59%
Each,227.18%
talented,63.59%
necessary,227.18%
Self,63.59%
distracting,63.59%
unknown,227.18%
doI,63.59%
upside,63.59%
careers,63.59%
healthier,63.59%
devastating,63.59%
rebuilding,63.59%
wuss,63.59%
manages,63.59%
land,63.59%
hint,63.59%
NEVER,63.59%
F23,63.59%
functional,63.59%
boundary,63.59%
meltdown,63.59%
swallowed,63.59%
handful,63.59%
dysfunctional,63.59%
contributing,63.59%
red,63.59%
messy,63.59%
glasses,63.59%
lacking,63.59%
declined,63.59%
apathy,63.59%
weather,63.59%
Suffering,63.59%
abnormal,63.59%
relatively,63.59%
mid,390.76%
relieved,63.59%
attached,227.18%
denial,63.59%
peer,63.59%
fiance,63.59%
wars,63.59%
favorite,63.59%
folks,554.35%
ACT,63.59%
reduce,63.59%
carrying,63.59%
deprived,63.59%
nanny,227.18%
raising,63.59%
treating,227.18%
hookups,63.59%
team,1045.12%
reaching,63.59%
improvement,227.18%
popular,390.76%
Toxic,63.59%
wrenching,227.18%
FB,63.59%
arises,63.59%
fairly,63.59%
disclaimer,63.59%
remain,227.18%
HELP,63.59%
joining,63.59%
separate,227.18%
research,227.18%
June,227.18%
involved,390.76%
remove,227.18%
stalk,63.59%
searching,227.18%
deadI,63.59%
expired,63.59%
antique,63.59%
illusion,63.59%
neither,63.59%
upsetI,63.59%
criticism,63.59%
mixed,63.59%
attitude,63.59%
whatsoever,227.18%
Halloween,227.18%
cps,63.59%
law,390.76%
chatter,63.59%
manager,227.18%
passes,63.59%
hesitant,63.59%
wondered,227.18%
Bad,63.59%
OVER,63.59%
ALWAYS,63.59%
fought,63.59%
grocery,63.59%
families,227.18%
pulse,63.59%
pounding,63.59%
offers,63.59%
singing,63.59%
entirety,63.59%
aches,227.18%
nurse,63.59%
traits,63.59%
aged,63.59%
alternative,63.59%
hellhole,63.59%
ocean,554.35%
blaming,63.59%
parenting,227.18%
grabs,63.59%
exploding,63.59%
knock,63.59%
bothers,63.59%
potentially,63.59%
violence,390.76%
offered,227.18%
extended,227.18%
fallen,227.18%
grown,390.76%
Listen,63.59%
soft,63.59%
crybaby,63.59%
king,63.59%
hostility,63.59%
Throughout,63.59%
cynical,63.59%
poverty,63.59%
noisy,63.59%
drove,554.35%
garage,63.59%
tangled,63.59%
negativity,63.59%
hiding,554.35%
WANNA,63.59%
WORLD,63.59%
upbeat,63.59%
Lost,227.18%
Was,390.76%
Emotional,63.59%
continued,63.59%
Haha,63.59%
meanwhile,227.18%
superficial,227.18%
dislike,390.76%
flushed,63.59%
denominator,63.59%
lacks,63.59%
38,63.59%
lease,390.76%
heat,63.59%
vitamin,63.59%
separated,227.18%
freaks,227.18%
recommend,227.18%
couldnt,63.59%
fentanyl,63.59%
2016,63.59%
gaming,227.18%
vs,63.59%
basket,63.59%
greater,63.59%
unintelligent,63.59%
hugged,227.18%
Male,63.59%
2023,63.59%
Covid,63.59%
ungrateful,227.18%
shrugged,63.59%
shoulders,227.18%
crushed,63.59%
blowing,227.18%
prompt,63.59%
verge,63.59%
ring,63.59%
healed,227.18%
ik,390.76%
spell,63.59%
journals,63.59%
co,63.59%
notes,390.76%
basics,63.59%
downhill,227.18%
90%,63.59%
occasion,227.18%
confronted,63.59%
shove,227.18%
tear,227.18%
naps,63.59%
sits,63.59%
validate,63.59%
WAS,63.59%
TOO,63.59%
grandparents,227.18%
grieving,227.18%
associated,63.59%
fulfillment,227.18%
messing,63.59%
contacted,390.76%
vehicle,63.59%
cheap,227.18%
partners,390.76%
continually,63.59%
song,63.59%
ghosting,227.18%
Relationships,63.59%
sanity,63.59%
Death,227.18%
certainly,390.76%
default,63.59%
maze,63.59%
virginity,63.59%
apology,63.59%
wellbutrin,63.59%
weighed,554.35%
english,227.18%
chosen,63.59%
humble,63.59%
happiest,227.18%
havoc,63.59%
commented,63.59%
Make,227.18%
incompatible,717.94%
REASON,63.59%
ALIVE,63.59%
plague,63.59%
www,227.18%
alright,227.18%
pls,63.59%
experimental,63.59%
program,63.59%
sickness,63.59%
dedicated,63.59%
rate,63.59%
bawling,227.18%
psychologists,717.94%
ticking,63.59%
abandon,227.18%
genuinly,63.59%
regard,63.59%
quirky,63.59%
anymoreFeeling,63.59%
celebrating,227.18%
penis,63.59%
Own,63.59%
Everywhere,63.59%
consequence,63.59%
melancholic,63.59%
Mods,63.59%
largely,63.59%
humour,63.59%
Thoughts,227.18%
injuries,63.59%
trashed,63.59%
alarms,63.59%
23M,63.59%
hotel,63.59%
May,227.18%
tiredHow,63.59%
nostalgic,63.59%
refuses,227.18%
acquaintances,227.18%
30s,63.59%
traumatize,63.59%
bout,63.59%
cheer,227.18%
WHEN,227.18%
USA,227.18%
handling,227.18%
magic,63.59%
pill,63.59%
outlet,63.59%
uninterested,63.59%
erupts,63.59%
attending,390.76%
dorm,63.59%
royally,63.59%
heartbreak,227.18%
miserably,63.59%
ends,554.35%
damaging,63.59%
deed,63.59%
Chronically,63.59%
wrecked,63.59%
adjust,63.59%
vowed,63.59%
incel,63.59%
irl,63.59%
Deeply,63.59%
chances,63.59%
surviving,554.35%
Christmas,554.35%
worker,63.59%
Saturday,227.18%
Sunday,717.94%
accurate,63.59%
rich,390.76%
GOING,63.59%
STAB,63.59%
STOMACH,63.59%
BLEED,63.59%
BED,63.59%
HEAD,63.59%
TAKE,63.59%
GETTING,63.59%
WORSE,63.59%
SORRY,63.59%
abducted,63.59%
aliens,63.59%
skinny,227.18%
talent,63.59%
underconfident,63.59%
14hr,63.59%
confide,63.59%
mature,63.59%
boggles,63.59%
WHILE,63.59%
UNDER,63.59%
INFLUENCE,63.59%
Absolutely,390.76%
SSRIs,63.59%
eyesight,63.59%
relations,63.59%
fcuked,63.59%
fcuking,63.59%
suffocate,63.59%
scarf,63.59%
tie,63.59%
knot,63.59%
loosen,63.59%
fights,63.59%
wonky,63.59%
overturned,63.59%
Supreme,63.59%
Court,63.59%
daze,63.59%
sus,63.59%
WHAATTT,63.59%
niece,227.18%
harvard,63.59%
blablabla,63.59%
SUBHUMANS,63.59%
slaving,227.18%
THESE,63.59%
minimal,63.59%
sneaks,63.59%
eVeRyOnE,63.59%
gOeS,63.59%
tHrOuGh,63.59%
dEpPrEsSiOn,63.59%
rE,63.59%
AlOnE,63.59%
sever,63.59%
jar,63.59%
cyanide,63.59%
Bull,63.59%
richer,63.59%
satisfaction,63.59%
complacent,63.59%
latest,63.59%
puke,227.18%
beats,63.59%
weirdly,63.59%
filth,63.59%
whiny,63.59%
Halfway,63.59%
hosting,63.59%
bridal,63.59%
price,554.35%
convos,63.59%
messaging,227.18%
patinate,63.59%
THEY,63.59%
ache,227.18%
skimboard,63.59%
toes,63.59%
teach,63.59%
lessons,63.59%
inspiring,63.59%
doen,63.59%
slows,63.59%
slowed,63.59%
covering,63.59%
organisation,63.59%
effectively,63.59%
changeI,63.59%
deprivation,63.59%
detective,63.59%
attacker,63.59%
formal,227.18%
enormity,63.59%
SA,554.35%
aftermath,63.59%
investigation,63.59%
panicky,63.59%
sexting,63.59%
cautious,63.59%
credentials,63.59%
iq,63.59%
49,63.59%
fcked,63.59%
motivational,63.59%
meditation,63.59%
disinterest,63.59%
friendless,63.59%
abruptly,63.59%
backhanded,63.59%
pisses,227.18%
bsf,63.59%
meI,63.59%
Fb,63.59%
dreamed,63.59%
journalist,63.59%
greeted,63.59%
Ah,227.18%
Videogames,63.59%
Reading,63.59%
bite,227.18%
bullet,227.18%
wimp,63.59%
resilient,554.35%
shittier,390.76%
generalising,63.59%
Holding,63.59%
saturday,63.59%
unsatisfied,63.59%
alter,63.59%
desired,227.18%
exact,717.94%
29yrs,63.59%
University,63.59%
researching,63.59%
graduated,554.35%
grad,63.59%
schools,227.18%
20f,63.59%
indulging,63.59%
outsider,63.59%
eternal,227.18%
assaulting,63.59%
Groundhog,63.59%
29yo,63.59%
Grew,63.59%
bachelors,63.59%
boards,63.59%
messes,63.59%
independency,63.59%
lovely,227.18%
curled,63.59%
nap,227.18%
Rest,227.18%
wacky,63.59%
approximately,63.59%
30kg,63.59%
fragile,227.18%
skeleton,63.59%
smokes,63.59%
illegal,63.59%
bench,63.59%
overbearing,63.59%
actor,63.59%
gaslight,63.59%
compounded,63.59%
dispensable,63.59%
Plato,63.59%
Entering,63.59%
permission,227.18%
library,63.59%
hoody,63.59%
trousers,63.59%
confirmed,63.59%
email,390.76%
quoted,63.59%
Xbox,63.59%
blackmail,63.59%
publish,63.59%
youtube,63.59%
viral,63.59%
threating,63.59%
UNDERSTANDS,63.59%
christmas,63.59%
nicest,63.59%
er,63.59%
normies,63.59%
finger,390.76%
escalates,63.59%
maladjusted,63.59%
responsible,227.18%
succumb,63.59%
typical,63.59%
Making,554.35%
remained,63.59%
daydreams,63.59%
esque,63.59%
flat,717.94%
ing,63.59%
prevented,63.59%
delete,63.59%
7x,63.59%
forest,227.18%
quality,63.59%
million,390.76%
transition,390.76%
unenjoyable,63.59%
evident,63.59%
Maladaptive,63.59%
Daydreams,63.59%
SAed,63.59%
situationship,63.59%
maladaptively,63.59%
invading,63.59%
interrupt,63.59%
sunny,63.59%
EMDR,63.59%
ART,63.59%
ish,227.18%
experimented,63.59%
cabin,63.59%
cloudy,63.59%
resolves,63.59%
Wild,63.59%
manipulated,227.18%
spinning,227.18%
toughts,63.59%
eatBeginning,63.59%
18M,63.59%
stemmed,63.59%
temporarily,63.59%
51,63.59%
haunted,227.18%
excursion,63.59%
paired,63.59%
declared,63.59%
partake,63.59%
idle,63.59%
NT,63.59%
veiled,63.59%
partition,63.59%
facebook,63.59%
topics,227.18%
Laying,63.59%
area,227.18%
snakes,63.59%
turtles,63.59%
soothing,63.59%
Tonight,390.76%
thermostat,63.59%
grabbed,227.18%
closets,63.59%
obsessions,63.59%
clearing,63.59%
adrenaline,63.59%
wrongI,63.59%
faliure,63.59%
teen,390.76%
anonymous,63.59%
booked,63.59%
snapping,63.59%
stolen,63.59%
8hours,63.59%
Bonding,63.59%
tightly,63.59%
loyal,63.59%
highly,227.18%
schoolwork,63.59%
isnt,390.76%
aimed,63.59%
rhe,63.59%
comllerely,63.59%
despise,227.18%
repeated,63.59%
secluded,63.59%
hardened,63.59%
butterfly,63.59%
wings,63.59%
violating,63.59%
classrooms,63.59%
bubbly,227.18%
fierce,63.59%
cptsd,227.18%
360,63.59%
HIS,63.59%
soup,63.59%
insult,227.18%
quicksand,63.59%
reveal,63.59%
shadows,227.18%
strangling,63.59%
Isolation,63.59%
loniless,227.18%
destroys,227.18%
deepest,63.59%
blackhole,63.59%
labored,63.59%
blurs,63.59%
demise,227.18%
diedDepression,63.59%
obsessively,63.59%
perpetual,63.59%
coaster,227.18%
Months,227.18%
boom,63.59%
remap,63.59%
aunties,63.59%
canceled,63.59%
professors,63.59%
surrounding,227.18%
uncertainties,63.59%
expressly,63.59%
ties,227.18%
untied,63.59%
cheat,227.18%
rest2023,63.59%
served,63.59%
NPC,63.59%
TLDR,63.59%
unimportant,227.18%
greatest,63.59%
Instant,63.59%
Worked,227.18%
Co,227.18%
gossip,390.76%
points,63.59%
feedback,390.76%
junior,63.59%
developer,63.59%
sized,63.59%
repercussions,63.59%
monotone,63.59%
Emotionless,63.59%
Walls,63.59%
wheels,63.59%
poem,63.59%
hill,63.59%
ahead,227.18%
rearranging,63.59%
needles,63.59%
crown,63.59%
lifetime,227.18%
defeat,63.59%
retreat,227.18%
fractured,63.59%
realigned,63.59%
rumors,63.59%
management,227.18%
subtly,227.18%
conversational,63.59%
extent,554.35%
wakeup,63.59%
grammar,63.59%
urgent,63.59%
Ooookay,63.59%
eval,63.59%
electronics,63.59%
rule,227.18%
maddening,63.59%
End,63.59%
bursts,63.59%
acknowledging,63.59%
outlived,63.59%
usefulness,63.59%
proceed,63.59%
yard,63.59%
mowed,63.59%
allergic,63.59%
grass,227.18%
somethings,227.18%
syptoms,63.59%
Proceed,63.59%
spans,63.59%
TlDr,63.59%
trick,63.59%
web,63.59%
article,63.59%
effecting,63.59%
utterly,390.76%
respite,63.59%
dumbbell,63.59%
Pressured,63.59%
drew,63.59%
heroin,63.59%
gynecologist,63.59%
overdraft,63.59%
fee,63.59%
bank,227.18%
repeatedly,554.35%
internally,63.59%
replaceable,63.59%
uplifting,63.59%
neighbor,63.59%
closet,63.59%
juts,63.59%
revive,63.59%
carted,63.59%
sheet,63.59%
glove,63.59%
hallway,63.59%
neighbors,63.59%
bloodcurdling,63.59%
cvtting,63.59%
madnes,63.59%
ideal,63.59%
faint,63.59%
classical,63.59%
glorious,63.59%
phsyical,63.59%
negated,63.59%
tasting,63.59%
sweetness,63.59%
tasted,63.59%
grainy,63.59%
nourished,63.59%
GUILT,63.59%
guilting,63.59%
Despite,63.59%
steady,227.18%
accomplishment,63.59%
grows,63.59%
ovethink,63.59%
romanticizes,63.59%
encourages,63.59%
recommended,390.76%
influenced,63.59%
trends,63.59%
spreading,227.18%
encouraging,63.59%
normalizing,63.59%
Destigmatizing,63.59%
Normalizing,63.59%
