feel,-25.71%
like,-12.06%
want,-17.78%
life,-21.61%
know,-5.84%
people,-6.33%
friends,-31.93%
get,-3.11%
even,-30.03%
time,-3.62%
really,6.66%
alone,-42.44%
never,-13.07%
anything,-36.18%
anymore,-30.09%
go,-10.84%
years,-12.93%
someone,-5.82%
day,-6.81%
lonely,-45.10%
going,-10.31%
nothing,-39.43%
My,7.32%
much,-9.13%
anyone,-6.72%
think,-1.35%
talk,-3.96%
feeling,-23.01%
would,25.08%
always,-7.94%
things,16.21%
make,3.12%
better,-1.17%
hate,-14.21%
depression,24.28%
work,-15.14%
But,7.65%
help,-5.44%
tired,-5.52%
live,-12.67%
love,-11.34%
see,-20.99%
family,-11.75%
everything,-0.45%
still,8.03%
...,7.39%
else,10.70%
ever,-23.16%
way,4.46%
wish,-10.02%
everyone,1.75%
good,-4.49%
need,5.23%
person,1.71%
every,-10.22%
could,16.01%
something,8.67%
point,-36.77%
care,-40.86%
back,32.59%
happy,-3.47%
feels,-14.33%
end,-5.74%
depressed,-9.01%
hard,4.75%
..,-8.43%
fucking,-18.59%
around,-14.48%
try,1.43%
find,-19.41%
sad,-38.39%
die,-4.30%
bad,15.52%
living,-26.97%
since,13.35%
away,-3.99%
lost,-28.71%
say,12.62%
trying,-19.48%
year,-14.71%
long,-18.59%
loneliness,-49.43%
got,24.94%
getting,5.60%
keep,-11.82%
friend,9.73%
makes,-19.23%
right,-2.63%
No,-38.75%
thing,7.88%
job,-32.68%
felt,-3.32%
days,21.13%
dont,-47.34%
sleep,-4.05%
last,1.41%
take,10.74%
world,-3.32%
im,-30.66%
So,6.68%
school,-28.88%
tell,39.49%
enough,5.51%
left,16.25%
thought,25.62%
He,26.39%
home,-12.69%
give,-19.79%
ago,22.22%
lot,24.13%
without,-2.61%
worse,-5.84%
tried,31.48%
used,-14.39%
hope,-35.79%
old,-2.71%
shit,-12.44%
many,20.64%
stop,15.52%
What,13.57%
new,-30.59%
made,21.75%
pain,3.79%
empty,-60.08%
also,15.26%
months,30.81%
actually,-2.53%
social,-57.33%
They,13.87%
bed,-16.21%
said,53.60%
kill,15.47%
best,-5.65%
mental,73.88%
relationship,19.68%
Im,-30.00%
Why,8.39%
wanted,66.06%
told,70.61%
parents,1.58%
past,8.51%
nobody,-46.09%
come,17.19%
How,7.81%
reason,7.92%
times,23.27%
self,6.35%
close,-29.91%
understand,-26.92%
look,-1.00%
little,-5.19%
cry,0.61%
thoughts,-16.32%
seems,-9.77%
wanna,5.70%
done,27.39%
literally,-16.81%
today,41.58%
matter,-10.86%
Just,12.74%
others,8.41%
almost,-4.81%
first,-4.81%
place,-1.32%
When,12.01%
anxiety,-16.60%
talking,-19.29%
loved,-37.03%
wants,-28.18%
sometimes,24.30%
night,5.91%
There,24.88%
suicide,54.69%
another,4.09%
completely,-24.83%
already,-29.95%
able,-15.36%
wrong,25.50%
leave,-11.61%
wake,-35.18%
mind,-2.77%
start,-11.61%
well,11.96%
maybe,-20.45%
single,-46.45%
therapy,-25.63%
making,10.06%
hurts,8.13%
energy,3.12%
let,34.78%
miss,65.41%
kind,16.40%
health,47.03%
though,10.27%
gone,6.25%
together,-6.25%
suicidal,38.90%
okay,-21.08%
scared,-2.14%
real,-24.24%
week,-2.14%
cant,-55.35%
went,43.52%
She,104.12%
crying,35.35%
started,38.57%
post,-9.77%
Like,36.77%
everyday,-17.72%
sure,28.36%
worth,-33.47%
looking,-22.66%
spend,-46.20%
partner,37.87%
advice,-15.93%
either,-46.20%
next,8.79%
truly,-52.40%
two,1.99%
support,80.18%
hours,-38.13%
alive,-27.00%
least,-9.62%
us,28.62%
whole,-9.62%
Now,-9.62%
guess,7.76%
motivation,-47.86%
put,5.47%
yet,3.12%
dead,-18.21%
longer,-38.85%
sick,25.91%
enjoy,-9.01%
college,-52.68%
working,-5.37%
thinking,65.73%
hurt,37.91%
fuck,4.37%
Does,8.09%
change,-6.82%
seem,-3.09%
different,-1.91%
girlfriend,-9.45%
taking,5.64%
house,-1.91%
mom,87.15%
constantly,-12.15%
weeks,48.96%
ask,0.55%
money,-26.52%
remember,-26.52%
worthless,-53.59%
birthday,-49.73%
future,-34.26%
stuff,1.82%
stay,21.40%
probably,17.48%
girl,-16.71%
eat,-12.74%
inside,-47.77%
feelings,88.84%
normal,60.71%
gets,32.59%
group,-14.52%
room,13.98%
pretty,34.33%
Nothing,-29.88%
honestly,4.52%
happened,21.24%
become,33.78%
human,-45.65%
gonna,-15.24%
sorry,5.95%
died,1.71%
numb,-65.63%
fact,30.72%
worst,4.58%
sucks,-7.19%
cares,-11.61%
supposed,1.65%
exist,-42.55%
head,3.12%
might,38.99%
relationships,-32.75%
Anyone,-23.78%
meet,-32.75%
mean,-18.11%
kids,31.94%
stuck,-18.11%
fun,-13.56%
Even,-4.46%
brain,0.09%
therapist,24.67%
body,20.05%
finally,66.23%
boyfriend,73.44%
....,-15.63%
part,21.87%
People,-28.61%
deal,61.83%
phone,-9.57%
hang,-9.57%
forever,-38.13%
less,-28.61%
barely,-14.33%
struggling,-14.33%
cause,11.18%
heart,20.85%
bit,-27.49%
conversation,-17.82%
recently,20.85%
high,-8.16%
found,47.32%
nice,-10.18%
miserable,-40.12%
watching,-55.09%
rest,-10.18%
saying,21.72%
Everything,-39.14%
guy,11.58%
interest,-79.71%
online,-13.78%
games,-34.07%
starting,21.72%
sit,-69.06%
mother,23.75%
happen,-7.19%
far,-27.81%
cannot,3.12%
useless,-47.56%
lives,-52.81%
Sometimes,10.12%
experience,36.33%
10,-41.33%
share,-13.16%
read,-34.87%
joy,-51.15%
morning,-24.01%
needed,24.83%
outside,-29.44%
mentally,-0.56%
great,60.21%
watch,-61.33%
please,32.59%
Please,6.87%
dad,85.62%
20,-26.88%
says,85.62%
call,18.12%
couple,-42.71%
death,8.85%
married,-19.79%
etc,-19.79%
killing,-31.25%
Life,8.85%
reach,-59.14%
forward,-6.60%
fucked,-70.81%
believe,51.77%
losing,-22.66%
moved,-16.71%
hell,42.79%
soon,18.99%
fine,1.14%
break,-28.61%
deserve,7.09%
face,54.69%
moment,27.39%
due,-15.07%
guys,-15.07%
month,9.19%
burden,-21.14%
Hi,33.45%
move,51.65%
relate,-21.14%
Maybe,21.32%
situation,-33.27%
suffering,33.45%
hobbies,-57.54%
failure,-50.50%
man,5.19%
ex,79.44%
comes,-13.38%
Every,17.56%
happiness,-25.75%
vent,-36.86%
void,-49.49%
spent,19.96%
husband,32.59%
hit,13.65%
bring,13.65%
absolutely,13.65%
genuinely,-5.29%
broke,-11.61%
entire,-49.49%
often,-3.32%
idk,3.12%
turn,16.01%
anxious,-29.10%
came,86.91%
born,-41.99%
hold,-48.44%
idea,-16.21%
kinda,-22.66%
goes,61.13%
country,-41.99%
asked,28.90%
reality,-9.77%
deep,-54.88%
anybody,-21.01%
seeing,-14.43%
sense,-1.26%
Everyone,-1.26%
big,-1.26%
wonder,-47.34%
lately,-7.85%
basically,-5.84%
text,-12.57%
wanting,21.06%
play,-26.02%
playing,-52.92%
physically,-32.75%
telling,-26.02%
problem,7.61%
difficult,-12.57%
realize,34.51%
Idk,-19.29%
video,-73.10%
anywhere,-51.88%
busy,-58.75%
child,58.12%
hug,30.62%
Fuck,-3.75%
full,-38.13%
gave,10.00%
gotten,16.87%
waste,-72.50%
&#,-24.38%
x200B,-24.38%
contact,-15.63%
physical,26.56%
food,-36.72%
trauma,82.81%
struggle,19.53%
Today,19.53%
ok,19.53%
constant,-29.69%
extremely,-15.63%
horrible,51.09%
age,15.12%
late,-42.44%
damn,15.12%
stopped,15.12%
ones,7.92%
keeps,-20.86%
rather,3.12%
stupid,39.95%
dark,-41.07%
simply,-41.07%
issues,17.86%
dating,-48.44%
met,25.22%
30,-26.34%
coming,10.49%
asking,-11.61%
eating,-18.97%
behind,28.28%
exhausted,-1.91%
saw,58.46%
afraid,20.73%
pointless,-54.73%
broken,-32.09%
Loneliness,-62.27%
interested,-39.63%
angry,-32.09%
date,-53.59%
currently,-22.66%
car,-45.86%
woman,-22.66%
sadness,-30.39%
cut,74.52%
father,18.99%
terrible,18.99%
hear,3.12%
shitty,-28.61%
purpose,-44.47%
wife,11.06%
Don,-12.74%
lay,-52.40%
emptiness,-76.20%
emotions,3.12%
afford,-51.15%
show,-18.59%
disappear,-34.87%
turned,38.40%
listen,70.97%
dying,5.84%
Am,30.26%
continue,46.54%
lose,-43.01%
selfish,13.98%
Nobody,-43.01%
trust,-26.73%
boring,-67.43%
true,22.12%
connection,-18.59%
Depression,-18.59%
problems,79.11%
music,-26.73%
waiting,-8.02%
usually,0.34%
escape,-41.47%
use,92.31%
lack,-33.11%
speak,-41.47%
knew,67.23%
existence,-58.19%
happens,42.14%
reading,-8.02%
especially,-24.75%
weird,0.34%
whenever,-16.39%
bother,-57.03%
free,97.65%
ended,28.90%
sitting,-14.06%
small,63.28%
yesterday,71.87%
existing,-48.44%
ending,28.90%
knowing,37.50%
walk,46.09%
pathetic,-31.25%
childhood,-22.66%
may,46.09%
harder,-39.84%
young,-22.66%
needs,3.12%
given,-65.63%
hopeless,-31.25%
Do,20.31%
sleeping,23.75%
meds,-38.13%
kid,23.75%
dreams,-20.45%
isolated,-46.96%
crazy,94.46%
suffer,32.59%
fall,-46.96%
personality,-20.45%
words,14.91%
low,-11.61%
instead,54.69%
message,9.19%
Its,-81.80%
goals,-54.50%
society,-54.50%
took,91.08%
17,-9.01%
ugly,-27.21%
attention,18.29%
loves,27.39%
sister,27.39%
smile,0.09%
fit,-34.38%
chest,-6.25%
After,78.12%
changed,-25.00%
realized,3.12%
abusive,96.87%
helping,3.12%
happening,50.00%
finding,3.12%
cope,40.62%
effort,-71.88%
stand,-43.75%
18,-6.25%
super,-25.00%
children,-22.66%
pass,-12.99%
story,54.69%
15,74.02%
ive,6.35%
failed,-12.99%
pay,-80.66%
killed,35.35%
emotionally,16.01%
except,-32.32%
helped,6.35%
emotional,93.36%
cared,16.01%
medication,74.02%
none,-20.16%
adult,-40.12%
wait,29.74%
25,-10.18%
divorce,89.62%
whatever,-50.10%
space,9.78%
forget,-10.18%
touch,-30.14%
state,-40.12%
comfort,75.31%
impossible,-38.13%
loving,-27.81%
meant,-17.50%
later,44.37%
belong,-17.50%
waking,3.12%
24,3.12%
tonight,-17.50%
12,65.00%
accept,3.12%
half,3.12%
negative,-25.32%
quite,-3.99%
friendship,-25.32%
suddenly,-25.32%
possible,-25.32%
second,-25.32%
painful,-14.66%
leaving,28.02%
easier,6.68%
skills,-57.33%
19,-14.66%
soul,17.35%
hole,28.02%
Any,38.68%
wasting,-57.33%
Everyday,-57.33%
mostly,-35.99%
hospital,102.69%
severe,49.35%
tears,-3.99%
side,54.69%
peace,-22.66%
thinks,21.54%
sort,-11.61%
Hey,-44.76%
jobs,-33.71%
moving,-11.61%
general,-11.61%
ready,-44.76%
loser,-33.71%
gf,-88.95%
somewhere,-22.66%
open,132.03%
apartment,-11.61%
guilty,21.54%
Sorry,65.73%
god,-55.80%
cycle,-11.61%
drinking,10.49%
toxic,132.03%
girls,10.49%
writing,-31.25%
fear,37.50%
slowly,-19.79%
eyes,60.42%
Because,3.12%
humans,-77.08%
taken,37.50%
short,14.58%
anyway,-19.79%
city,-31.25%
dumb,-19.79%
easy,71.87%
fake,14.58%
Someone,-19.79%
knows,-8.33%
experiences,3.12%
upset,129.16%
friendships,-54.17%
interests,-42.71%
fighting,106.25%
likes,-42.71%
funny,14.58%
tomorrow,37.50%
seen,94.79%
liked,-65.63%
bored,-31.25%
talked,-8.33%
awful,71.87%
laugh,18.99%
excited,18.99%
misery,7.09%
illness,78.48%
career,-64.30%
complete,-52.40%
mine,66.58%
nowhere,-52.40%
meaningless,-52.40%
apart,-40.51%
act,-64.30%
stress,18.99%
connect,-28.61%
beautiful,7.09%
works,-28.61%
movies,-64.30%
positive,-4.81%
explain,-28.61%
falling,-28.61%
texts,-40.51%
dream,11.37%
course,11.37%
healthy,-1.00%
spending,-38.13%
handle,23.75%
staying,-62.88%
sub,60.87%
posts,11.37%
unable,11.37%
God,-1.00%
drive,-62.88%
process,48.50%
daughter,-13.38%
older,23.75%
class,-38.13%
huge,-25.75%
somebody,-1.00%
dealing,-13.38%
giving,36.12%
focus,11.37%
called,235.15%
wondering,16.01%
loss,16.01%
weekends,-61.33%
PTSD,196.48%
fix,28.90%
towards,41.80%
worked,-22.66%
reasons,16.01%
missing,-61.33%
conversations,3.12%
drink,16.01%
push,-9.77%
Since,41.80%
Ive,-35.55%
heard,67.58%
eventually,28.90%
Thank,54.69%
choice,-61.33%
reached,-48.44%
Edit,106.25%
helps,3.12%
known,-48.44%
decided,157.81%
despite,-48.44%
type,-61.33%
appreciate,-61.33%
yeah,3.12%
zero,-61.33%
awkward,-59.65%
Lonely,7.61%
media,-19.29%
23,-46.20%
Feeling,21.06%
Never,21.06%
university,7.61%
memories,7.61%
ignored,-19.29%
marriage,34.51%
dog,-5.84%
gym,-46.20%
means,-5.84%
desire,-32.75%
forced,-19.29%
lazy,-73.10%
whether,-32.75%
courage,-5.84%
holding,-59.65%
ignore,-73.10%
early,-5.84%
divorced,47.96%
pandemic,-32.75%
didnt,-46.20%
option,-5.84%
plan,142.12%
chat,-5.84%
hour,128.67%
blank,-19.29%
diagnosed,61.41%
fill,-46.20%
serious,-59.65%
nights,-15.63%
comfortable,-43.75%
company,-1.56%
learn,12.50%
mess,-43.75%
motivated,-85.94%
gives,26.56%
expect,-57.81%
bf,-1.56%
fight,96.87%
worried,-43.75%
hates,-57.81%
meaning,-29.69%
thank,96.87%
memory,40.62%
earth,-1.56%
force,-29.69%
asleep,-29.69%
posting,12.50%
imagine,-15.63%
looked,68.75%
Most,12.50%
daily,54.69%
worry,12.50%
takes,26.56%
tv,-71.88%
moments,68.75%
shows,-43.75%
listening,110.94%
figure,-29.69%
classes,-43.75%
experienced,82.81%
Reddit,54.69%
shell,-57.81%
women,-43.75%
strong,96.87%
romantic,-43.75%
brother,54.69%
game,-29.69%
three,106.25%
personal,47.32%
quit,32.59%
hobby,-41.07%
abuse,253.57%
everybody,-55.80%
ill,-26.34%
notice,-70.54%
sounds,3.12%
ass,47.32%
immediately,-11.61%
silence,-55.80%
stressed,17.86%
near,-55.80%
rough,-41.07%
survive,-41.07%
putting,3.12%
word,-11.61%
attempt,62.05%
respond,-11.61%
meaningful,-70.54%
function,-11.61%
Well,3.12%
regret,-53.59%
must,54.69%
Being,-38.13%
depressive,8.28%
seriously,-7.19%
cold,8.28%
level,-53.59%
sound,-7.19%
passed,-7.19%
caring,-7.19%
quiet,54.69%
hurting,23.75%
male,39.22%
weekend,8.28%
hand,-38.13%
16,23.75%
Thanks,70.15%
run,23.75%
mad,39.22%
lived,8.28%
21,-22.66%
becoming,-7.19%
check,23.75%
younger,23.75%
pills,70.15%
actual,-22.66%
question,70.15%
panic,54.69%
hardly,8.28%
episode,-22.66%
several,-7.19%
control,116.56%
cat,-53.59%
bills,-38.13%
oh,-18.59%
13,-2.30%
temporary,13.98%
badly,-2.30%
along,95.39%
kept,144.24%
hands,30.26%
hoping,-2.30%
lie,-34.87%
Alone,-67.43%
similar,46.54%
loud,13.98%
important,176.81%
thats,-2.30%
content,-51.15%
suck,-34.87%
Also,30.26%
top,46.54%
blame,-2.30%
repeat,-83.72%
Christmas,-2.30%
clean,-2.30%
destroyed,62.83%
Who,30.26%
understands,-18.59%
nearly,13.98%
door,62.83%
esteem,-67.43%
keeping,-2.30%
drained,-34.87%
wishing,-51.15%
weight,30.26%
commit,-65.63%
26,-31.25%
safe,37.50%
yes,3.12%
straight,20.31%
connections,-48.44%
turning,20.31%
chance,-48.44%
annoying,-31.25%
piece,-14.06%
truth,-48.44%
Only,-31.25%
forgotten,3.12%
son,89.06%
Things,3.12%
These,20.31%
bc,20.31%
surrounded,-82.81%
men,54.69%
lol,-14.06%
study,20.31%
accepted,-65.63%
antidepressants,-31.25%
poor,-31.25%
chronic,-14.06%
noticed,54.69%
ends,-31.25%
stranger,-31.25%
pretend,20.31%
sex,260.93%
talks,-65.63%
hanging,89.06%
voice,3.12%
multiple,37.50%
40,-31.25%
invited,-81.80%
title,100.18%
leaves,-27.21%
isolating,-9.01%
However,27.39%
Whenever,45.59%
calls,-63.60%
interesting,-81.80%
pushing,63.79%
somehow,9.19%
incredibly,27.39%
answer,-9.01%
fault,45.59%
disappointed,45.59%
beginning,45.59%
middle,81.98%
lots,-63.60%
confidence,-45.40%
name,118.38%
socialize,-63.60%
weak,-63.60%
treated,-81.80%
Should,-9.01%
20s,-27.21%
sudden,-63.60%
mood,172.98%
thanks,-9.01%
return,-45.40%
light,9.19%
fail,-27.21%
perfect,-9.01%
groups,9.19%
plans,9.19%
walking,-9.01%
became,63.79%
realised,-45.40%
hating,-81.80%
trouble,9.19%
woke,81.98%
randomly,9.19%
events,-22.66%
sharing,-22.66%
uncomfortable,35.35%
common,-41.99%
abused,35.35%
SO,190.04%
New,-61.33%
2020,-3.32%
driving,16.01%
disorder,16.01%
step,-22.66%
venting,-3.32%
totally,-3.32%
issue,74.02%
doctor,93.36%
wonderful,-61.33%
matters,-22.66%
running,-80.66%
tells,54.69%
set,74.02%
tiring,-41.99%
case,-22.66%
filled,35.35%
Been,-41.99%
improve,-41.99%
black,-3.32%
hair,35.35%
seeking,-22.66%
terrified,-22.66%
exhausting,-3.32%
system,16.01%
special,-22.66%
socially,-41.99%
isolation,-61.33%
degree,-41.99%
pit,-61.33%
form,-41.99%
failing,-61.33%
reddit,-3.32%
basic,16.01%
22,-41.99%
random,-3.32%
drunk,-61.33%
sexual,16.01%
cruel,-22.66%
cried,54.69%
Last,-3.32%
goodbye,65.00%
growing,85.62%
besides,23.75%
Wish,23.75%
major,44.37%
party,23.75%
summer,-58.75%
flat,23.75%
Recently,3.12%
allowed,85.62%
buy,3.12%
Right,-79.38%
minutes,44.37%
Here,-38.13%
everywhere,-17.50%
ghost,-38.13%
fell,3.12%
tho,-17.50%
water,106.25%
desperately,-58.75%
beyond,-58.75%
lucky,-79.38%
unless,65.00%
held,-58.75%
members,-17.50%
homeless,85.62%
shy,-79.38%
disappointment,-58.75%
parent,65.00%
stick,-17.50%
genuine,-38.13%
achieve,44.37%
student,65.00%
treat,23.75%
definitely,-17.50%
likely,85.62%
brought,23.75%
questions,3.12%
therapists,-79.38%
Honestly,23.75%
minute,-17.50%
manage,44.37%
rant,-38.13%
significant,-38.13%
jealous,65.00%
simple,23.75%
parties,-38.13%
honest,3.12%
front,44.37%
save,-79.38%
nightmare,44.37%
affection,44.37%
messages,23.75%
professional,23.75%
movie,-17.50%
bullshit,65.00%
actively,-11.61%
helpful,-55.80%
anyways,-11.61%
wear,-77.90%
calling,-55.80%
hide,-11.61%
terms,10.49%
bday,54.69%
jokes,76.78%
unbearable,-55.80%
distract,-55.80%
avoid,143.08%
shut,-11.61%
realise,-33.71%
enjoying,-77.90%
express,-11.61%
wasted,-33.71%
comment,10.49%
ppl,10.49%
Yesterday,54.69%
isolate,-55.80%
rejected,-77.90%
surgery,-77.90%
begin,-33.71%
cook,-55.80%
grown,10.49%
pushed,-11.61%
endless,54.69%
routine,32.59%
stories,32.59%
lying,10.49%
heavy,10.49%
amazing,98.88%
productive,-77.90%
exercise,-11.61%
although,10.49%
anger,54.69%
experiencing,10.49%
disgusting,54.69%
decade,32.59%
joke,32.59%
starts,54.69%
unlovable,10.49%
NO,-33.71%
shake,-77.90%
using,54.69%
caused,76.78%
partners,10.49%
interaction,-55.80%
14,10.49%
term,-55.80%
town,-11.61%
Tired,120.98%
drugs,120.98%
coworkers,32.59%
kms,-33.71%
Day,-33.71%
silent,-55.80%
https,54.69%
ruined,-11.61%
planning,76.78%
screen,-77.90%
consider,-33.71%
send,90.38%
public,42.79%
mask,-76.20%
youth,-76.20%
cancer,-28.61%
missed,-28.61%
expensive,-28.61%
wrote,18.99%
dogs,-28.61%
exactly,90.38%
build,-76.20%
apps,-28.61%
till,90.38%
ME,18.99%
cheated,-4.81%
walks,-52.40%
pretending,-4.81%
write,18.99%
dropped,-52.40%
certain,-4.81%
awake,42.79%
drowning,18.99%
offer,-28.61%
hits,-52.40%
disconnected,-52.40%
twice,42.79%
communication,-76.20%
hygiene,-76.20%
doesnt,18.99%
successful,-4.81%
bringing,-28.61%
ways,18.99%
disappointing,-76.20%
emotion,-4.81%
11,-4.81%
hopelessness,-52.40%
turns,-4.81%
present,-52.40%
TV,18.99%
passing,-52.40%
distant,-52.40%
desperate,-76.20%
wall,18.99%
struggles,-4.81%
hearing,-28.61%
mistake,-76.20%
forgot,-76.20%
laying,-52.40%
skin,-52.40%
messed,90.38%
28,-76.20%
clear,42.79%
overcome,66.58%
overwhelming,18.99%
looks,137.98%
frustrating,-52.40%
dinner,-76.20%
breathe,66.58%
harm,185.57%
smart,-4.81%
shower,114.18%
typing,-52.40%
decision,-4.81%
distance,66.58%
Living,-28.61%
bare,-76.20%
normally,28.90%
considering,-22.66%
Where,-48.44%
weed,3.12%
trash,-74.22%
bottom,-48.44%
interact,-48.44%
financial,3.12%
financially,-48.44%
texted,3.12%
seemed,-22.66%
speaking,-48.44%
majority,-22.66%
goal,-74.22%
regularly,-48.44%
trapped,80.47%
brings,-48.44%
everytime,-74.22%
biggest,3.12%
Feel,-22.66%
pull,-48.44%
crippling,-22.66%
confused,3.12%
unhappy,-48.44%
uni,-74.22%
grateful,-48.44%
traumatic,132.03%
holidays,-74.22%
coward,-48.44%
reaching,-74.22%
value,-48.44%
Some,54.69%
studying,-74.22%
reply,-22.66%
intimacy,-22.66%
bear,3.12%
hollow,-74.22%
strength,-48.44%
ashamed,-22.66%
appointment,235.15%
insane,80.47%
Would,3.12%
worthy,3.12%
office,-22.66%
dated,-74.22%
solution,106.25%
proud,54.69%
rarely,28.90%
Imagine,-22.66%
tbh,-22.66%
excuse,54.69%
depressing,28.90%
travel,28.90%
attempted,-48.44%
potential,-22.66%
walls,-74.22%
ideas,3.12%
27,54.69%
guts,-22.66%
tips,-22.66%
schedule,28.90%
replies,-43.75%
33,-43.75%
breakup,-71.88%
activities,-71.88%
scary,96.87%
Me,12.50%
somewhat,96.87%
choose,68.75%
admit,-15.63%
kicked,68.75%
mum,68.75%
final,40.62%
peaceful,-15.63%
Hello,40.62%
tend,12.50%
attempts,-71.88%
situations,-71.88%
drug,125.00%
grades,-71.88%
slept,40.62%
permanent,68.75%
doubt,12.50%
Yes,-15.63%
period,68.75%
Looking,-15.63%
frustrated,40.62%
throughout,125.00%
chose,-43.75%
Friends,-43.75%
add,40.62%
hated,40.62%
Going,-15.63%
actions,-43.75%
deeply,-15.63%
order,-15.63%
32,-43.75%
alot,-43.75%
staring,12.50%
insurance,-71.88%
closest,-43.75%
attack,40.62%
Help,-15.63%
Therapy,12.50%
kills,40.62%
within,40.62%
hotline,12.50%
struggled,12.50%
ghosted,12.50%
ahead,-15.63%
OCD,12.50%
fast,-15.63%
hatred,40.62%
theres,-71.88%
edge,12.50%
breakdown,12.50%
event,-43.75%
computer,-43.75%
opposite,40.62%
onto,-15.63%
news,96.87%
earlier,-43.75%
attacks,68.75%
calm,-43.75%
stomach,68.75%
boy,96.87%
circle,-71.88%
account,125.00%
guilt,40.62%
mirror,68.75%
progress,-15.63%
female,125.00%
Too,-71.88%
stayed,-15.63%
amount,96.87%
wished,68.75%
existed,-43.75%
intimate,-15.63%
tough,125.00%
meeting,40.62%
create,-71.88%
average,-43.75%
including,40.62%
cuddle,40.62%
develop,-43.75%
lunch,40.62%
absolute,96.87%
subreddit,237.50%
threw,-15.63%
carry,-7.19%
cool,23.75%
coping,116.56%
cuz,178.43%
strangers,-7.19%
rn,23.75%
passion,-69.06%
baby,116.56%
Oh,116.56%
refuse,-38.13%
response,178.43%
sat,54.69%
opening,23.75%
accident,-38.13%
willing,23.75%
darkness,-69.06%
pure,-7.19%
position,54.69%
properly,85.62%
easily,85.62%
introvert,-69.06%
area,-7.19%
number,85.62%
paycheck,23.75%
videos,54.69%
capable,85.62%
chore,-38.13%
reminder,-7.19%
heal,116.56%
environment,-69.06%
understanding,-7.19%
numbness,-38.13%
possibly,-7.19%
unwanted,-69.06%
Will,116.56%
stronger,-38.13%
whatsoever,-38.13%
plus,-69.06%
despair,-38.13%
Lately,-7.19%
sent,271.25%
Yeah,-38.13%
community,23.75%
learning,-69.06%
aware,-7.19%
rent,54.69%
edit,-69.06%
havent,-69.06%
comments,178.43%
responses,-38.13%
crushing,-38.13%
Years,-69.06%
extreme,85.62%
ward,-7.19%
success,-7.19%
acting,54.69%
generally,85.62%
shot,-38.13%
breaking,23.75%
clearly,-38.13%
changes,54.69%
deeper,54.69%
Covid,-69.06%
hi,54.69%
disgusted,-7.19%
YouTube,-38.13%
attend,-69.06%
abandoned,23.75%
books,-38.13%
psychiatrist,116.56%
Advice,-69.06%
screaming,23.75%
planet,-7.19%
realization,23.75%
crap,116.56%
aside,54.69%
favorite,-69.06%
helpless,-69.06%
dependent,-69.06%
minimum,-69.06%
ton,3.12%
texting,-65.63%
appetite,-65.63%
periods,-31.25%
household,209.37%
relatives,-65.63%
solitude,-65.63%
jump,3.12%
smoking,3.12%
deleted,-65.63%
nightmares,3.12%
ignoring,71.87%
doctors,-31.25%
friendly,-31.25%
curious,-31.25%
stable,3.12%
loop,-31.25%
hopes,-31.25%
JUST,3.12%
fire,37.50%
places,-65.63%
across,71.87%
bitter,-65.63%
atleast,-31.25%
fog,-31.25%
excitement,-65.63%
kick,3.12%
While,71.87%
visit,3.12%
fate,-65.63%
mid,3.12%
countless,-65.63%
habits,37.50%
appreciated,140.62%
medicine,-31.25%
third,140.62%
Was,140.62%
affect,-65.63%
sooner,-65.63%
grow,37.50%
obviously,71.87%
apparently,-31.25%
Still,71.87%
odd,-31.25%
decide,3.12%
spouse,71.87%
changing,37.50%
acknowledge,-65.63%
socializing,-65.63%
Hope,-65.63%
four,-31.25%
locked,37.50%
glad,37.50%
embarrassed,-65.63%
alright,-31.25%
sign,3.12%
pictures,71.87%
five,3.12%
throwing,-31.25%
military,381.25%
couples,-31.25%
rotting,-65.63%
saved,-65.63%
Having,3.12%
decent,3.12%
responded,3.12%
fair,3.12%
upon,3.12%
scares,3.12%
causes,209.37%
argument,37.50%
wave,-65.63%
phase,-31.25%
main,-31.25%
insecure,-65.63%
remind,71.87%
however,3.12%
poverty,-31.25%
received,140.62%
couch,3.12%
First,3.12%
strange,-31.25%
patience,-65.63%
capacity,-65.63%
fucken,-31.25%
Sunday,71.87%
cutting,71.87%
urge,-65.63%
com,140.62%
nothingness,-31.25%
Instead,-31.25%
vulnerable,106.25%
crave,-31.25%
bathroom,37.50%
line,-65.63%
ruin,37.50%
graduated,37.50%
letting,71.87%
50,3.12%
Trying,37.50%
exact,71.87%
spiral,-31.25%
road,-61.33%
responsibilities,-61.33%
coffee,-22.66%
clothes,16.01%
paying,54.69%
pray,16.01%
topic,16.01%
rid,54.69%
mistakes,-22.66%
advise,16.01%
passionate,-61.33%
ADHD,286.71%
Your,16.01%
rope,16.01%
stressful,-61.33%
compared,93.36%
rely,-22.66%
advantage,-61.33%
heartbroken,93.36%
Saturday,-22.66%
becomes,16.01%
basis,-22.66%
patient,-61.33%
supportive,132.03%
teeth,54.69%
finances,-61.33%
cute,-61.33%
bullied,-61.33%
task,-22.66%
decades,-22.66%
disabled,54.69%
medications,-22.66%
60,54.69%
gaming,-22.66%
Need,-61.33%
laughed,132.03%
lonelier,-61.33%
Lost,-22.66%
thrown,-61.33%
wishes,-22.66%
Did,132.03%
Sad,-22.66%
join,54.69%
relief,-22.66%
defeated,-22.66%
differently,-61.33%
balls,54.69%
dumped,16.01%
superficial,-22.66%
rejection,-61.33%
chores,-61.33%
opportunities,-22.66%
decisions,-22.66%
active,-61.33%
finds,-22.66%
tunnel,-22.66%
dealt,-22.66%
shoot,-61.33%
universe,-61.33%
quickly,93.36%
Seeing,16.01%
anytime,16.01%
concerned,-22.66%
Something,-61.33%
kindness,-22.66%
quality,-22.66%
cats,16.01%
compare,-61.33%
internet,54.69%
realizing,16.01%
lover,-61.33%
autism,-22.66%
Instagram,-61.33%
psych,93.36%
hugs,93.36%
page,-61.33%
Everytime,93.36%
lead,-22.66%
approach,-61.33%
Almost,-22.66%
recognize,-22.66%
arms,16.01%
Happy,-22.66%
Valentine,-61.33%
inner,54.69%
cursed,16.01%
posted,170.70%
alcohol,-22.66%
thru,54.69%
art,-22.66%
non,132.03%
character,54.69%
current,132.03%
interacting,54.69%
corner,54.69%
Got,-22.66%
lifetime,-22.66%
unfair,248.04%
burnt,93.36%
destined,54.69%
walked,54.69%
heartbreak,-22.66%
silly,54.69%
showed,54.69%
asks,16.01%
FUCKING,93.36%
rock,-61.33%
closer,93.36%
credit,54.69%
scream,325.39%
seek,-55.80%
activity,76.78%
bunch,120.98%
evening,-11.61%
burning,-55.80%
Tried,32.59%
autistic,-11.61%
sake,32.59%
29,-11.61%
celebrating,-11.61%
drag,-55.80%
About,32.59%
power,32.59%
intrusive,-55.80%
debt,-55.80%
fired,76.78%
bridges,-11.61%
contacts,-55.80%
learned,76.78%
bitch,32.59%
note,76.78%
neck,32.59%
covid,-11.61%
shoulders,-11.61%
grief,76.78%
boredom,-55.80%
clock,32.59%
FUCK,-11.61%
sobbing,32.59%
luck,-11.61%
unmotivated,-11.61%
semester,-55.80%
graduate,-55.80%
streets,-11.61%
Basically,-11.61%
quick,-11.61%
wont,-11.61%
listened,32.59%
inability,32.59%
following,-11.61%
nervous,120.98%
needing,32.59%
switch,-55.80%
built,-55.80%
expected,-55.80%
total,-55.80%
100,-55.80%
yrs,-55.80%
hungry,-55.80%
University,-55.80%
necessary,32.59%
virgin,-55.80%
tied,76.78%
Very,-55.80%
suffered,-55.80%
adhd,-55.80%
siblings,-11.61%
treatment,120.98%
downhill,-11.61%
ruining,32.59%
Depressed,-11.61%
anti,-11.61%
managed,32.59%
shelter,-55.80%
100%,120.98%
heavily,32.59%
devastated,-11.61%
verbally,-55.80%
Probably,-55.80%
Death,-55.80%
warmth,-55.80%
watched,165.18%
discord,-11.61%
brush,32.59%
refused,-11.61%
source,32.59%
Ever,76.78%
showing,32.59%
obvious,32.59%
ceiling,-11.61%
trigger,120.98%
battle,-55.80%
annoyed,-11.61%
ability,-11.61%
shoulder,-55.80%
cure,-11.61%
illnesses,209.37%
noone,-55.80%
path,32.59%
considered,76.78%
list,120.98%
introverted,-55.80%
remembered,32.59%
pick,165.18%
Anything,-11.61%
Usually,-11.61%
causing,253.57%
symptoms,120.98%
cost,-55.80%
Completely,-55.80%
girlfriends,-55.80%
couldnt,-55.80%
moms,-11.61%
paid,120.98%
neither,-11.61%
views,-11.61%
loosing,-11.61%
priority,-55.80%
roommate,76.78%
hook,-55.80%
mention,253.57%
afternoon,32.59%
rich,32.59%
Hopefully,32.59%
dude,76.78%
police,253.57%
danger,-55.80%
slow,32.59%
Seriously,-11.61%
seconds,32.59%
toll,-55.80%
repeating,-55.80%
co,-55.80%
worker,-55.80%
hey,-55.80%
believed,-11.61%
engage,32.59%
Really,76.78%
began,209.37%
meal,-55.80%
promise,120.98%
torture,253.57%
language,-11.61%
TW,32.59%
sh,76.78%
connected,-55.80%
laundry,-55.80%
available,32.59%
blah,32.59%
blue,32.59%
35,-55.80%
consistently,-55.80%
utterly,32.59%
spot,-55.80%
reminded,-11.61%
irl,-55.80%
swear,32.59%
gotta,-55.80%
acquaintances,-11.61%
difference,209.37%
crisis,-55.80%
usual,-55.80%
Her,76.78%
someday,-11.61%
surprise,-11.61%
context,76.78%
prefer,76.78%
owe,-55.80%
cover,-55.80%
throw,76.78%
extent,76.78%
functioning,-11.61%
pregnant,32.59%
bothered,32.59%
suggestions,32.59%
waves,-11.61%
ptsd,297.76%
beauty,-11.61%
intense,76.78%
unfortunately,120.98%
celebrate,32.59%
effects,165.18%
related,32.59%
hello,-48.44%
cup,-48.44%
warm,3.12%
humanity,3.12%
identity,-48.44%
grew,54.69%
fulfilling,-48.44%
beings,3.12%
ground,106.25%
arent,3.12%
burned,54.69%
studies,3.12%
laptop,-48.44%
His,209.37%
pressure,260.93%
passes,-48.44%
Back,54.69%
dull,-48.44%
poorly,3.12%
id,54.69%
WANT,-48.44%
store,54.69%
shared,106.25%
Feels,54.69%
conscious,-48.44%
Empty,-48.44%
information,3.12%
gay,54.69%
key,-48.44%
hurtful,3.12%
complain,3.12%
zone,106.25%
fellow,-48.44%
slightly,-48.44%
laughs,54.69%
graduating,-48.44%
Despite,-48.44%
prescribed,3.12%
roof,-48.44%
wasnt,-48.44%
grieving,54.69%
react,3.12%
Anyway,157.81%
surviving,106.25%
fully,364.06%
survived,-48.44%
faith,-48.44%
overall,54.69%
comforting,106.25%
count,157.81%
Germany,3.12%
risk,-48.44%
fat,54.69%
fuckin,-48.44%
hesitate,3.12%
opinion,106.25%
steps,106.25%
happier,3.12%
typically,-48.44%
religious,54.69%
outsider,-48.44%
paranoid,-48.44%
embarrassing,-48.44%
befriend,3.12%
deteriorating,-48.44%
vanish,-48.44%
Each,3.12%
spoken,-48.44%
sending,54.69%
talkative,-48.44%
drop,54.69%
advance,3.12%
allow,-48.44%
pets,3.12%
hung,-48.44%
convince,-48.44%
addiction,3.12%
fade,-48.44%
casual,3.12%
session,54.69%
blow,106.25%
starved,3.12%
shopping,3.12%
follow,3.12%
tasks,3.12%
prison,-48.44%
naturally,157.81%
noise,3.12%
agony,-48.44%
unlike,-48.44%
countries,-48.44%
encouragement,3.12%
effect,3.12%
loneliest,-48.44%
ambitions,-48.44%
behavior,106.25%
shaking,3.12%
Though,3.12%
grandma,209.37%
arguments,106.25%
ambition,54.69%
harsh,157.81%
bank,3.12%
highschool,-48.44%
avoiding,54.69%
worrying,106.25%
cops,106.25%
touched,-48.44%
frequently,106.25%
evil,54.69%
ran,3.12%
shooting,-48.44%
alien,-48.44%
hiding,157.81%
solve,54.69%
convinced,157.81%
quarantine,54.69%
hugged,54.69%
clue,-48.44%
safety,3.12%
psychologist,54.69%
ridiculous,-48.44%
figured,54.69%
scare,106.25%
unattractive,54.69%
traumatized,3.12%
communicating,-48.44%
AM,106.25%
During,54.69%
partying,-48.44%
accidentally,3.12%
dates,106.25%
talents,-48.44%
minor,54.69%
sober,3.12%
Didn,54.69%
promised,-48.44%
led,3.12%
blocked,3.12%
business,157.81%
caught,3.12%
club,54.69%
99%,3.12%
dose,-48.44%
street,54.69%
accomplished,-48.44%
pill,3.12%
birth,157.81%
MY,312.50%
local,209.37%
whilst,157.81%
kiss,-48.44%
draining,3.12%
episodes,106.25%
circumstances,54.69%
passions,-48.44%
respect,54.69%
gift,3.12%
flashbacks,106.25%
manipulative,-48.44%
taste,-48.44%
yr,54.69%
ups,3.12%
Suicide,54.69%
faking,54.69%
highly,-48.44%
pm,-48.44%
tear,-48.44%
letter,106.25%
english,3.12%
cousin,209.37%
sinking,3.12%
verge,-48.44%
envious,-48.44%
blood,157.81%
sell,-48.44%
cards,3.12%
contemplating,-48.44%
book,106.25%
breath,106.25%
separated,54.69%
entirely,209.37%
interview,209.37%
brief,-48.44%
drain,54.69%
ya,-38.13%
bottle,147.50%
picking,23.75%
October,23.75%
asshole,85.62%
answered,23.75%
results,23.75%
beat,23.75%
Time,23.75%
violence,85.62%
quitting,-38.13%
gun,85.62%
hitting,209.37%
followed,85.62%
written,23.75%
Two,147.50%
lockdown,-38.13%
holiday,23.75%
guidance,-38.13%
view,-38.13%
ache,23.75%
false,-38.13%
mindset,23.75%
abuser,147.50%
stressing,85.62%
enjoys,23.75%
dry,-38.13%
tragic,85.62%
realisation,23.75%
history,-38.13%
grade,23.75%
hardest,209.37%
boundaries,85.62%
expecting,209.37%
Waking,-38.13%
monster,85.62%
severely,85.62%
divorcing,23.75%
fallen,85.62%
destructive,-38.13%
shame,23.75%
responding,23.75%
healing,-38.13%
neglect,23.75%
nature,147.50%
classmates,23.75%
square,-38.13%
Friday,-38.13%
excluded,-38.13%
previous,209.37%
animal,209.37%
knife,85.62%
former,-38.13%
haha,-38.13%
forgive,85.62%
DAE,-38.13%
suffocating,85.62%
Before,-38.13%
shocked,23.75%
trip,209.37%
shock,85.62%
Anyways,147.50%
deserves,23.75%
30s,23.75%
finished,147.50%
ten,23.75%
Love,-38.13%
discipline,-38.13%
opinions,-38.13%
complex,23.75%
ghosting,23.75%
unknown,85.62%
picked,-38.13%
background,23.75%
song,23.75%
ignores,85.62%
UK,23.75%
forgetting,-38.13%
impact,23.75%
white,271.25%
raped,456.87%
privacy,147.50%
messaged,-38.13%
box,23.75%
uninteresting,-38.13%
committed,271.25%
complicated,23.75%
achieved,-38.13%
boys,-38.13%
practically,-38.13%
recovery,-38.13%
nowadays,23.75%
31,-38.13%
hormones,-38.13%
nearby,-38.13%
throwaway,-38.13%
admitted,147.50%
20th,85.62%
building,147.50%
June,23.75%
test,23.75%
Those,23.75%
raised,147.50%
large,85.62%
mouth,23.75%
sensitive,333.12%
certainly,85.62%
lasts,23.75%
failures,-38.13%
willpower,-38.13%
enthusiasm,-38.13%
toward,-38.13%
ease,23.75%
torn,23.75%
friendless,23.75%
imagined,-38.13%
sees,23.75%
Plus,23.75%
Mostly,-38.13%
sentence,-38.13%
2019,23.75%
schools,85.62%
skill,23.75%
.....,23.75%
contributed,23.75%
videogames,85.62%
scene,-38.13%
Jesus,-38.13%
NPC,-38.13%
diagnosis,85.62%
positivity,-38.13%
assignments,23.75%
dig,23.75%
massive,-38.13%
goddamn,-38.13%
Yet,209.37%
Eve,23.75%
2022,23.75%
betrayed,23.75%
reminds,209.37%
Shit,23.75%
ties,23.75%
abandon,23.75%
app,271.25%
Good,23.75%
responsible,23.75%
fulfillment,23.75%
states,23.75%
lock,-38.13%
settle,-38.13%
youtube,-38.13%
senior,23.75%
Facebook,23.75%
solo,-38.13%
core,23.75%
corporate,-38.13%
daydreaming,-38.13%
curse,23.75%
result,209.37%
laughing,209.37%
savings,23.75%
checked,147.50%
instantly,85.62%
recover,271.25%
garbage,-38.13%
seven,23.75%
separate,23.75%
cringe,-38.13%
reaction,85.62%
matches,-38.13%
profile,85.62%
Medication,23.75%
pissed,23.75%
opportunity,23.75%
hopefully,23.75%
2018,23.75%
wound,-38.13%
distractions,-38.13%
darkest,85.62%
stays,23.75%
ate,147.50%
families,85.62%
May,23.75%
sink,23.75%
drama,147.50%
soft,-38.13%
discussion,23.75%
fixed,147.50%
desires,23.75%
kinds,23.75%
unloved,23.75%
Hell,23.75%
card,23.75%
smoke,85.62%
improved,-38.13%
law,147.50%
continues,147.50%
stopping,85.62%
chair,23.75%
Tipton,209.37%
bridge,132.03%
victim,364.06%
smell,-22.66%
stood,132.03%
believes,132.03%
involved,209.37%
millions,54.69%
functional,-22.66%
distraction,-22.66%
domestic,-22.66%
slipping,-22.66%
doI,-22.66%
tea,-22.66%
violently,-22.66%
deny,132.03%
judging,-22.66%
bought,-22.66%
explained,-22.66%
bond,-22.66%
applying,-22.66%
Netflix,-22.66%
celebrated,-22.66%
DIE,-22.66%
HATE,54.69%
lied,54.69%
aid,132.03%
details,132.03%
filed,-22.66%
supporting,209.37%
truck,-22.66%
careers,-22.66%
hopeful,132.03%
eye,-22.66%
Thursday,-22.66%
wreck,54.69%
whose,54.69%
occasion,54.69%
adds,-22.66%
isnt,286.71%
potentially,-22.66%
appealing,-22.66%
yk,54.69%
Could,-22.66%
depressants,-22.66%
therefore,54.69%
action,132.03%
sweet,286.71%
narcissistic,209.37%
numbers,-22.66%
disappeared,54.69%
faded,-22.66%
downs,54.69%
destroying,-22.66%
freaking,132.03%
generation,-22.66%
dislike,132.03%
shuts,-22.66%
foreign,54.69%
individual,54.69%
include,54.69%
feed,54.69%
criminal,54.69%
lovely,54.69%
million,54.69%
fantasizing,54.69%
stolen,-22.66%
cousins,54.69%
emergency,54.69%
immediate,54.69%
prevent,-22.66%
drown,364.06%
peer,54.69%
acknowledged,54.69%
dm,-22.66%
demons,-22.66%
Dad,54.69%
harming,132.03%
Currently,-22.66%
ig,-22.66%
envy,-22.66%
planned,54.69%
foods,132.03%
26f,-22.66%
Look,-22.66%
proceeded,132.03%
provide,209.37%
grad,-22.66%
proper,209.37%
communities,54.69%
March,-22.66%
apply,209.37%
meantime,-22.66%
casually,-22.66%
noose,-22.66%
OK,54.69%
rate,54.69%
afterwards,132.03%
win,209.37%
pillow,54.69%
depend,54.69%
hollowed,54.69%
worries,54.69%
hugging,-22.66%
slapped,-22.66%
blur,286.71%
fantasize,209.37%
rush,-22.66%
Many,132.03%
load,-22.66%
cynical,-22.66%
finishing,-22.66%
ANYTHING,-22.66%
committing,54.69%
sabotaging,-22.66%
Father,-22.66%
opened,209.37%
assume,209.37%
dumbass,132.03%
insult,54.69%
advices,-22.66%
cooking,54.69%
hunger,-22.66%
improvement,54.69%
tries,-22.66%
endure,-22.66%
insecurities,54.69%
bigger,209.37%
crash,209.37%
cloud,-22.66%
occasionally,54.69%
wild,132.03%
YOUR,54.69%
SHIT,-22.66%
Thinking,54.69%
mix,132.03%
Next,-22.66%
checking,-22.66%
inevitable,209.37%
disappears,54.69%
thread,132.03%
receive,132.03%
happily,-22.66%
worsening,54.69%
Long,-22.66%
football,-22.66%
minds,-22.66%
sea,54.69%
kisses,-22.66%
delusional,132.03%
explode,132.03%
teen,132.03%
grey,-22.66%
gained,-22.66%
peers,54.69%
decline,54.69%
sun,-22.66%
heads,54.69%
remembering,132.03%
specific,209.37%
weirdo,-22.66%
journal,-22.66%
officially,54.69%
unimportant,54.69%
disease,286.71%
Eventually,132.03%
schoolwork,-22.66%
Truly,-22.66%
bothers,-22.66%
www,596.09%
bleed,-22.66%
messy,-22.66%
floating,-22.66%
damage,54.69%
minimal,-22.66%
med,286.71%
sob,-22.66%
Although,54.69%
program,-22.66%
LIFE,132.03%
triggered,209.37%
annoy,209.37%
excuses,54.69%
Tomorrow,-22.66%
freinds,54.69%
barley,-22.66%
participate,-22.66%
dangerous,132.03%
rage,-22.66%
scars,132.03%
Watching,-22.66%
stops,54.69%
uninterested,-22.66%
backstabbed,54.69%
thin,54.69%
memes,54.69%
Unfortunately,286.71%
awareness,132.03%
enter,54.69%
overthinking,286.71%
restaurant,-22.66%
despise,54.69%
traumas,-22.66%
responsibility,54.69%
directly,54.69%
recommend,54.69%
3rd,54.69%
kitchen,132.03%
waited,132.03%
90%,54.69%
floor,54.69%
leads,-22.66%
example,54.69%
closing,132.03%
alcoholic,286.71%
Divorce,-22.66%
Once,209.37%
70,-22.66%
counting,-22.66%
addicted,-22.66%
tiredI,54.69%
brave,132.03%
sugar,132.03%
appearance,132.03%
Had,-22.66%
kissing,54.69%
contribute,-22.66%
ride,54.69%
requires,-22.66%
bright,209.37%
WARNING,54.69%
marry,-22.66%
laws,132.03%
shouting,-22.66%
ungrateful,54.69%
zombie,-22.66%
breaks,286.71%
answers,132.03%
standing,-22.66%
cake,-22.66%
yelled,54.69%
World,-22.66%
childish,286.71%
homework,-22.66%
IM,54.69%
kicking,132.03%
affair,132.03%
vacation,209.37%
discussed,54.69%
Little,-22.66%
rambling,-22.66%
Talking,-22.66%
communicate,209.37%
aged,-22.66%
screwed,-22.66%
feminine,132.03%
race,-22.66%
meanwhile,54.69%
continuing,54.69%
Doing,-22.66%
manipulating,-22.66%
flip,-22.66%
ostracized,132.03%
DO,132.03%
drains,54.69%
Thanksgiving,54.69%
COVID,132.03%
Constantly,-22.66%
spiraling,54.69%
focused,132.03%
repeatedly,209.37%
Keep,-22.66%
peacefully,132.03%
separation,209.37%
eternal,54.69%
Wednesday,132.03%
anhedonia,54.69%
undesirable,209.37%
hoped,106.25%
trusted,415.62%
formed,3.12%
51,3.12%
raising,3.12%
schoolmates,3.12%
upside,3.12%
fucks,3.12%
aspects,3.12%
adulthood,3.12%
Uni,3.12%
fights,209.37%
handsome,3.12%
cooked,106.25%
drives,3.12%
cuddled,3.12%
deed,3.12%
tricks,106.25%
judge,106.25%
drifting,3.12%
anime,106.25%
WORLD,3.12%
LIKE,3.12%
Year,3.12%
2021,106.25%
grocery,3.12%
improving,3.12%
sole,3.12%
extra,3.12%
38,3.12%
immense,106.25%
grandpa,209.37%
indeed,106.25%
sexually,415.62%
precious,106.25%
murderer,3.12%
Ngl,3.12%
tests,106.25%
initiated,3.12%
lifeless,3.12%
blaming,3.12%
associated,3.12%
Kinda,3.12%
North,3.12%
8th,3.12%
maintain,3.12%
outcome,3.12%
war,106.25%
weary,3.12%
regrets,106.25%
typical,3.12%
ideal,3.12%
sufficient,3.12%
ik,209.37%
research,209.37%
spirit,3.12%
bland,3.12%
hired,3.12%
suggested,415.62%
vacations,3.12%
cuddling,3.12%
literal,106.25%
weather,3.12%
affected,312.50%
reads,106.25%
mechanism,3.12%
2023,106.25%
lower,209.37%
ego,3.12%
prettier,3.12%
Take,106.25%
hustle,3.12%
bubbly,106.25%
placed,3.12%
breakfast,3.12%
noises,106.25%
HELP,3.12%
Such,106.25%
six,209.37%
Went,106.25%
shortly,3.12%
learnt,106.25%
Wow,3.12%
destroy,106.25%
binging,3.12%
temporarily,3.12%
paralyzed,3.12%
succeed,3.12%
cross,106.25%
TLDR,3.12%
treating,106.25%
quits,3.12%
saturday,3.12%
4th,3.12%
littlest,106.25%
info,106.25%
steady,106.25%
speaks,3.12%
offended,3.12%
offered,106.25%
fiance,3.12%
25m,3.12%
dearly,3.12%
conversational,3.12%
instagram,106.25%
drove,312.50%
daunting,3.12%
repulsed,3.12%
heartbreaking,209.37%
red,106.25%
burdening,3.12%
beating,3.12%
supports,3.12%
pouring,3.12%
neglected,3.12%
platonic,3.12%
altogether,3.12%
Halloween,106.25%
50%,3.12%
leg,209.37%
prove,3.12%
Especially,106.25%
00,3.12%
NEED,106.25%
ideation,106.25%
SSRIs,3.12%
bullying,106.25%
25M,3.12%
prime,3.12%
swallowed,3.12%
mainly,3.12%
freely,3.12%
bite,106.25%
loose,312.50%
DIDN,3.12%
price,209.37%
duty,3.12%
disappearing,3.12%
campus,3.12%
stings,3.12%
--,106.25%
cases,3.12%
sum,3.12%
detail,106.25%
according,106.25%
Self,3.12%
spring,106.25%
acts,415.62%
stepping,3.12%
stability,3.12%
empathy,3.12%
processing,3.12%
trace,106.25%
newly,3.12%
plague,106.25%
pieces,312.50%
custody,106.25%
contacted,106.25%
perhaps,3.12%
Knowing,3.12%
motions,209.37%
dosage,3.12%
security,209.37%
WHY,209.37%
lash,3.12%
Working,3.12%
36,3.12%
overdose,3.12%
Over,106.25%
gorgeous,3.12%
unique,106.25%
initiate,106.25%
per,209.37%
shes,3.12%
BEING,3.12%
release,312.50%
questioning,3.12%
Found,106.25%
website,209.37%
dreamed,3.12%
mature,3.12%
asap,3.12%
greet,3.12%
exam,106.25%
Absolutely,209.37%
Dead,3.12%
Guys,106.25%
remain,106.25%
upbeat,3.12%
Society,3.12%
huh,3.12%
mentioned,312.50%
accusing,209.37%
dirty,106.25%
ticking,3.12%
supplements,3.12%
traumatizing,3.12%
conditions,106.25%
Whatever,3.12%
ounce,3.12%
catching,3.12%
Sundays,106.25%
judged,415.62%
humor,3.12%
critical,3.12%
explaining,106.25%
prepare,312.50%
sentences,3.12%
surprised,312.50%
fullest,3.12%
slightest,3.12%
favor,3.12%
timeline,3.12%
blackout,209.37%
deserving,3.12%
Either,3.12%
Mental,106.25%
affecting,3.12%
cars,209.37%
rushed,3.12%
substance,106.25%
Update,106.25%
utm,312.50%
medium,106.25%
repulsive,3.12%
violent,209.37%
levels,3.12%
rise,106.25%
notification,3.12%
pains,106.25%
Dealing,106.25%
apologize,3.12%
counseling,209.37%
bucket,3.12%
pattern,3.12%
facing,3.12%
swimming,3.12%
picture,312.50%
neutral,106.25%
factor,106.25%
PS,106.25%
nonsense,3.12%
parts,3.12%
attacked,106.25%
lifestyle,3.12%
enemy,3.12%
block,106.25%
Three,106.25%
stage,106.25%
regard,3.12%
exclude,3.12%
Afraid,106.25%
strike,209.37%
wise,106.25%
spam,3.12%
AI,3.12%
attachment,3.12%
nauseous,209.37%
popular,312.50%
AF,3.12%
workers,209.37%
brains,3.12%
Go,312.50%
irritated,3.12%
member,3.12%
unbelievably,106.25%
quotes,209.37%
bath,106.25%
Again,106.25%
bipolar,209.37%
private,209.37%
somone,3.12%
lows,106.25%
apathy,3.12%
breathing,312.50%
lmao,3.12%
bars,3.12%
knowledge,3.12%
complaining,209.37%
Tinder,106.25%
veteran,209.37%
overweight,3.12%
medical,415.62%
bubble,3.12%
punishment,106.25%
desired,106.25%
foster,3.12%
tree,3.12%
train,3.12%
crush,106.25%
island,3.12%
Guess,209.37%
beach,3.12%
fought,106.25%
Another,209.37%
amnesia,3.12%
searching,106.25%
distressed,3.12%
hospitalized,209.37%
crashing,3.12%
pretends,106.25%
respectful,3.12%
math,209.37%
beaten,3.12%
adjust,3.12%
convos,3.12%
decreased,3.12%
songs,106.25%
lifelong,3.12%
excepted,3.12%
evidence,3.12%
Online,3.12%
complaint,3.12%
Work,3.12%
noisy,3.12%
threatening,106.25%
Isn,106.25%
service,209.37%
US,106.25%
staff,106.25%
headphones,3.12%
attached,209.37%
aches,106.25%
snapped,3.12%
boom,3.12%
judgement,106.25%
showering,3.12%
2.5,209.37%
Sick,3.12%
deprived,106.25%
SORRY,3.12%
TOO,3.12%
joining,3.12%
confirm,3.12%
button,415.62%
compulsions,106.25%
comforted,3.12%
Told,3.12%
giant,3.12%
weakness,3.12%
permanently,3.12%
email,209.37%
regular,106.25%
particular,106.25%
momentarily,3.12%
shittier,209.37%
DONT,3.12%
forth,3.12%
humiliated,106.25%
discarded,106.25%
paper,209.37%
occasional,106.25%
imagining,106.25%
relax,106.25%
whoever,312.50%
crushed,3.12%
cheer,106.25%
tiktok,209.37%
latest,3.12%
points,3.12%
yoga,3.12%
increasingly,3.12%
mutual,106.25%
projects,3.12%
negativity,106.25%
comforts,3.12%
vibes,3.12%
cries,3.12%
socials,106.25%
GF,3.12%
blindsided,106.25%
anguish,3.12%
fantasy,3.12%
jpg,3.12%
epilepsy,106.25%
academics,106.25%
unintelligent,3.12%
mindless,209.37%
Male,3.12%
punchline,106.25%
interacts,3.12%
fianc,3.12%
feeding,209.37%
heat,3.12%
miserably,3.12%
stab,106.25%
cheap,312.50%
recent,312.50%
topics,3.12%
unalive,3.12%
psychologists,312.50%
23M,3.12%
deepest,106.25%
Their,3.12%
tiresome,106.25%
bull,209.37%
grandparents,106.25%
16th,209.37%
reward,312.50%
trans,415.62%
MDMA,312.50%
coparent,209.37%
tasting,54.69%
necessarily,209.37%
burn,54.69%
sky,54.69%
socialising,54.69%
healed,54.69%
offers,54.69%
dropping,54.69%
wrapped,54.69%
finger,364.06%
automatically,54.69%
refuses,54.69%
EMDR,54.69%
pulled,518.74%
Partner,54.69%
OUR,209.37%
headed,54.69%
NEVER,54.69%
cracked,54.69%
EVERYONE,364.06%
noticing,364.06%
laughter,54.69%
ring,54.69%
closure,54.69%
aspire,54.69%
internally,209.37%
settles,54.69%
entry,209.37%
Girls,54.69%
fleeting,54.69%
Nearing,54.69%
nursing,54.69%
WHEN,209.37%
dare,209.37%
overthink,54.69%
creates,54.69%
tremendously,209.37%
consistent,54.69%
4am,54.69%
convo,364.06%
diet,364.06%
resources,209.37%
disability,518.74%
yall,54.69%
notes,364.06%
served,209.37%
whos,54.69%
accurate,54.69%
shattered,209.37%
international,54.69%
reasonable,54.69%
weighs,209.37%
Hardly,54.69%
expects,54.69%
relevant,209.37%
moods,54.69%
Seeking,54.69%
slipped,54.69%
narcissist,209.37%
discard,54.69%
terrifies,54.69%
established,54.69%
smear,54.69%
virginity,54.69%
smartphone,54.69%
shape,209.37%
34,54.69%
providing,209.37%
panicking,54.69%
capability,54.69%
filling,54.69%
assuming,209.37%
guessed,54.69%
arrived,54.69%
grave,209.37%
deserved,209.37%
adopted,54.69%
ER,54.69%
friendsI,54.69%
agree,209.37%
instant,54.69%
continuously,54.69%
inevitably,209.37%
relating,209.37%
optimistic,54.69%
freaked,54.69%
wives,54.69%
goto,54.69%
brothers,209.37%
wakeup,54.69%
bursts,54.69%
realistic,54.69%
version,209.37%
cruelty,54.69%
succumb,54.69%
lady,209.37%
rly,54.69%
stresses,209.37%
nap,209.37%
contributes,54.69%
regardless,54.69%
minority,54.69%
cheating,828.12%
blamed,364.06%
messaging,54.69%
regretting,54.69%
bleak,54.69%
army,209.37%
max,54.69%
anythingI,54.69%
incompatible,518.74%
creatures,54.69%
Without,209.37%
PM,209.37%
hostile,54.69%
pumped,54.69%
matched,54.69%
urges,364.06%
religion,54.69%
labor,54.69%
pin,54.69%
rape,364.06%
timing,54.69%
arrested,54.69%
WAS,54.69%
weights,54.69%
soothing,54.69%
consequences,518.74%
prisoner,54.69%
setting,518.74%
terrifying,54.69%
comprehend,209.37%
frequent,54.69%
image,54.69%
apology,673.43%
repair,54.69%
solid,54.69%
entrance,54.69%
eachother,54.69%
roommates,54.69%
tantrum,54.69%
cell,54.69%
parenting,209.37%
favors,54.69%
Seems,54.69%
follows,54.69%
Made,364.06%
update,364.06%
Truth,54.69%
based,54.69%
chosen,209.37%
baseless,54.69%
delivered,54.69%
talent,54.69%
blanket,54.69%
Scared,54.69%
borderline,209.37%
fundamentally,364.06%
Ironically,54.69%
Get,54.69%
MADE,209.37%
TIRED,54.69%
EVERYTHING,54.69%
OUT,209.37%
suppress,54.69%
income,518.74%
daze,54.69%
commented,54.69%
proof,54.69%
scientists,54.69%
Worst,364.06%
unfathomable,54.69%
insecurity,209.37%
keen,54.69%
forgave,54.69%
restricted,209.37%
students,54.69%
til,54.69%
boss,209.37%
uneasy,54.69%
access,364.06%
Sleeping,518.74%
resent,982.80%
recall,54.69%
upsetting,54.69%
choosing,54.69%
symptom,54.69%
Felt,54.69%
ROCK,54.69%
mode,54.69%
replaced,54.69%
training,54.69%
spiralling,54.69%
emptying,54.69%
triggering,209.37%
intentional,54.69%
Crying,209.37%
20F,209.37%
inconvenience,54.69%
singing,54.69%
christmas,54.69%
covering,54.69%
reminding,54.69%
various,209.37%
obsessed,54.69%
impressive,54.69%
cave,54.69%
perfectly,364.06%
grandmother,54.69%
threatens,209.37%
Lets,54.69%
Writing,209.37%
feet,54.69%
added,54.69%
controlling,54.69%
aggressive,54.69%
sport,54.69%
Best,54.69%
GP,54.69%
Isolation,54.69%
unexpected,54.69%
ramble,54.69%
imgur,54.69%
traits,54.69%
Much,209.37%
shove,209.37%
welcomed,54.69%
reliable,54.69%
doubled,54.69%
insulted,54.69%
kidding,209.37%
35m,54.69%
49,54.69%
English,54.69%
Therapist,209.37%
overdraft,54.69%
Stay,209.37%
lonliness,54.69%
vague,54.69%
unavailable,54.69%
Hearing,54.69%
Christ,54.69%
relatively,54.69%
Based,54.69%
smokes,54.69%
Thoughts,54.69%
embrace,54.69%
sisters,54.69%
commiting,54.69%
crime,518.74%
burns,54.69%
perpetual,54.69%
healthier,54.69%
dedicated,54.69%
triggers,518.74%
pulling,54.69%
nail,54.69%
signing,54.69%
alternative,54.69%
record,209.37%
knots,54.69%
signs,828.12%
basics,54.69%
zoom,54.69%
ect,209.37%
EVEN,209.37%
Days,54.69%
devastating,54.69%
sickness,54.69%
hint,54.69%
mass,54.69%
outlet,54.69%
Boyfriend,209.37%
shoved,54.69%
patch,54.69%
require,54.69%
Shouldn,54.69%
crumbling,54.69%
snap,209.37%
hot,364.06%
reminders,54.69%
rested,54.69%
land,54.69%
habit,54.69%
spinning,209.37%
ridiculously,54.69%
awesome,364.06%
guarantee,209.37%
glasses,54.69%
prospects,54.69%
abt,209.37%
uncontrollably,54.69%
freaks,209.37%
inter,54.69%
booked,54.69%
REALLY,54.69%
GOD,54.69%
methods,364.06%
su,54.69%
pits,54.69%
degrees,364.06%
diploma,54.69%
BS,54.69%
ONLY,364.06%
costs,54.69%
jammed,54.69%
suffocated,54.69%
Broken,54.69%
lasted,54.69%
scapegoat,54.69%
cuts,209.37%
WANNA,54.69%
blowing,209.37%
approximately,54.69%
festering,54.69%
talented,364.06%
mornings,209.37%
fed,209.37%
agreed,54.69%
accused,364.06%
discuss,54.69%
handful,54.69%
difficulties,209.37%
crack,54.69%
TRIGGER,54.69%
cussing,54.69%
flow,209.37%
happiest,209.37%
platform,54.69%
dignity,54.69%
mins,54.69%
garage,54.69%
skip,54.69%
fragile,209.37%
facebook,209.37%
included,209.37%
tight,673.43%
accepting,54.69%
denial,54.69%
assaulted,982.80%
distancing,54.69%
stall,54.69%
infected,54.69%
unrelenting,54.69%
affirmation,209.37%
riding,54.69%
technical,54.69%
discovering,209.37%
brushed,54.69%
team,982.80%
partly,209.37%
stages,54.69%
changeI,54.69%
awards,209.37%
incorrectly,54.69%
recovering,54.69%
buried,518.74%
punish,54.69%
anonymous,209.37%
regards,54.69%
sought,209.37%
piss,54.69%
encouraging,364.06%
hag,54.69%
Phase,54.69%
gaslight,54.69%
Helping,54.69%
confusing,364.06%
losses,54.69%
CANT,364.06%
gaslighting,364.06%
shamed,54.69%
navigate,54.69%
chatter,54.69%
skinny,209.37%
Bad,54.69%
Canada,54.69%
melancholic,54.69%
fantastic,54.69%
entirety,54.69%
natural,54.69%
brutally,54.69%
window,209.37%
manager,209.37%
dissatisfied,54.69%
backwards,54.69%
crowds,209.37%
continent,54.69%
pride,54.69%
NOW,54.69%
required,54.69%
flipped,54.69%
satisfaction,54.69%
Damn,54.69%
unhealthy,518.74%
obese,54.69%
confusion,54.69%
spiraled,54.69%
injury,518.74%
ck,54.69%
Due,364.06%
lease,364.06%
union,54.69%
tone,54.69%
beside,54.69%
chill,518.74%
Stuck,54.69%
subtle,54.69%
masking,54.69%
peoppe,54.69%
Stop,54.69%
academic,54.69%
delete,54.69%
flushed,54.69%
denominator,54.69%
mentions,209.37%
teacher,209.37%
hideous,54.69%
initial,54.69%
unhappiness,54.69%
report,364.06%
VA,209.37%
EVERY,54.69%
receiving,209.37%
seizure,54.69%
2016,54.69%
flag,54.69%
frustration,209.37%
jealousy,54.69%
---,54.69%
pretended,209.37%
WHAT,54.69%
THEY,54.69%
intensely,54.69%
fairly,209.37%
extrovert,54.69%
Both,54.69%
pulse,54.69%
shrugged,54.69%
whatnot,54.69%
sunny,54.69%
abruptly,54.69%
Normally,54.69%
deprivation,54.69%
incel,54.69%
negatively,54.69%
destroys,209.37%
inept,54.69%
quoted,54.69%
disturbing,54.69%
uncertainty,54.69%
havoc,54.69%
18M,54.69%
BPD,54.69%
noon,54.69%
sits,54.69%
convincing,209.37%
taught,54.69%
coin,54.69%
fitting,54.69%
boxes,54.69%
bill,54.69%
madness,54.69%
discovered,54.69%
Relationships,54.69%
Dark,54.69%
horizon,54.69%
specially,54.69%
Making,518.74%
appt,54.69%
chances,54.69%
sold,54.69%
grows,54.69%
teach,54.69%
youre,54.69%
wellbutrin,54.69%
wrists,54.69%
smallest,54.69%
calming,54.69%
expressed,54.69%
serve,54.69%
chronically,673.43%
hookups,54.69%
attitude,54.69%
address,54.69%
glorious,54.69%
article,209.37%
freak,518.74%
worn,54.69%
nurses,209.37%
apologized,364.06%
relieved,209.37%
ing,54.69%
Idc,54.69%
America,54.69%
junior,54.69%
greatest,54.69%
ice,54.69%
9am,54.69%
Everywhere,54.69%
fam,54.69%
accounts,54.69%
gossip,364.06%
specifically,54.69%
horny,54.69%
limited,54.69%
doubts,54.69%
slim,54.69%
bullet,209.37%
GO,209.37%
THROUGH,54.69%
clinical,673.43%
bout,54.69%
patterns,209.37%
compounded,209.37%
depressant,54.69%
hangs,54.69%
shrug,54.69%
Bc,54.69%
row,673.43%
consent,364.06%
refusing,209.37%
fee,54.69%
14hr,54.69%
sulking,54.69%
arm,518.74%
ALWAYS,54.69%
Shows,54.69%
desirable,209.37%
bawling,209.37%
disliked,54.69%
double,209.37%
Throughout,54.69%
clueless,54.69%
funerals,54.69%
bottled,54.69%
swings,209.37%
unconditionally,209.37%
Antidepressants,54.69%
cognition,209.37%
oblivious,209.37%
Spending,54.69%
rule,209.37%
ecstasy,209.37%
molly,209.37%
loniless,209.37%
il,364.06%
Japan,209.37%
mold,209.37%
programs,209.37%
43,209.37%
acted,518.74%
Ah,209.37%
Months,209.37%
bathtub,54.69%
professor,209.37%
GET,209.37%
assault,364.06%
underweight,209.37%
betrayal,209.37%
subtly,209.37%
stubborn,209.37%
Ugh,518.74%
recognition,54.69%
Jobless,209.37%
psychiatrists,209.37%
despises,209.37%
std,209.37%
screamed,828.12%
autumn,209.37%
BUT,1137.49%
stifled,209.37%
victims,1137.49%
LDR,518.74%
pointed,209.37%
protect,518.74%
leading,209.37%
th,209.37%
taxes,209.37%
rooms,518.74%
LET,209.37%
racist,518.74%
adding,209.37%
destruction,209.37%
dealer,209.37%
faster,209.37%
signed,209.37%
abusers,209.37%
bliss,209.37%
items,209.37%
lacks,209.37%
giver,209.37%
behaviour,209.37%
animals,518.74%
grabbing,209.37%
BED,209.37%
treatments,518.74%
covered,518.74%
degraded,209.37%
resource,209.37%
lesbian,209.37%
prick,209.37%
marriages,209.37%
chapter,209.37%
ocean,1137.49%
Might,209.37%
Abuse,209.37%
LOVE,518.74%
TON,209.37%
soup,209.37%
Anymore,209.37%
lurking,209.37%
Americans,209.37%
inherently,209.37%
introduced,209.37%
sticks,209.37%
retreat,518.74%
boot,209.37%
ruins,518.74%
wondered,518.74%
companion,209.37%
prevents,209.37%
fatigued,209.37%
paragraph,209.37%
hes,828.12%
Married,209.37%
attracted,209.37%
soothe,209.37%
undeniably,209.37%
confirmed,209.37%
standstill,209.37%
RIP,518.74%
suspected,209.37%
Disease,209.37%
offline,209.37%
slaps,1137.49%
stared,209.37%
stairs,209.37%
ha,209.37%
cancelled,209.37%
ALIVE,209.37%
tag,209.37%
checkout,209.37%
slap,209.37%
paperwork,209.37%
yell,209.37%
damned,828.12%
spelling,209.37%
Child,828.12%
defensive,209.37%
cptsd,209.37%
STBX,209.37%
allergic,209.37%
journals,209.37%
meditation,209.37%
variety,209.37%
appears,209.37%
gambled,209.37%
nurse,828.12%
sickening,518.74%
replied,209.37%
forums,209.37%
OWN,209.37%
MYSELF,209.37%
WERE,209.37%
SHAPE,209.37%
YEARS,209.37%
headaches,518.74%
Through,828.12%
repressed,209.37%
recovered,518.74%
occurred,209.37%
nah,209.37%
warning,828.12%
spreading,518.74%
stating,209.37%
wan,209.37%
default,209.37%
Spoiler,209.37%
F23,209.37%
Giving,209.37%
150k,209.37%
Indian,209.37%
WHO,518.74%
library,209.37%
frame,209.37%
sleeps,209.37%
scenes,209.37%
disabilities,209.37%
noticeably,209.37%
alarm,209.37%
ny,209.37%
respite,209.37%
Anxiety,209.37%
select,209.37%
spoke,209.37%
chickened,209.37%
Friend,209.37%
MUCH,518.74%
EDIT,518.74%
coworker,209.37%
unpleasant,209.37%
purposely,209.37%
haunt,209.37%
insults,209.37%
Hes,209.37%
4pm,209.37%
lights,209.37%
boundary,209.37%
counselor,828.12%
eager,209.37%
charge,518.74%
native,209.37%
backed,209.37%
intelligent,209.37%
challenge,209.37%
penpals,518.74%
contributing,209.37%
Hold,209.37%
Posting,209.37%
irony,209.37%
belittles,209.37%
lord,209.37%
psychic,209.37%
horrific,518.74%
carve,209.37%
marks,209.37%
theyd,209.37%
harmed,209.37%
bully,209.37%
targeted,209.37%
Suffering,209.37%
Zoom,209.37%
rapist,518.74%
grab,209.37%
crimes,209.37%
tik,209.37%
Nope,209.37%
Nana,1137.49%
2000,518.74%
Sadly,209.37%
cus,209.37%
cleaning,209.37%
overlooked,209.37%
Start,518.74%
stagnant,209.37%
sleepy,518.74%
wisdom,209.37%
visa,209.37%
mixed,209.37%
eggs,209.37%
ITS,209.37%
wide,209.37%
anniversary,518.74%
colored,209.37%
match,209.37%
claim,1446.86%
tech,209.37%
gatekeeping,209.37%
classmate,209.37%
chemicals,209.37%
disposable,209.37%
overly,1137.49%
trivial,209.37%
articles,209.37%
ti,209.37%
forest,518.74%
decently,209.37%
Trigger,209.37%
nerves,209.37%
rising,209.37%
absent,209.37%
valuable,209.37%
someome,209.37%
Know,518.74%
believing,518.74%
Sarah,209.37%
frankly,518.74%
2pm,209.37%
highlight,209.37%
Doesn,209.37%
gut,518.74%
rebuilding,209.37%
shitless,209.37%
DV,209.37%
instructed,209.37%
utter,518.74%
punched,1137.49%
employees,209.37%
Doctor,209.37%
Note,518.74%
systems,209.37%
battled,209.37%
retail,518.74%
appropriate,209.37%
Wellbutrin,209.37%
ought,209.37%
thisMy,209.37%
swooped,209.37%
sweetheart,209.37%
MIT,209.37%
toy,209.37%
shaped,209.37%
device,209.37%
panicky,209.37%
infidelity,209.37%
jail,518.74%
subs,828.12%
Social,209.37%
resolved,209.37%
dishes,518.74%
wars,518.74%
ACT,209.37%
horrifying,209.37%
amongst,518.74%
overreacting,518.74%
LOT,518.74%
greater,209.37%
Toxic,209.37%
paramedics,518.74%
south,209.37%
Say,209.37%
ashes,518.74%
continued,209.37%
expired,209.37%
antique,209.37%
statistics,209.37%
praised,209.37%
journeys,209.37%
crybaby,209.37%
illusion,209.37%
remove,518.74%
score,209.37%
qualified,518.74%
grip,209.37%
slip,518.74%
filth,209.37%
refreshed,209.37%
equipment,209.37%
liar,1137.49%
created,518.74%
classrooms,209.37%
insomnia,209.37%
conflicting,209.37%
pinpoint,209.37%
unblocked,209.37%
FIRST,209.37%
patiently,518.74%
gardening,209.37%
hellhole,209.37%
smaller,209.37%
largest,209.37%
CPTSD,209.37%
attending,828.12%
cheapest,209.37%
extended,209.37%
exchange,209.37%
court,1137.49%
flipping,209.37%
tangled,209.37%
Hard,209.37%
stands,209.37%
bodies,209.37%
campaign,209.37%
portion,209.37%
unbelievable,209.37%
exhaustion,518.74%
OH,209.37%
adore,209.37%
application,518.74%
scarring,209.37%
threatened,1137.49%
hall,209.37%
fentanyl,209.37%
NSFW,518.74%
Luckily,209.37%
diversity,518.74%
original,209.37%
rocks,209.37%
socialization,518.74%
fetish,209.37%
harassment,209.37%
workplace,209.37%
underneath,828.12%
diagnose,209.37%
effecting,209.37%
gutter,209.37%
sorts,209.37%
Left,209.37%
relapsing,209.37%
Starting,209.37%
negate,209.37%
affects,828.12%
fingers,828.12%
twisted,209.37%
wits,209.37%
Health,209.37%
defeat,209.37%
locks,209.37%
quietly,209.37%
blocking,209.37%
growth,518.74%
wrecked,209.37%
naps,209.37%
legs,209.37%
irritating,209.37%
validate,209.37%
BECAUSE,209.37%
homelessness,209.37%
messing,209.37%
rampant,209.37%
neighbors,209.37%
pisses,518.74%
sanity,209.37%
picky,518.74%
Military,209.37%
remarks,209.37%
appointments,209.37%
maze,209.37%
shutting,209.37%
weigh,209.37%
500,518.74%
uses,209.37%
slit,518.74%
organisation,209.37%
Make,209.37%
furniture,518.74%
frightening,209.37%
deadI,209.37%
summary,209.37%
oneself,209.37%
baggage,209.37%
wears,209.37%
sincere,209.37%
anonymity,209.37%
advocate,209.37%
launched,209.37%
stigma,209.37%
ibuprofen,209.37%
http,209.37%
sides,209.37%
diary,518.74%
secluded,209.37%
storm,209.37%
begins,209.37%
2015,209.37%
equation,209.37%
reflect,209.37%
greatly,828.12%
site,209.37%
parade,209.37%
color,518.74%
insist,209.37%
Thx,209.37%
Shout,209.37%
Own,209.37%
pls,209.37%
FEEL,209.37%
dwell,209.37%
dysfunctional,209.37%
method,518.74%
paradoxical,209.37%
pan,209.37%
heaven,209.37%
Old,209.37%
tune,209.37%
abusing,209.37%
PEOPLE,209.37%
magic,209.37%
vowed,209.37%
respecting,518.74%
league,209.37%
ca,518.74%
SA,828.12%
Obviously,209.37%
sufferingI,209.37%
depending,209.37%
royally,209.37%
sadly,518.74%
disorders,209.37%
mountain,518.74%
collected,209.37%
stranded,209.37%
revive,209.37%
ANYMORE,209.37%
Chronically,209.37%
project,209.37%
Deeply,209.37%
sized,209.37%
intended,209.37%
via,828.12%
lifeI,209.37%
comparison,518.74%
Tonight,518.74%
location,209.37%
judgemental,209.37%
16ish,209.37%
controlled,209.37%
Weird,209.37%
joint,209.37%
INSERT,209.37%
NAME,209.37%
carried,209.37%
finalised,209.37%
split,518.74%
sliver,209.37%
abducted,209.37%
aliens,209.37%
genuinenly,209.37%
unbridled,209.37%
anymoreHelp,209.37%
underconfident,209.37%
roomFor,209.37%
PMDD,209.37%
happend,209.37%
learnings,209.37%
divergent,209.37%
confide,209.37%
mildly,209.37%
tinnitus,209.37%
eyesight,209.37%
relations,209.37%
fcuked,209.37%
fcuking,209.37%
Pain,209.37%
equally,209.37%
courteous,209.37%
Socially,209.37%
transphobic,209.37%
vast,518.74%
educational,518.74%
realising,828.12%
depressingly,209.37%
bangs,209.37%
nicely,209.37%
wakes,518.74%
Doubling,209.37%
Meds,209.37%
hindsight,209.37%
mourning,828.12%
wonderfully,209.37%
euthanized,209.37%
ASAP,828.12%
harassed,209.37%
Needing,209.37%
quote,1137.49%
transition,518.74%
exite,209.37%
dysmorphia,209.37%
ide,209.37%
gender,518.74%
19m,209.37%
dullest,209.37%
reservist,209.37%
dorm,209.37%
Club,209.37%
Drug,209.37%
Known,209.37%
Ecstasy,209.37%
Molly,209.37%
Promise,209.37%
Treatment,209.37%
Pure,209.37%
Dose,209.37%
Clinical,209.37%
Trials,209.37%
FDA,209.37%
Approval,209.37%
publishedreporter,209.37%
06,518.74%
researchers,209.37%
usepure,209.37%
precisely,209.37%
dosed,209.37%
FTA,209.37%
CALIFORNIA,209.37%
Lori,209.37%
skeptical,209.37%
ingredient,209.37%
participating,828.12%
trial,518.74%
trained,518.74%
psychotherapists,209.37%
recalled,209.37%
murder,209.37%
ditched,209.37%
richer,209.37%
complacent,209.37%
trend,209.37%
puke,518.74%
shotgun,209.37%
incidents,518.74%
rapid,209.37%
succession,209.37%
defeating,209.37%
powerful,209.37%
whiny,209.37%
brandy,209.37%
arbitrary,209.37%
Relishing,209.37%
hardtime,209.37%
Super,209.37%
darker,209.37%
sleepGod,209.37%
sunrises,209.37%
rudest,209.37%
rawest,209.37%
tittle,209.37%
tome,209.37%
romanticized,209.37%
viable,209.37%
participated,209.37%
refrain,209.37%
folks,1446.86%
skateboard,209.37%
fairs,209.37%
hs,209.37%
ima,209.37%
anytone,209.37%
cryJust,209.37%
suicidewatch,209.37%
spoiler,209.37%
ban,209.37%
idc,209.37%
capabilities,209.37%
Ditto,209.37%
Stupid,209.37%
scumbag,209.37%
doen,209.37%
freelance,209.37%
Pardon,209.37%
XD,209.37%
ping,209.37%
whore,209.37%
outer,209.37%
intertwine,209.37%
vitality,209.37%
instills,209.37%
53M,209.37%
unlock,209.37%
rotation,209.37%
effectively,209.37%
unsure,518.74%
holder,209.37%
formal,518.74%
likeable,209.37%
ALOT,209.37%
diferrrent,209.37%
irretating,209.37%
somehing,209.37%
persoanlitySilent,209.37%
True,209.37%
storyMy,209.37%
abour,209.37%
homeland,209.37%
States,209.37%
hanged,209.37%
urgently,518.74%
unappealing,209.37%
oriented,209.37%
driven,209.37%
Existential,209.37%
sexting,209.37%
cautious,209.37%
credentials,209.37%
iq,209.37%
phenomenon,209.37%
randos,209.37%
repaired,209.37%
ownership,209.37%
partnerDeleted,209.37%
Fb,209.37%
journalist,209.37%
greeted,209.37%
forza,209.37%
driveavatars,209.37%
HIS,209.37%
assLoneliness,209.37%
brutal,209.37%
ft,209.37%
recognised,209.37%
themI,209.37%
picks,518.74%
traumatize,209.37%
hypocrisy,209.37%
Emotional,209.37%
meandering,209.37%
uneducated,209.37%
criticism,828.12%
careful,828.12%
withI,209.37%
Called,209.37%
Videogames,209.37%
Reading,518.74%
twenty,518.74%
wimp,209.37%
resilient,1137.49%
Folks,209.37%
generalising,209.37%
Holding,209.37%
fele,209.37%
ponder,209.37%
slut,209.37%
unsatisfied,209.37%
alter,209.37%
DEFINITELY,518.74%
29yrs,209.37%
researching,209.37%
Aunt,209.37%
genealogy,209.37%
niece,518.74%
Btw,209.37%
miscellaneous,209.37%
20f,518.74%
indulging,209.37%
problematic,209.37%
assaulting,518.74%
Groundhog,209.37%
29yo,209.37%
Grew,209.37%
bachelors,209.37%
boards,209.37%
messes,209.37%
independency,209.37%
deactivating,209.37%
resembling,209.37%
wacky,209.37%
OVER,209.37%
HER,209.37%
DEATH,209.37%
PLS,209.37%
therpist,209.37%
7th,209.37%
30kg,209.37%
skeleton,209.37%
illegal,209.37%
collapsed,209.37%
bench,209.37%
released,518.74%
referred,209.37%
reenforced,209.37%
proportion,209.37%
unprofessional,209.37%
Vent,209.37%
overbearing,209.37%
actor,209.37%
infuriating,209.37%
dispensable,209.37%
Plato,209.37%
26m,209.37%
things.26,209.37%
rinsing,209.37%
anymore.23,209.37%
hibernate,209.37%
Xbox,209.37%
estranged,518.74%
ICU,209.37%
prospect,518.74%
sliently,209.37%
USA,828.12%
heals,518.74%
wounds,518.74%
goofs,209.37%
torment,209.37%
surrounds,209.37%
boarding,209.37%
78,209.37%
WHERE,209.37%
ENERGY,209.37%
sweep,209.37%
floors,209.37%
dressed,209.37%
nicest,209.37%
er,209.37%
tube,518.74%
toxically,209.37%
pessimistic,209.37%
barren,209.37%
valley,209.37%
impress,209.37%
Eight,209.37%
hurriedly,209.37%
PO,209.37%
Box,209.37%
knocked,209.37%
unimaginable,209.37%
stangnant,209.37%
Malta,209.37%
IGaming,209.37%
european,209.37%
nonexistent,209.37%
copy,518.74%
irritable,828.12%
momente,209.37%
unmasculine,209.37%
7x,209.37%
unenthusiastic,209.37%
1000,209.37%
Oahu,209.37%
reference,209.37%
charade,209.37%
gross,518.74%
october,209.37%
urged,209.37%
consulting,209.37%
baffled,209.37%
skint,209.37%
certificate,209.37%
poll,209.37%
fooked,209.37%
gunna,209.37%
evident,209.37%
manages,209.37%
grabs,209.37%
Umm,209.37%
layed,209.37%
shouts,209.37%
Wild,209.37%
disrespectful,209.37%
manipulated,209.37%
shaken,209.37%
impression,209.37%
sincerest,209.37%
pour,209.37%
deprive,209.37%
Rejected,209.37%
Terrifying,209.37%
wordsDoes,209.37%
cookies,209.37%
toughts,209.37%
eati,209.37%
explanatory,209.37%
reminisce,209.37%
Beginning,209.37%
stemmed,209.37%
standards,209.37%
troublesome,209.37%
lap,209.37%
aloud,209.37%
dayDoes,209.37%
defines,209.37%
repellant,209.37%
unloveable,209.37%
conflict,209.37%
arises,209.37%
sniff,209.37%
worseDo,209.37%
suggests,209.37%
Sorrow,209.37%
Psychiatry,209.37%
Planning,209.37%
empowered,209.37%
fended,209.37%
Quarantine,518.74%
uncaring,209.37%
Burned,209.37%
blasting,209.37%
masterbating,209.37%
twitter,518.74%
external,209.37%
separately,209.37%
nothings,209.37%
presense,209.37%
faliure,209.37%
peoplethe,209.37%
Coworkers,209.37%
Pictures,209.37%
gifs,209.37%
Communication,209.37%
Rude,209.37%
Witnessing,209.37%
toned,209.37%
Goodnight,209.37%
coffin,209.37%
godforsaken,209.37%
teaser,209.37%
Unhappy,209.37%
snapping,209.37%
ish,518.74%
splinter,209.37%
inflicted,518.74%
chunk,209.37%
8hours,209.37%
madly,209.37%
username,518.74%
herI,209.37%
aimed,209.37%
rhe,209.37%
comllerely,209.37%
nowLOOK,209.37%
VALENTINES,209.37%
STAB,518.74%
SINGLE,518.74%
PERSON,209.37%
SOME,209.37%
HALF,209.37%
PRICED,209.37%
backGetting,209.37%
independence,209.37%
Austin,209.37%
electricity,209.37%
Early,209.37%
Ex,1446.86%
motherfucker,209.37%
candlelight,209.37%
buckets,209.37%
pots,209.37%
patronizing,209.37%
flooding,518.74%
humorous,209.37%
Jonathan,209.37%
Safran,209.37%
Foer,209.37%
min,209.37%
depth,209.37%
Share,209.37%
anybodyHugs,209.37%
mxmtoon,209.37%
muchLoneliness,209.37%
quicksand,209.37%
reveal,209.37%
shadows,518.74%
strangling,209.37%
blackhole,209.37%
labored,209.37%
vision,209.37%
blurs,209.37%
demise,518.74%
Incel,209.37%
sympathise,209.37%
Fluoxetin,209.37%
Fluoxetine,209.37%
pharmacy,518.74%
stock,209.37%
tablet,209.37%
REASON,209.37%
brown,209.37%
welp,209.37%
dye,209.37%
occurs,209.37%
mopey,209.37%
dumping,209.37%
33M,209.37%
costed,209.37%
Others,209.37%
spite,209.37%
completeness,209.37%
Young,209.37%
roller,518.74%
coaster,518.74%
remap,209.37%
arno,209.37%
web,518.74%
contrary,209.37%
ArnoEverything,209.37%
62,209.37%
Full,209.37%
stripped,209.37%
streams,209.37%
polish,209.37%
Waste,209.37%
compliment,209.37%
untied,209.37%
independently,209.37%
cheat,209.37%
includes,828.12%
Anytime,209.37%
cigarettes,1137.49%
numerous,209.37%
interject,209.37%
SOMETHING,209.37%
bittersweet,209.37%
perks,209.37%
reeks,209.37%
quirky,518.74%
wannabe,209.37%
intent,209.37%
Instant,209.37%
unequipped,209.37%
duno,209.37%
Divorced,209.37%
secretary,209.37%
rom,209.37%
coms,209.37%
popcorn,209.37%
instinctively,209.37%
Bungo,209.37%
Stray,209.37%
Dogs,209.37%
Crunchyroll,209.37%
WATCH,209.37%
Stfu,209.37%
hiatuses,209.37%
ffs,209.37%
appearing,209.37%
retreats,209.37%
reservation,209.37%
hinted,209.37%
spitting,209.37%
LAZY,209.37%
lively,209.37%
accountable,209.37%
profanity,209.37%
belligerence,209.37%
softy,209.37%
trashed,209.37%
colors,209.37%
ts,209.37%
rumors,209.37%
management,518.74%
grammar,209.37%
furious,518.74%
urgent,209.37%
Ooookay,209.37%
intake,209.37%
eval,209.37%
electronics,209.37%
maddening,209.37%
essence,209.37%
se,518.74%
barbiturates,209.37%
therapeutic,209.37%
resisted,209.37%
Anemia,209.37%
schizophrenia,209.37%
deadly,209.37%
asset,209.37%
lala,209.37%
clown,209.37%
stunt,209.37%
alarms,209.37%
buzzing,209.37%
jokeI,209.37%
fluoxetine,209.37%
alpram,209.37%
vitamin,209.37%
momentary,209.37%
cruelest,209.37%
exercising,209.37%
helpI,209.37%
asthma,518.74%
risking,209.37%
neved,209.37%
unforgiving,209.37%
executed,209.37%
becouse,209.37%
colours,209.37%
missery,209.37%
acknowledging,209.37%
outlived,209.37%
usefulness,209.37%
Wonder,209.37%
bike,209.37%
wtfI,209.37%
withdrawn,209.37%
Guilty,209.37%
Unbelievably,209.37%
safely,209.37%
surprisingly,518.74%
crushes,209.37%
confronted,209.37%
aching,518.74%
Pressured,209.37%
papers,209.37%
drew,209.37%
heroin,209.37%
autonomy,209.37%
gynecologist,209.37%
combine,209.37%
individualism,209.37%
impacted,209.37%
replaceable,209.37%
uplifting,209.37%
suit,209.37%
WANTED,209.37%
rnWhen,209.37%
disocrd,209.37%
omgele,209.37%
Non,209.37%
soemone,209.37%
genuinly,209.37%
conventionI,209.37%
strugglingyk,209.37%
breakfeast,209.37%
cream,209.37%
vegatable,209.37%
weekI,518.74%
disgustingly,209.37%
restrict,209.37%
lbs,209.37%
Improve,209.37%
Talked,209.37%
Worked,518.74%
phsyical,209.37%
negated,209.37%
sweetness,209.37%
tasted,209.37%
grainy,209.37%
sand,518.74%
nourished,209.37%
GUILT,209.37%
guilting,209.37%
accomplishment,209.37%
ovethink,209.37%
witch,209.37%
rad,209.37%
homeschooled,209.37%
chase,518.74%
