feel,-38.70%
like,-15.51%
want,-18.77%
life,-11.58%
know,-29.13%
people,-7.80%
friends,-42.70%
get,0.55%
alone,-63.28%
even,-34.11%
time,-20.37%
really,-25.21%
never,2.95%
someone,-31.08%
lonely,-79.61%
talk,-40.95%
go,-8.19%
anyone,-25.77%
much,-15.45%
going,-18.30%
would,3.37%
My,18.95%
day,-8.32%
years,-14.08%
think,-14.35%
anymore,7.65%
feeling,-52.31%
anything,-6.84%
always,1.08%
make,-14.89%
love,-44.99%
things,18.42%
But,-9.82%
help,-22.72%
hate,40.07%
...,-0.28%
else,4.04%
need,-13.05%
family,8.53%
still,-35.99%
nothing,-7.32%
everyone,-17.03%
way,13.54%
ever,-36.68%
wish,-20.57%
could,-11.27%
loneliness,-91.10%
person,18.50%
see,9.37%
live,-10.90%
better,18.13%
good,-11.49%
work,1.28%
something,-17.13%
every,12.45%
depression,-19.67%
care,-41.56%
hard,-18.20%
back,9.03%
everything,31.83%
around,-17.22%
friend,-14.55%
tired,76.24%
say,16.30%
trying,-22.73%
end,-8.11%
happy,-4.26%
find,-15.28%
..,-24.04%
feels,-23.51%
away,-10.48%
try,2.55%
since,-23.50%
bad,-23.22%
point,-23.22%
got,18.45%
year,-21.78%
sad,-39.43%
right,-16.47%
keep,-15.82%
depressed,-44.79%
die,28.20%
makes,-2.58%
getting,0.89%
living,-19.31%
felt,-32.78%
home,-25.07%
lost,-28.34%
long,-2.84%
tell,44.56%
thing,23.95%
take,13.01%
lot,-41.42%
world,-15.42%
No,-48.06%
days,-3.54%
fucking,107.76%
So,-57.69%
dont,-30.45%
school,-45.40%
left,22.03%
im,-29.14%
wanted,26.18%
relationship,9.90%
thought,14.52%
social,-50.92%
mental,35.63%
also,-9.58%
last,-21.52%
He,85.87%
ago,-16.15%
without,-37.11%
many,-11.07%
job,-36.48%
hope,-9.70%
made,7.50%
old,-17.88%
best,-16.15%
new,-37.23%
months,8.77%
enough,59.49%
give,0.80%
stop,28.29%
told,138.89%
sleep,-20.37%
actually,-0.52%
tried,52.45%
pain,0.04%
What,33.39%
How,9.57%
come,-18.55%
said,139.56%
leave,-8.97%
kill,184.31%
worse,-32.54%
They,29.76%
single,-30.13%
health,-44.10%
Im,-28.42%
shit,84.05%
first,-17.70%
used,8.02%
parents,24.22%
others,-16.67%
past,15.29%
times,-31.01%
self,6.14%
bed,-30.57%
miss,-56.72%
understand,-24.27%
little,-24.27%
close,-61.89%
almost,4.81%
nobody,-49.69%
Just,-21.74%
sometimes,-32.02%
today,1.98%
place,-8.74%
thoughts,-60.07%
anxiety,-70.89%
reason,-0.32%
talking,-0.32%
wrong,64.18%
wanna,29.00%
mom,83.05%
look,1.09%
wants,-10.16%
well,7.80%
night,8.58%
She,195.58%
maybe,-51.39%
matter,22.40%
empty,-69.17%
seems,-19.26%
mind,-19.26%
Why,86.33%
done,137.78%
loved,-43.68%
literally,-11.74%
post,-18.04%
together,-36.96%
cry,-11.74%
kind,-17.42%
us,1.63%
let,9.65%
group,-9.70%
partner,22.55%
When,37.56%
completely,-8.29%
sure,-21.39%
started,12.24%
suicide,7.32%
okay,-39.63%
another,-12.10%
making,-39.14%
start,-4.56%
real,-25.01%
support,9.96%
hurts,-23.78%
though,3.94%
gone,-43.63%
There,-7.63%
ask,22.88%
went,51.79%
thinking,2.07%
able,-41.67%
different,10.33%
part,-40.64%
crying,-25.14%
put,4.81%
guess,-40.11%
looking,-47.12%
already,5.75%
feelings,51.08%
seem,-15.38%
spend,-30.77%
house,23.08%
pretty,55.27%
therapy,0.93%
whole,-14.60%
scared,0.93%
normal,-21.64%
suicidal,-12.99%
advice,-20.90%
either,-44.63%
Like,11.80%
cant,13.97%
worth,-26.74%
stay,30.25%
two,-18.60%
birthday,-91.78%
girl,-1.36%
probably,-33.59%
least,-16.15%
hurt,42.54%
constantly,-32.92%
week,-16.15%
truly,-49.18%
wake,1.63%
become,35.51%
hours,-15.31%
gets,79.67%
please,55.59%
Now,12.37%
fun,-13.56%
everyday,-30.85%
less,-73.80%
mean,31.01%
hug,-73.80%
girlfriend,-21.39%
might,4.81%
share,-38.22%
kids,7.04%
stuff,-10.80%
room,87.32%
fact,33.80%
change,15.96%
deal,80.32%
cause,26.22%
longer,-9.84%
guy,26.22%
Anyone,-54.92%
Does,9.37%
nice,-35.50%
remember,-44.72%
cares,-53.42%
future,-44.10%
weeks,39.75%
gonna,21.11%
energy,49.06%
meet,-25.47%
next,69.58%
yet,13.05%
head,4.81%
sucks,-42.83%
boyfriend,128.67%
struggling,-33.30%
human,-61.89%
relationships,-22.90%
People,7.25%
dad,192.49%
sick,55.99%
call,26.75%
college,-80.27%
found,18.37%
alive,-10.16%
honestly,39.75%
hang,-20.15%
fuck,838.29%
https,-69.69%
enjoy,1.02%
needed,11.12%
outside,-39.39%
taking,21.22%
high,-79.55%
worst,-7.97%
believe,13.87%
working,-48.24%
guys,-68.56%
Please,4.81%
supposed,4.81%
online,-16.15%
heart,16.75%
inside,-78.77%
often,-46.25%
experience,-35.50%
man,29.00%
conversation,-46.25%
mother,128.67%
dead,30.67%
finally,161.34%
etc,-11.74%
lives,-44.10%
big,-44.10%
bit,-55.28%
asked,22.98%
Even,-32.02%
....,24.64%
Loneliness,-88.67%
body,13.31%
starting,-9.35%
watching,-66.01%
move,14.86%
saying,121.26%
great,-30.13%
mentally,-18.48%
hell,74.68%
comes,4.81%
Sometimes,-30.13%
forever,-76.71%
died,4.81%
stuck,-17.33%
read,-52.76%
recently,6.28%
happened,-5.52%
married,-29.14%
husband,41.71%
moment,-40.11%
miserable,-52.09%
therapist,-28.13%
break,-39.24%
money,21.52%
idea,-39.24%
sorry,33.67%
trauma,57.97%
goes,118.73%
may,21.52%
games,9.37%
reach,-50.68%
child,109.62%
worthless,-38.35%
exist,-26.02%
&#,10.97%
x200B,10.97%
watch,-62.46%
phone,0.12%
Every,0.12%
happen,-74.97%
hear,12.63%
eat,25.14%
idk,1.63%
text,-11.07%
20,-49.18%
Nothing,-23.78%
Today,-36.48%
Don,-9.70%
burden,-22.60%
problem,54.79%
morning,-48.40%
face,67.69%
Maybe,-22.60%
rest,4.81%
interested,-34.49%
free,83.42%
moved,-21.39%
ex,175.12%
soon,31.01%
brain,31.01%
motivation,-60.70%
cannot,-8.29%
situation,-60.70%
sit,-60.07%
anxious,-73.38%
vent,-6.84%
dating,-33.45%
far,-20.15%
says,219.42%
genuinely,33.09%
wife,75.81%
ok,-72.95%
kid,-5.33%
Life,-31.27%
met,37.45%
interest,-72.51%
Hi,-31.27%
experiences,-72.51%
struggle,-17.53%
barely,-17.53%
busy,-58.08%
listen,11.80%
seeing,-2.18%
relate,-30.13%
video,-44.10%
show,-14.73%
contact,13.69%
usually,-71.58%
Am,42.11%
wanting,27.90%
play,-57.37%
problems,27.90%
afraid,27.90%
month,-14.73%
10,-57.37%
deserve,56.32%
deep,-85.79%
Do,-13.26%
cut,15.65%
bring,15.65%
instead,2.97%
dark,-70.58%
losing,-26.45%
kinda,-70.58%
anybody,2.97%
divorce,61.81%
message,-11.74%
small,32.39%
open,2.97%
constant,-41.16%
reading,-70.58%
gave,76.52%
coming,-26.45%
realize,47.10%
suffering,-26.45%
use,94.64%
hold,-55.08%
saw,19.78%
useless,-55.08%
physically,-40.11%
crazy,154.54%
spent,19.78%
needs,19.78%
true,49.73%
extremely,-25.14%
due,-25.14%
happiness,-40.11%
telling,21.96%
country,-69.51%
sense,-23.78%
couple,-54.27%
entire,-23.78%
death,-37.89%
Everyone,55.27%
joy,-68.95%
wonder,-68.95%
rather,10.74%
turn,42.38%
issues,-5.08%
knew,77.37%
difficult,-67.75%
horrible,45.12%
weird,-35.50%
age,12.87%
fucked,-35.50%
came,157.99%
walk,-35.50%
forward,-35.50%
late,-67.12%
full,-1.36%
killing,-67.12%
fine,-34.24%
asking,-1.36%
selfish,15.08%
gotten,-34.24%
Idk,-1.36%
emotional,-50.68%
anywhere,-49.69%
basically,-16.15%
physical,101.23%
After,84.46%
playing,-49.69%
woman,67.69%
Hey,-83.23%
hobbies,-32.92%
peace,-31.55%
currently,19.78%
father,122.45%
emotionally,-14.44%
connection,-82.89%
stopped,-12.66%
realized,-12.66%
decided,57.21%
fear,-30.13%
Everything,39.75%
keeps,-30.13%
connect,-82.53%
women,-12.66%
story,74.68%
broke,-47.60%
attention,92.15%
safe,-28.64%
broken,-28.64%
accept,-28.64%
childhood,-82.16%
Nobody,-10.80%
strong,-28.64%
ended,9.37%
date,-45.32%
Its,-81.77%
space,27.59%
took,82.28%
somewhere,-27.09%
sadness,-63.54%
sister,-8.86%
hit,118.73%
behind,67.69%
lose,-62.73%
dreams,-81.37%
continue,-62.73%
car,-62.73%
absolutely,142.22%
Thanks,-44.10%
meant,-42.83%
stupid,128.67%
sitting,-23.78%
beautiful,-42.83%
wait,52.45%
failure,-4.72%
born,-42.83%
whenever,-4.72%
lack,-61.89%
speak,14.34%
ones,-23.78%
hospital,33.39%
numb,-23.78%
trust,-42.83%
touch,-4.72%
given,-80.50%
called,270.49%
friendship,-80.50%
emotions,-2.50%
Someone,36.50%
angry,172.99%
especially,55.99%
waiting,39.75%
escape,-40.11%
young,-20.15%
Any,-0.18%
toxic,119.60%
suffer,-18.20%
15,63.60%
knowing,43.15%
Fuck,268.11%
pathetic,-38.65%
tomorrow,2.25%
30,-18.20%
cope,-59.10%
leaving,-59.10%
turned,43.15%
afford,-37.11%
fix,25.77%
25,-37.11%
cared,4.81%
chest,-58.08%
except,-58.08%
upset,172.50%
personality,67.69%
exhausted,25.77%
second,-16.15%
abuse,67.69%
reality,-16.15%
words,4.81%
medication,-58.08%
terrible,-14.00%
stand,7.50%
thank,-35.50%
belong,-35.50%
finding,-78.50%
whatever,-57.00%
Christmas,-57.00%
hopeless,-78.50%
divorced,114.99%
ugly,7.50%
seen,114.99%
loves,-57.00%
giving,-14.00%
simply,10.33%
disappear,-33.80%
quite,-33.80%
abusive,186.85%
moving,-33.80%
older,-55.87%
happens,76.52%
apartment,54.46%
music,-77.93%
writing,-77.34%
bother,-32.02%
fit,-9.35%
23,-77.34%
short,35.97%
mine,81.29%
yesterday,126.61%
men,58.63%
shitty,81.29%
happening,-9.35%
easier,-77.34%
purpose,-77.34%
later,13.31%
hour,103.95%
waste,-54.68%
sex,103.95%
pass,-9.35%
forget,-54.68%
mostly,-32.02%
Reddit,81.29%
com,-53.42%
wondering,-6.84%
Because,16.45%
existing,16.45%
void,-53.42%
helps,-53.42%
damn,86.33%
easy,86.33%
possible,-6.84%
girls,16.45%
fall,-30.13%
harder,-76.71%
skills,-30.13%
19,-6.84%
24,-76.71%
tonight,-6.84%
PTSD,249.36%
guilty,16.45%
plan,39.75%
laugh,43.74%
learn,-52.09%
children,19.78%
sort,-28.13%
isolating,-52.09%
changed,-52.09%
handle,-28.13%
sleeping,19.78%
somebody,-28.13%
conversations,-28.13%
killed,-4.17%
act,-76.04%
existence,-52.09%
knows,-4.17%
boring,-4.17%
super,-52.09%
18,-52.09%
reddit,-4.17%
low,19.78%
comfort,-26.02%
game,-75.34%
run,23.30%
suddenly,-26.02%
sub,97.29%
marriage,47.97%
ready,-50.68%
Since,-50.68%
emptiness,-75.34%
reached,-50.68%
focus,27.04%
negative,-23.78%
slowly,1.63%
romantic,-74.59%
ending,27.04%
meds,-23.78%
amazing,1.63%
mood,27.04%
posts,27.04%
fake,27.04%
helped,-49.18%
state,-49.18%
God,1.63%
question,103.27%
smile,-49.18%
talked,52.45%
brother,103.27%
none,31.01%
daily,4.81%
shows,-47.60%
comfortable,-73.80%
dream,-21.39%
dying,4.81%
course,-21.39%
ive,4.81%
expect,-21.39%
goals,-73.80%
friendships,-21.39%
fighting,135.82%
adult,-73.80%
despite,-47.60%
positive,-47.60%
half,57.21%
appreciate,-47.60%
huge,-45.91%
illness,197.52%
media,35.24%
along,35.24%
early,-18.86%
society,8.19%
bc,8.19%
loving,-45.91%
memories,-45.91%
likes,35.24%
drive,-72.95%
similar,-45.91%
12,62.28%
painful,-45.91%
courage,-45.91%
movies,-72.95%
17,-18.86%
texts,-18.86%
ill,-72.95%
reasons,8.19%
Sorry,116.38%
tears,8.19%
light,-44.10%
awkward,-72.05%
Being,-44.10%
ignored,39.75%
unable,11.80%
missing,-44.10%
abused,11.80%
somehow,-16.15%
taken,67.69%
loser,67.69%
attempt,95.64%
food,39.75%
survive,11.80%
pandemic,-16.15%
Edit,-44.10%
awful,11.80%
explain,-72.05%
yeah,-16.15%
severe,67.69%
healthy,-44.10%
title,73.48%
towards,131.30%
Lonely,-71.09%
company,15.65%
worried,-42.17%
failed,-71.09%
helping,15.65%
three,44.56%
caring,44.56%
earth,15.65%
issue,44.56%
posting,15.65%
drink,131.30%
name,-42.17%
stress,-13.26%
push,-13.26%
hand,-13.26%
socially,-71.09%
plans,-42.17%
Well,15.65%
side,109.62%
Feeling,-10.16%
stories,-40.11%
middle,79.67%
nights,-40.11%
thinks,169.51%
fight,169.51%
pointless,-70.05%
dog,-40.11%
quiet,49.73%
nearly,-10.16%
soul,79.67%
Also,79.67%
mad,169.51%
tv,-70.05%
hole,49.73%
funny,109.62%
anyway,-10.16%
heard,49.73%
www,-68.95%
process,55.27%
personal,-37.89%
However,-6.84%
eyes,24.22%
chance,-37.89%
Never,-6.84%
gives,-6.84%
unless,86.33%
jobs,-68.95%
pay,-6.84%
dumb,24.22%
dealing,-37.89%
Ive,-37.89%
lie,-37.89%
misery,24.22%
important,148.44%
waking,55.27%
liked,-37.89%
works,24.22%
weekends,-37.89%
choice,-68.95%
god,-37.89%
kept,117.38%
becoming,-6.84%
listening,55.27%
understands,-68.95%
became,-37.89%
hoping,-6.84%
affection,24.22%
sharing,-67.75%
cold,29.00%
impossible,-35.50%
complete,-35.50%
city,61.24%
case,-35.50%
hates,29.00%
ways,-67.75%
seriously,-35.50%
stressed,-67.75%
sound,-67.75%
fault,61.24%
weekend,-3.25%
notice,-67.75%
general,93.49%
Most,-35.50%
male,-3.25%
worry,-3.25%
staying,-67.75%
check,61.24%
whether,-35.50%
force,-35.50%
eventually,29.00%
drinking,-3.25%
bored,-3.25%
sexual,29.00%
must,34.16%
excited,34.16%
shut,-32.92%
worked,-32.92%
bf,34.16%
takes,34.16%
community,0.62%
minutes,-32.92%
looks,34.16%
means,-32.92%
totally,34.16%
ass,134.77%
genuine,-66.46%
moments,-66.46%
ignore,-66.46%
Everyday,0.62%
21,0.62%
stranger,-66.46%
pills,-32.92%
front,34.16%
perfect,-32.92%
forced,-32.92%
episode,-66.46%
cycle,-32.92%
avoid,74.68%
humans,-65.06%
keeping,4.81%
forgotten,-30.13%
lol,4.81%
desperately,-65.06%
Should,39.75%
multiple,4.81%
messages,4.81%
didnt,-30.13%
serious,-30.13%
cat,-65.06%
control,179.49%
planning,-30.13%
events,-27.09%
groups,45.82%
noticed,155.19%
incredibly,9.37%
terrified,-27.09%
tips,-63.54%
son,191.64%
everybody,-63.54%
gym,9.37%
apart,9.37%
write,-27.09%
desire,9.37%
looked,9.37%
sounds,-27.09%
wonderful,-63.54%
hanging,155.19%
experiencing,-63.54%
respond,45.82%
return,-27.09%
talks,-63.54%
diagnosed,-27.09%
interaction,-27.09%
word,118.73%
zero,-63.54%
growing,52.45%
uncomfortable,-23.78%
common,-23.78%
straight,52.45%
career,-61.89%
loss,-23.78%
Only,-23.78%
actual,52.45%
pushing,-23.78%
meaningless,14.34%
accepted,-61.89%
confidence,-61.89%
daughter,128.67%
clean,52.45%
hurting,52.45%
disconnected,-61.89%
imagine,-23.78%
brought,-23.78%
younger,52.45%
desperate,-61.89%
system,52.45%
internet,90.56%
strength,-23.78%
wasting,-23.78%
calls,14.34%
partners,-23.78%
fill,-61.89%
trouble,14.34%
random,-23.78%
distance,52.45%
wishing,-23.78%
special,14.34%
step,19.78%
non,19.78%
pretend,-20.15%
parent,59.71%
option,-20.15%
besides,19.78%
Wish,59.71%
oh,-20.15%
26,-20.15%
quit,19.78%
university,19.78%
absolute,59.71%
decade,-60.07%
hands,-20.15%
memory,19.78%
everywhere,19.78%
16,99.64%
immediately,-20.15%
content,-20.15%
study,19.78%
twice,-60.07%
members,-20.15%
account,59.71%
discord,-60.07%
set,139.56%
homeless,179.49%
within,-60.07%
Depression,19.78%
falling,-60.07%
2020,19.78%
tough,-20.15%
experienced,59.71%
Feel,-16.15%
public,-58.08%
proud,-16.15%
yes,67.69%
Honestly,-58.08%
exactly,-16.15%
mum,-16.15%
nowhere,67.69%
interesting,-58.08%
13,67.69%
meaning,-16.15%
ghost,-58.08%
buy,-16.15%
places,-58.08%
willing,-16.15%
drowning,-58.08%
cried,25.77%
venting,67.69%
intimacy,-16.15%
thats,-58.08%
thanks,-16.15%
Who,109.62%
news,25.77%
classes,-58.08%
jealous,151.54%
shell,-58.08%
fast,-58.08%
dinner,-58.08%
breaking,-16.15%
Day,-16.15%
Last,-16.15%
consider,-58.08%
send,120.65%
level,-11.74%
comment,76.52%
party,76.52%
annoying,76.52%
Yesterday,-55.87%
student,-11.74%
interact,32.39%
till,164.78%
cheated,32.39%
begin,-55.87%
stayed,-55.87%
These,120.65%
stronger,-11.74%
water,164.78%
certain,-11.74%
tells,164.78%
black,341.30%
order,297.17%
reply,-11.74%
starts,76.52%
glad,-55.87%
drunk,32.39%
tho,-55.87%
22,-55.87%
esteem,-55.87%
subreddit,253.04%
parties,-55.87%
rough,-55.87%
honest,-11.74%
boy,76.52%
weight,76.52%
ideas,32.39%
known,-53.42%
hide,-53.42%
terms,-53.42%
strangers,-6.84%
scary,-6.84%
hobby,-53.42%
choose,86.33%
Whenever,179.49%
professional,-53.42%
Here,-53.42%
opening,-6.84%
top,39.75%
door,505.56%
fell,-6.84%
awake,39.75%
rant,86.33%
sent,319.24%
blame,132.91%
loud,132.91%
20s,39.75%
crippling,-53.42%
suck,39.75%
TV,-6.84%
disgusting,132.91%
filled,-53.42%
definitely,39.75%
likely,-53.42%
hair,132.91%
joke,86.33%
improve,-6.84%
panic,-6.84%
town,-6.84%
manage,86.33%
woke,-6.84%
Tired,226.07%
cuddle,39.75%
causes,-53.42%
hearing,47.97%
leaves,-50.68%
express,-1.36%
Your,-1.36%
trapped,-1.36%
treat,97.29%
coworkers,-1.36%
asleep,47.97%
beyond,-50.68%
weak,-50.68%
communication,-50.68%
lying,47.97%
using,-1.36%
50,-50.68%
walking,47.97%
destroyed,97.29%
turns,47.97%
response,146.61%
Recently,-1.36%
spouse,-1.36%
overwhelming,-50.68%
function,47.97%
staring,-50.68%
meaningful,-50.68%
significant,-1.36%
caused,146.61%
onto,-50.68%
female,47.97%
breakdown,-1.36%
harm,343.90%
meeting,47.97%
nightmare,-1.36%
admit,4.81%
coffee,-47.60%
calling,-47.60%
cuz,-47.60%
temporary,109.62%
major,4.81%
ppl,109.62%
wrote,-47.60%
form,-47.60%
apps,57.21%
SO,581.26%
driving,109.62%
understanding,-47.60%
tend,-47.60%
fail,-47.60%
visit,-47.60%
worthy,57.21%
dropped,4.81%
teeth,4.81%
area,-47.60%
doesnt,109.62%
running,-47.60%
heavy,57.21%
appreciated,109.62%
exercise,4.81%
reaching,-47.60%
chronic,57.21%
period,-47.60%
successful,57.21%
poor,-47.60%
questions,109.62%
guilt,57.21%
minute,109.62%
Help,-47.60%
hardly,-47.60%
ghosted,57.21%
sign,-47.60%
breathe,57.21%
allowed,266.83%
fair,57.21%
abandoned,4.81%
throw,4.81%
cruel,57.21%
letting,57.21%
actively,11.80%
helpful,-44.10%
youtube,-44.10%
anyways,11.80%
Right,-44.10%
somewhat,11.80%
piece,123.59%
Living,-44.10%
40,-44.10%
texted,123.59%
slept,-44.10%
11,67.69%
peaceful,-44.10%
complain,-44.10%
biggest,11.80%
hopelessness,-44.10%
aware,-44.10%
hits,-44.10%
doctor,-44.10%
pull,-44.10%
pushed,11.80%
confused,11.80%
repeat,-44.10%
frustrated,67.69%
coward,-44.10%
Going,-44.10%
Me,11.80%
anger,347.18%
therapists,-44.10%
voice,67.69%
tbh,11.80%
skin,-44.10%
ptsd,235.39%
context,-44.10%
tiring,-44.10%
insane,11.80%
circle,-44.10%
bills,11.80%
kms,67.69%
calm,67.69%
messed,123.59%
urge,-44.10%
decision,67.69%
depressing,-44.10%
books,-44.10%
bunch,19.78%
cool,19.78%
jokes,259.34%
unbearable,-40.11%
realise,-40.11%
rn,79.67%
jump,139.56%
smoking,-40.11%
truth,19.78%
Oh,259.34%
note,19.78%
slow,-40.11%
14,19.78%
27,79.67%
watched,79.67%
ME,79.67%
answer,199.45%
crap,79.67%
nervous,19.78%
situations,-40.11%
properly,19.78%
art,-40.11%
easily,79.67%
number,79.67%
Friends,-40.11%
managed,19.78%
hated,79.67%
Will,79.67%
seeking,139.56%
rejection,-40.11%
exhausting,19.78%
bear,19.78%
randomly,79.67%
value,19.78%
blank,-40.11%
pick,199.45%
simple,19.78%
prefer,79.67%
dated,-40.11%
basic,79.67%
book,79.67%
travel,19.78%
antidepressants,19.78%
considering,-40.11%
walked,79.67%
carry,29.00%
received,286.99%
stable,-35.50%
activities,-35.50%
enjoying,-35.50%
deleted,-35.50%
dogs,-35.50%
planet,29.00%
judged,93.49%
traumatic,157.99%
judge,-35.50%
hopes,-35.50%
id,29.00%
pressure,29.00%
office,-35.50%
cancer,-35.50%
pretending,29.00%
majority,29.00%
attempted,-35.50%
Yes,29.00%
basis,29.00%
everytime,29.00%
cute,29.00%
videos,93.49%
endless,157.99%
wall,222.49%
present,29.00%
relief,-35.50%
symptoms,-35.50%
five,-35.50%
dumped,-35.50%
unlovable,29.00%
four,29.00%
closest,29.00%
Therapy,29.00%
hotline,-35.50%
embarrassed,-35.50%
edge,157.99%
Having,-35.50%
pictures,93.49%
roommate,-35.50%
opposite,29.00%
appointment,157.99%
closer,157.99%
posted,-35.50%
stomach,-35.50%
vulnerable,157.99%
thru,93.49%
line,-35.50%
favorite,-35.50%
ruin,-35.50%
lunch,-35.50%
beginning,179.49%
texting,-30.13%
autistic,39.75%
potential,39.75%
replies,-30.13%
mask,-30.13%
breakup,-30.13%
rid,39.75%
weed,-30.13%
flat,179.49%
Anything,-30.13%
NO,179.49%
earlier,-30.13%
friendly,109.62%
realizing,-30.13%
loop,-30.13%
sat,39.75%
final,-30.13%
Sunday,39.75%
trip,39.75%
cutting,-30.13%
atleast,-30.13%
kick,39.75%
expected,-30.13%
matters,-30.13%
kicked,249.36%
Long,39.75%
acquaintances,-30.13%
reminder,39.75%
throughout,109.62%
although,-30.13%
blocked,39.75%
sending,39.75%
His,249.36%
actions,39.75%
opinion,109.62%
opportunity,-30.13%
happier,-30.13%
Ever,179.49%
gotta,39.75%
comments,319.24%
mirror,109.62%
trigger,179.49%
active,39.75%
ability,-30.13%
odd,39.75%
routine,-30.13%
tunnel,-30.13%
corner,-30.13%
joined,-30.13%
wished,109.62%
havent,-30.13%
decent,39.75%
crushing,-30.13%
overcome,109.62%
mention,39.75%
burnt,39.75%
movie,-30.13%
hugs,39.75%
shower,39.75%
clearly,-30.13%
phase,39.75%
crisis,-30.13%
.....,-30.13%
including,249.36%
develop,39.75%
aside,-30.13%
however,-23.78%
normally,128.67%
unhappy,-23.78%
across,-23.78%
grew,52.45%
pray,204.90%
advise,-23.78%
learned,52.45%
list,52.45%
financially,-23.78%
communicate,128.67%
fire,128.67%
OK,-23.78%
disappointed,433.57%
refuse,-23.78%
sexually,128.67%
insecure,-23.78%
example,52.45%
fully,281.12%
laughs,52.45%
argument,128.67%
disabled,204.90%
60,52.45%
bringing,128.67%
capable,128.67%
excuse,52.45%
emotion,-23.78%
Depressed,-23.78%
achieve,-23.78%
100%,128.67%
Did,128.67%
ignoring,128.67%
neglect,-23.78%
noone,-23.78%
freaking,-23.78%
inner,52.45%
folks,281.12%
showing,52.45%
kindness,-23.78%
follow,-23.78%
attack,-23.78%
kills,52.45%
path,-23.78%
pregnant,52.45%
remind,128.67%
add,128.67%
main,-23.78%
amount,52.45%
assume,52.45%
generally,128.67%
solution,433.57%
success,52.45%
dude,-23.78%
smart,128.67%
recognize,52.45%
acting,-23.78%
Was,52.45%
graduated,-23.78%
suggestions,128.67%
dates,-23.78%
bullshit,281.12%
separated,128.67%
asks,52.45%
deeper,128.67%
realization,-23.78%
scream,509.80%
current,52.45%
psychiatrist,128.67%
bothered,52.45%
intense,52.45%
drugs,52.45%
minor,67.69%
screaming,319.24%
Tried,-16.15%
beat,151.54%
While,-16.15%
possibly,-16.15%
paying,235.39%
celebrating,67.69%
mistakes,-16.15%
ADHD,486.93%
fired,235.39%
expensive,-16.15%
baby,151.54%
trash,67.69%
nightmares,67.69%
stressful,-16.15%
dependent,-16.15%
financial,-16.15%
store,-16.15%
spoken,-16.15%
luck,-16.15%
compared,-16.15%
walks,-16.15%
supporting,-16.15%
plus,-16.15%
quick,67.69%
hardest,-16.15%
breaks,67.69%
gay,319.24%
cure,-16.15%
circumstances,-16.15%
sensitive,67.69%
disappointment,67.69%
chose,151.54%
stick,151.54%
count,151.54%
risk,-16.15%
First,-16.15%
Divorce,-16.15%
annoyed,-16.15%
despair,-16.15%
someday,67.69%
considered,67.69%
casual,-16.15%
hatred,235.39%
difference,151.54%
finished,-16.15%
couples,-16.15%
acknowledge,-16.15%
ghosting,-16.15%
behavior,151.54%
promise,-16.15%
ward,67.69%
abandon,-16.15%
Really,67.69%
Trying,151.54%
evil,151.54%
shot,-16.15%
changes,151.54%
breath,67.69%
Imagine,151.54%
vacation,151.54%
Valentine,-16.15%
doubt,-16.15%
irl,-16.15%
destined,67.69%
crave,-16.15%
specific,-16.15%
kiss,-16.15%
unfair,319.24%
Got,-16.15%
bare,-16.15%
victim,86.33%
clothes,86.33%
burning,-6.84%
asshole,86.33%
quality,86.33%
coping,86.33%
sake,86.33%
ground,272.65%
raped,645.31%
treatment,-6.84%
threatened,272.65%
shared,-6.84%
graduate,-6.84%
cook,-6.84%
excitement,-6.84%
information,179.49%
Saturday,-6.84%
whoever,179.49%
third,179.49%
laughed,272.65%
expecting,179.49%
habits,-6.84%
quickly,-6.84%
decide,86.33%
brush,86.33%
32,86.33%
Yeah,86.33%
healing,-6.84%
whatsoever,86.33%
card,-6.84%
chores,-6.84%
blood,179.49%
previous,86.33%
drop,86.33%
million,86.33%
throwing,86.33%
girlfriends,-6.84%
Love,-6.84%
military,831.63%
theres,-6.84%
couldnt,-6.84%
threw,86.33%
bullied,-6.84%
saved,86.33%
responded,-6.84%
business,179.49%
upon,86.33%
engage,86.33%
Those,86.33%
complicated,-6.84%
birth,179.49%
OCD,86.33%
ups,86.33%
Everytime,179.49%
platform,-6.84%
certainly,86.33%
planned,86.33%
moms,-6.84%
fucken,86.33%
anti,86.33%
rent,365.82%
cursed,86.33%
hi,-6.84%
result,179.49%
drama,272.65%
countless,-6.84%
receive,179.49%
permanent,365.82%
existed,-6.84%
Didn,-6.84%
character,86.33%
swear,86.33%
disease,179.49%
mid,-6.84%
Her,86.33%
taste,-6.84%
sweet,272.65%
guts,86.33%
Facebook,-6.84%
laughing,272.65%
Go,86.33%
interacting,179.49%
showed,86.33%
unfortunately,86.33%
interview,365.82%
ton,4.81%
activity,4.81%
dislike,214.43%
co,4.81%
YouTube,109.62%
About,4.81%
power,214.43%
episodes,4.81%
periods,109.62%
contacts,4.81%
rope,4.81%
sh,109.62%
member,4.81%
unsafe,4.81%
grief,214.43%
Two,109.62%
seemed,109.62%
forgive,4.81%
convinced,109.62%
action,4.81%
advantage,214.43%
inability,4.81%
heartbroken,4.81%
pure,4.81%
Seeing,214.43%
bipolar,4.81%
necessary,109.62%
medicine,4.81%
downhill,4.81%
ruining,4.81%
environment,4.81%
compare,4.81%
teen,109.62%
Still,214.43%
bank,109.62%
large,109.62%
YOUR,109.62%
manipulative,4.81%
attacks,109.62%
differently,109.62%
paranoid,4.81%
local,214.43%
obvious,4.81%
square,4.81%
insurance,4.81%
individual,109.62%
Went,109.62%
hey,109.62%
shopping,109.62%
anytime,4.81%
Dad,109.62%
Instagram,4.81%
apparently,319.24%
paid,319.24%
causing,319.24%
white,424.04%
views,214.43%
ignores,109.62%
computer,4.81%
apply,109.62%
grandma,319.24%
psych,109.62%
empathy,4.81%
exact,4.81%
focused,109.62%
frequently,4.81%
deserves,109.62%
Hopefully,4.81%
police,738.47%
paycheck,319.24%
ran,4.81%
Seriously,109.62%
stops,4.81%
began,109.62%
TW,4.81%
During,4.81%
Plus,109.62%
effects,109.62%
affair,4.81%
based,109.62%
app,4.81%
language,4.81%
email,214.43%
related,4.81%
overthinking,4.81%
worrying,109.62%
minimum,4.81%
credit,214.43%
law,4.81%
believing,19.78%
humanity,19.78%
believes,139.56%
involved,259.34%
relatives,19.78%
bridges,139.56%
bitch,379.13%
youtu,19.78%
Suicide,259.34%
WANT,19.78%
streets,139.56%
sun,139.56%
listened,19.78%
eye,19.78%
hurtful,139.56%
harsh,259.34%
drug,139.56%
info,139.56%
enjoys,139.56%
virgin,19.78%
history,259.34%
Tinder,139.56%
draining,19.78%
laundry,19.78%
thrown,19.78%
cuddling,19.78%
literal,139.56%
street,19.78%
defeated,139.56%
worries,19.78%
balls,139.56%
religious,259.34%
include,139.56%
roof,19.78%
haha,19.78%
hung,19.78%
suffocating,19.78%
addiction,139.56%
prison,19.78%
benefit,19.78%
quarantine,139.56%
agony,19.78%
arm,139.56%
loosing,19.78%
shaking,19.78%
blamed,139.56%
platonic,19.78%
Especially,139.56%
committed,139.56%
ambition,19.78%
pillow,139.56%
bright,19.78%
disgusted,259.34%
rich,19.78%
danger,19.78%
approach,19.78%
silly,19.78%
committing,139.56%
Each,139.56%
repeating,19.78%
remembered,19.78%
perhaps,19.78%
ur,19.78%
closed,139.56%
insecurities,19.78%
unattractive,139.56%
track,19.78%
torture,259.34%
communicating,19.78%
wild,139.56%
separation,19.78%
Anyways,379.13%
bottle,19.78%
thread,19.78%
Instead,19.78%
train,19.78%
spot,19.78%
answers,259.34%
mouth,19.78%
mentioned,379.13%
signs,19.78%
figured,19.78%
positivity,19.78%
usual,19.78%
Thanksgiving,139.56%
responsible,19.78%
surprise,19.78%
states,19.78%
Yet,259.34%
settle,19.78%
passions,19.78%
yr,139.56%
blow,379.13%
Once,379.13%
FUCKING,498.91%
ate,19.78%
functioning,379.13%
floor,139.56%
remembering,19.78%
cousin,19.78%
cake,19.78%
team,738.47%
dangerous,179.49%
picking,39.75%
stood,179.49%
answered,39.75%
topics,39.75%
channel,39.75%
identity,39.75%
slipping,39.75%
divorcing,179.49%
picked,39.75%
Back,39.75%
lied,179.49%
guidance,458.98%
view,39.75%
Without,39.75%
faking,179.49%
sink,39.75%
fog,39.75%
following,179.49%
hopeful,39.75%
needing,39.75%
attracted,39.75%
tragic,39.75%
grieving,39.75%
Anyway,39.75%
yk,39.75%
obviously,458.98%
suppose,39.75%
Probably,39.75%
fallen,39.75%
fed,39.75%
agree,319.24%
medications,179.49%
affected,319.24%
reads,39.75%
raised,458.98%
fought,39.75%
shock,179.49%
memes,179.49%
Hell,39.75%
refused,598.73%
outsider,39.75%
embarrassing,39.75%
befriend,179.49%
household,598.73%
stopping,39.75%
allow,39.75%
former,39.75%
illnesses,458.98%
universe,39.75%
SA,319.24%
paralyzed,39.75%
naturally,39.75%
emergency,39.75%
immediate,39.75%
tied,179.49%
deserving,39.75%
Watching,39.75%
toll,39.75%
countries,39.75%
insomnia,39.75%
instagram,39.75%
drove,179.49%
provide,179.49%
appear,39.75%
background,179.49%
Though,179.49%
mode,39.75%
fulfilling,39.75%
1.5,39.75%
arguments,319.24%
explaining,179.49%
triggers,39.75%
hostile,179.49%
Guess,179.49%
pissed,39.75%
admitted,458.98%
points,39.75%
worker,39.75%
yell,179.49%
opened,179.49%
dumbass,319.24%
fairly,39.75%
restaurant,39.75%
security,179.49%
bigger,458.98%
overdose,39.75%
occasionally,179.49%
friendless,39.75%
judgement,39.75%
ride,39.75%
Wednesday,179.49%
accidentally,39.75%
talents,39.75%
truck,39.75%
promised,39.75%
violent,39.75%
navigate,179.49%
bathroom,179.49%
officially,39.75%
utterly,39.75%
greatly,179.49%
popular,179.49%
Good,39.75%
excuses,179.49%
charge,179.49%
block,319.24%
triggered,179.49%
picture,458.98%
checked,39.75%
whilst,179.49%
unhealthy,39.75%
drains,39.75%
daydreaming,39.75%
attempts,39.75%
boys,39.75%
cops,179.49%
recover,39.75%
profile,179.49%
nothingness,39.75%
pm,319.24%
addicted,39.75%
appearance,179.49%
scare,319.24%
Update,39.75%
impact,67.69%
trusted,403.08%
treating,67.69%
thin,67.69%
arent,235.39%
offering,403.08%
followed,403.08%
lockdown,67.69%
anime,235.39%
HATE,235.39%
JUST,403.08%
fade,67.69%
Feels,235.39%
feedback,570.78%
frustration,235.39%
Dealing,67.69%
breathing,67.69%
dare,235.39%
precious,67.69%
reaction,67.69%
graduating,67.69%
potentially,67.69%
resources,67.69%
location,67.69%
ik,403.08%
monster,235.39%
allI,67.69%
fat,570.78%
court,570.78%
weather,235.39%
anguish,67.69%
test,235.39%
gold,67.69%
justify,67.69%
enter,235.39%
Tomorrow,67.69%
criminal,235.39%
win,67.69%
2023,67.69%
jail,235.39%
talkative,67.69%
knife,67.69%
DAE,67.69%
shortly,67.69%
bought,67.69%
session,67.69%
surviving,235.39%
drown,570.78%
negatively,67.69%
subject,67.69%
hiding,235.39%
foods,403.08%
feeding,67.69%
red,235.39%
total,235.39%
beating,67.69%
privacy,570.78%
Halloween,235.39%
uninteresting,67.69%
continues,235.39%
downs,235.39%
nowadays,67.69%
cooking,67.69%
shame,67.69%
solid,67.69%
ANYTHING,67.69%
Zoom,67.69%
insult,235.39%
Made,235.39%
update,67.69%
custody,235.39%
contacted,235.39%
meditation,67.69%
Despite,67.69%
crash,67.69%
kitchen,235.39%
initiate,67.69%
blue,403.08%
fantastic,67.69%
encouraging,67.69%
Mostly,67.69%
psychologist,67.69%
Whatever,67.69%
sleeps,67.69%
caught,67.69%
favor,67.69%
goddamn,67.69%
99%,67.69%
betrayed,235.39%
affecting,67.69%
despise,235.39%
bothering,67.69%
minimal,67.69%
Although,67.69%
pill,235.39%
cheer,67.69%
annoy,403.08%
shouting,235.39%
wasnt,67.69%
skill,67.69%
regular,67.69%
pisses,235.39%
skinny,67.69%
punishment,235.39%
garbage,67.69%
workers,403.08%
brains,67.69%
separate,67.69%
Nana,570.78%
counting,67.69%
adhd,67.69%
chronically,67.69%
requires,67.69%
MY,906.16%
marry,67.69%
isnt,403.08%
obsessed,67.69%
Jesus,67.69%
soft,67.69%
reduce,67.69%
fixed,403.08%
flashback,235.39%
verge,67.69%
desires,235.39%
refuses,235.39%
discussion,403.08%
spiraling,67.69%
peacefully,67.69%
COVID,67.69%
cheap,235.39%
Stage,738.47%
em,109.62%
bridge,109.62%
endure,109.62%
wondered,109.62%
October,109.62%
vibes,109.62%
corporate,109.62%
unsure,109.62%
fights,528.85%
laptop,109.62%
drives,109.62%
passes,109.62%
Netflix,109.62%
FUCK,319.24%
grocery,109.62%
aid,109.62%
noticing,319.24%
filed,109.62%
closure,109.62%
acknowledged,109.62%
key,109.62%
occasion,109.62%
blaming,109.62%
uninterested,109.62%
numbness,109.62%
attached,319.24%
crack,109.62%
severely,319.24%
suggested,319.24%
exists,109.62%
acts,738.47%
PM,319.24%
offended,109.62%
curse,109.62%
shape,109.62%
sell,109.62%
bubbly,109.62%
placed,109.62%
deserved,319.24%
adopted,109.62%
Such,109.62%
abortion,319.24%
learnt,319.24%
2000,319.24%
feminine,528.85%
initial,109.62%
Usually,109.62%
chapter,319.24%
website,319.24%
freaked,109.62%
lady,319.24%
POC,319.24%
leg,109.62%
explode,528.85%
proceeded,528.85%
forgetting,109.62%
meantime,109.62%
cheating,948.09%
noose,109.62%
prove,109.62%
incompatible,319.24%
fianc,109.62%
sport,109.62%
rape,319.24%
Tonight,109.62%
consequences,109.62%
comprehend,109.62%
Many,319.24%
videogames,319.24%
cynical,109.62%
shouted,109.62%
narcissistic,528.85%
newly,109.62%
plague,319.24%
gift,319.24%
hotel,109.62%
parenting,109.62%
paper,109.62%
OUT,319.24%
Through,319.24%
record,319.24%
sentence,109.62%
pls,109.62%
Stop,109.62%
remain,319.24%
football,109.62%
Anxiety,109.62%
anonymous,109.62%
sea,319.24%
kisses,109.62%
sober,319.24%
dirty,109.62%
depressants,109.62%
access,319.24%
Sleeping,528.85%
alcoholic,528.85%
peoples,109.62%
Shit,109.62%
Either,109.62%
decline,109.62%
coworker,319.24%
ties,109.62%
Lets,109.62%
Truly,109.62%
bothers,109.62%
floating,109.62%
med,109.62%
imgur,109.62%
pattern,109.62%
Much,109.62%
report,319.24%
convincing,109.62%
PS,109.62%
repeatedly,738.47%
gross,109.62%
freinds,319.24%
responsibility,109.62%
mindset,109.62%
rage,109.62%
scars,738.47%
Afraid,109.62%
wise,319.24%
spam,109.62%
instantly,319.24%
EVEN,109.62%
papers,109.62%
oblivious,109.62%
3rd,109.62%
awesome,319.24%
LOVE,109.62%
knowledge,109.62%
waited,319.24%
stab,319.24%
complaining,319.24%
90%,319.24%
agreed,109.62%
participate,109.62%
habit,109.62%
desired,109.62%
lmao,109.62%
smoke,109.62%
specifically,109.62%
official,109.62%
valuable,109.62%
lasts,109.62%
LIFE,528.85%
complaint,109.62%
Ugh,528.85%
threatening,109.62%
GET,109.62%
laws,109.62%
Making,109.62%
booked,109.62%
childish,319.24%
homework,109.62%
DO,319.24%
DONT,109.62%
whore,109.62%
shoulders,109.62%
chill,319.24%
grade,109.62%
shutting,109.62%
meanwhile,319.24%
mutual,109.62%
weakness,109.62%
race,109.62%
ostracized,109.62%
Their,109.62%
careful,528.85%
lease,319.24%
jpg,109.62%
effect,109.62%
70,109.62%
freak,528.85%
chair,109.62%
eternal,109.62%
resilient,109.62%
continued,179.49%
screamed,1297.45%
hoped,179.49%
formed,179.49%
schoolmates,179.49%
overlooked,179.49%
WHY,738.47%
protect,179.49%
grandmother,179.49%
deed,179.49%
flooding,458.98%
drifting,179.49%
headed,179.49%
DIE,179.49%
LIKE,179.49%
ring,179.49%
certificate,179.49%
cancelled,179.49%
settles,179.49%
creates,179.49%
lonliness,179.49%
pretends,458.98%
service,738.47%
tests,179.49%
stressing,179.49%
internally,179.49%
convo,738.47%
blunt,179.49%
teacher,179.49%
disability,738.47%
ice,179.49%
served,179.49%
whos,179.49%
accurate,179.49%
shattered,458.98%
abuser,1017.96%
bland,179.49%
reasonable,458.98%
smallest,179.49%
grave,179.49%
disappeared,179.49%
abusing,179.49%
resent,1856.43%
prettier,179.49%
accepting,179.49%
daughters,179.49%
land,179.49%
ck,179.49%
assuming,458.98%
judging,179.49%
noises,179.49%
ER,179.49%
Twitter,179.49%
destroy,179.49%
noise,458.98%
succeed,179.49%
sickening,458.98%
wives,179.49%
disturbing,179.49%
native,179.49%
heads,179.49%
remove,458.98%
steady,179.49%
offered,179.49%
Look,179.49%
traumatizing,179.49%
heartbreaking,179.49%
supports,179.49%
messaging,738.47%
box,179.49%
accused,1576.94%
00,179.49%
meI,179.49%
ideation,179.49%
threaten,179.49%
assaulted,1297.45%
release,458.98%
practically,179.49%
25M,179.49%
Doesn,179.49%
Listen,179.49%
bite,179.49%
WAS,179.49%
price,458.98%
setting,738.47%
disappearing,179.49%
Father,179.49%
damned,458.98%
cptsd,179.49%
chosen,179.49%
AM,738.47%
MADE,458.98%
EVERYTHING,179.49%
Found,179.49%
income,179.49%
mature,179.49%
rule,179.49%
commented,458.98%
hears,179.49%
wan,179.49%
Guys,179.49%
sits,179.49%
liar,179.49%
numbers,179.49%
accusing,458.98%
June,179.49%
crime,1017.96%
culture,179.49%
catching,179.49%
poll,179.49%
Hes,458.98%
gaslighting,458.98%
parade,179.49%
flight,179.49%
Writing,179.49%
notification,179.49%
damage,179.49%
insulted,179.49%
mechanism,179.49%
youre,179.49%
via,458.98%
English,179.49%
marks,179.49%
lord,179.49%
worlds,179.49%
clinical,738.47%
dedicated,179.49%
enemy,179.49%
zoom,179.49%
regard,179.49%
chase,458.98%
Before,179.49%
exclude,179.49%
backstabbed,458.98%
furniture,179.49%
teach,179.49%
awareness,458.98%
mass,179.49%
Canada,179.49%
AF,179.49%
inevitable,179.49%
LIVE,179.49%
denominator,179.49%
assault,179.49%
consent,179.49%
cus,179.49%
hot,458.98%
blocking,179.49%
rested,179.49%
scapegoat,179.49%
IM,458.98%
NOW,179.49%
guarantee,458.98%
shout,179.49%
claim,738.47%
freaks,458.98%
sadly,179.49%
Trauma,458.98%
dumping,179.49%
lower,458.98%
articles,179.49%
forest,179.49%
degrees,738.47%
500,179.49%
gutter,179.49%
joints,179.49%
Dead,179.49%
searching,179.49%
distressed,179.49%
gained,179.49%
veteran,738.47%
cuts,179.49%
excepted,179.49%
contribute,179.49%
rocks,179.49%
WARNING,458.98%
affects,458.98%
flow,179.49%
ungrateful,179.49%
Medication,179.49%
cigarettes,738.47%
toward,179.49%
deprived,179.49%
GO,458.98%
discussed,179.49%
confirm,179.49%
smaller,179.49%
hired,179.49%
trans,738.47%
Talking,179.49%
beers,458.98%
army,458.98%
occasional,179.49%
quirky,458.98%
refusing,458.98%
window,179.49%
manager,179.49%
dissatisfied,179.49%
crowds,179.49%
latest,179.49%
bull,179.49%
continuing,179.49%
injury,179.49%
2021,179.49%
flip,179.49%
negativity,458.98%
independence,179.49%
processing,179.49%
VA,458.98%
epilepsy,458.98%
unintelligent,179.49%
Constantly,179.49%
pretended,458.98%
wrists,179.49%
academics,179.49%
interacts,179.49%
whatnot,458.98%
deprivation,179.49%
incel,179.49%
PEOPLE,179.49%
destroys,179.49%
Worked,179.49%
irritating,179.49%
picky,458.98%
envy,179.49%
address,179.49%
serve,179.49%
psychologists,1017.96%
doubts,179.49%
MIL,179.49%
heroin,179.49%
gossip,738.47%
grandparents,179.49%
comparison,179.49%
motions,179.49%
irritable,458.98%
faceless,738.47%
shameful,319.24%
Share,319.24%
myselfI,319.24%
solidarity,319.24%
depth,319.24%
stifled,319.24%
private,738.47%
OUR,738.47%
WORLD,319.24%
EVERYONE,1157.71%
boundary,319.24%
referred,319.24%
trivial,319.24%
reduced,319.24%
pulled,319.24%
conscious,738.47%
Months,319.24%
accomplishment,319.24%
vacations,319.24%
grandpa,738.47%
racist,2834.65%
Girls,319.24%
indeed,319.24%
bliss,319.24%
behaviour,319.24%
punch,319.24%
quote,1157.71%
cream,319.24%
95%,319.24%
flowers,738.47%
aching,319.24%
grabbing,319.24%
betrayal,738.47%
HARD,738.47%
emailed,738.47%
covered,319.24%
manipulated,319.24%
guessed,319.24%
arrived,319.24%
prick,319.24%
unsatisfied,319.24%
inevitably,319.24%
allegedly,319.24%
goto,319.24%
speaker,319.24%
saturday,319.24%
Wow,319.24%
introduced,319.24%
burdening,319.24%
Hearing,319.24%
rate,319.24%
creatures,319.24%
flipped,319.24%
harassment,738.47%
kidding,319.24%
prime,319.24%
pin,319.24%
slaps,1576.94%
loose,1576.94%
stared,319.24%
DIDN,319.24%
duty,319.24%
war,319.24%
checkout,319.24%
slap,319.24%
challenge,319.24%
entrance,319.24%
tantrum,319.24%
follows,319.24%
Reading,319.24%
STBX,738.47%
blanket,319.24%
elaborate,319.24%
load,319.24%
BEING,319.24%
SHIT,319.24%
YEARS,319.24%
urges,319.24%
warn,319.24%
EX,319.24%
humble,319.24%
lash,319.24%
users,319.24%
insecurity,738.47%
restricted,738.47%
frame,319.24%
choosing,319.24%
ROCK,319.24%
club,319.24%
infidelity,319.24%
christmas,319.24%
perfectly,319.24%
reset,319.24%
gender,319.24%
applying,319.24%
threatens,738.47%
operate,319.24%
grieve,319.24%
surprised,738.47%
counseling,319.24%
counselor,1157.71%
reliable,319.24%
secure,319.24%
49,319.24%
pre,319.24%
PO,319.24%
overdraft,319.24%
Christ,319.24%
Based,319.24%
programs,738.47%
Three,319.24%
wonders,319.24%
vast,319.24%
discarded,738.47%
bully,319.24%
items,319.24%
ect,319.24%
toilet,738.47%
devastating,319.24%
murderer,319.24%
tik,319.24%
Boyfriend,319.24%
shoved,319.24%
Eight,319.24%
timing,319.24%
bath,319.24%
assaulting,738.47%
utter,738.47%
Know,738.47%
sleepy,319.24%
statement,319.24%
anniversary,738.47%
colored,319.24%
glasses,319.24%
bullet,319.24%
match,319.24%
perceived,319.24%
punched,1576.94%
disposable,319.24%
ego,319.24%
acceptable,319.24%
methods,319.24%
foster,319.24%
hes,738.47%
Weird,319.24%
league,319.24%
REALLY,319.24%
guardian,319.24%
punished,319.24%
pits,319.24%
diploma,319.24%
resilience,319.24%
suffocated,319.24%
hospitalized,1157.71%
blackout,1157.71%
WANNA,319.24%
sugar,1157.71%
talented,1157.71%
tantrums,319.24%
upside,319.24%
according,738.47%
quarter,319.24%
scene,319.24%
flags,319.24%
Wondering,319.24%
instructed,319.24%
reminding,319.24%
Isn,1157.71%
occurred,319.24%
US,319.24%
BUT,738.47%
dignity,319.24%
shall,319.24%
panicky,319.24%
aches,319.24%
facebook,738.47%
stages,319.24%
apt,319.24%
math,738.47%
technical,319.24%
brushed,319.24%
overreacting,319.24%
kicking,738.47%
badge,319.24%
Toxic,319.24%
spiritual,738.47%
punish,319.24%
THEY,319.24%
uncertain,319.24%
shotgun,738.47%
piss,319.24%
Black,319.24%
hag,319.24%
envious,319.24%
score,319.24%
convos,319.24%
gaslight,319.24%
victims,1996.18%
borderline,319.24%
shittier,1157.71%
critical,319.24%
CANT,738.47%
humiliated,319.24%
diagnosis,319.24%
cars,319.24%
Meds,319.24%
supposedly,319.24%
classrooms,319.24%
disorders,319.24%
patiently,738.47%
Wife,738.47%
yelled,738.47%
Shouldn,319.24%
estranged,319.24%
satisfaction,319.24%
garage,319.24%
Starting,319.24%
tone,319.24%
nonexistent,319.24%
masking,319.24%
anew,319.24%
violence,1157.71%
peoppe,319.24%
chain,738.47%
spiralling,319.24%
Ex,1157.71%
mentions,319.24%
screwed,319.24%
site,319.24%
hideous,319.24%
beer,319.24%
sympathy,319.24%
seizure,319.24%
flag,319.24%
bill,319.24%
billions,319.24%
Emotional,319.24%
mindless,319.24%
workplace,319.24%
ONLY,319.24%
crushes,319.24%
sorts,319.24%
VERY,319.24%
abruptly,319.24%
wits,319.24%
36,319.24%
electronics,319.24%
fitting,319.24%
glorious,319.24%
Own,319.24%
Relationships,319.24%
horrific,319.24%
grows,319.24%
Make,319.24%
Absolutely,1157.71%
expressed,319.24%
miscarriages,319.24%
storm,319.24%
bawling,319.24%
glance,319.24%
secluded,319.24%
genuinly,319.24%
wings,319.24%
angel,319.24%
trashed,319.24%
slid,319.24%
immense,319.24%
twenty,738.47%
underneath,738.47%
reminisce,319.24%
cheat,319.24%
attending,319.24%
humor,319.24%
fee,319.24%
stranded,319.24%
ALWAYS,319.24%
Chronically,319.24%
various,1576.94%
racism,319.24%
swimming,319.24%
cognition,319.24%
slum,738.47%
Roe,319.24%
Wade,319.24%
niece,319.24%
color,319.24%
il,319.24%
button,319.24%
substance,319.24%
littlest,319.24%
exam,319.24%
formal,738.47%
acted,738.47%
client,738.47%
diversity,738.47%
inclusion,738.47%
7th,319.24%
closing,1576.94%
compounded,319.24%
USA,738.47%
DMs,319.24%
stubborn,738.47%
undesirable,1576.94%
devil,738.47%
compulsions,738.47%
SINGLE,319.24%
despises,738.47%
careless,1157.71%
std,738.47%
Hispanic,738.47%
Mexican,738.47%
tasting,738.47%
proceed,738.47%
GOD,738.47%
NEVER,738.47%
LET,738.47%
trophy,738.47%
apology,4092.35%
adding,738.47%
destruction,738.47%
tremendously,738.47%
dealer,738.47%
insulting,738.47%
BED,738.47%
irrelevant,738.47%
intelligent,738.47%
degraded,738.47%
resource,738.47%
slut,738.47%
ocean,1576.94%
protests,2415.41%
Anymore,738.47%
inherently,738.47%
prevents,738.47%
political,738.47%
undeniably,738.47%
confirmed,738.47%
labor,738.47%
stairs,738.47%
ALIVE,738.47%
tag,738.47%
lifeless,738.47%
slip,738.47%
Child,2415.41%
therapies,738.47%
grass,1576.94%
nasty,738.47%
quarantined,738.47%
allergic,738.47%
journals,738.47%
gambled,738.47%
nuisance,738.47%
pro,738.47%
Problem,738.47%
OWN,738.47%
TIRED,738.47%
WERE,738.47%
SHAPE,738.47%
recovered,738.47%
FINALLY,738.47%
warped,738.47%
removed,738.47%
ASAP,1576.94%
F23,738.47%
keen,738.47%
Giving,738.47%
150k,738.47%
cyanide,738.47%
library,738.47%
contributed,738.47%
noticeably,738.47%
alarm,738.47%
fees,738.47%
insults,738.47%
participating,1576.94%
FaceTime,738.47%
shove,1576.94%
depending,738.47%
Posting,738.47%
irony,738.47%
belittles,738.47%
knocked,738.47%
aggressive,1576.94%
nail,738.47%
targeted,738.47%
Quarantine,1576.94%
PMs,738.47%
hardcore,738.47%
crimes,738.47%
user,1576.94%
hostility,738.47%
Great,738.47%
discard,738.47%
mixed,738.47%
eggs,738.47%
GOING,738.47%
wide,738.47%
marijuana,738.47%
aggressively,1576.94%
crawled,738.47%
dragged,738.47%
nerves,738.47%
jammed,738.47%
recommendation,738.47%
frankly,1576.94%
upi,738.47%
husbands,738.47%
blast,738.47%
wuss,738.47%
associated,738.47%
abnormal,738.47%
Note,1576.94%
STRONG,738.47%
ought,738.47%
swooped,738.47%
toy,738.47%
device,738.47%
largely,738.47%
smear,738.47%
wars,738.47%
grabbed,738.47%
ACT,738.47%
olds,738.47%
permission,1576.94%
uncle,1576.94%
manipulation,738.47%
TAKE,738.47%
Say,738.47%
ashes,1576.94%
antique,738.47%
statistics,738.47%
Told,738.47%
72,738.47%
mentioning,738.47%
pulse,738.47%
unblocked,738.47%
TRAUMA,738.47%
openly,738.47%
cheapest,738.47%
tendencies,738.47%
Japanese,738.47%
educational,738.47%
godforsaken,738.47%
Hard,738.47%
Miss,738.47%
bodies,738.47%
subtle,738.47%
preach,738.47%
moral,738.47%
businesses,738.47%
initiates,738.47%
lengthy,738.47%
blindsided,1576.94%
scenario,738.47%
mastered,738.47%
application,1576.94%
technically,1576.94%
spin,738.47%
coparenting,738.47%
resentful,1576.94%
object,738.47%
awkwardly,738.47%
fetish,738.47%
melt,738.47%
corona,738.47%
Left,738.47%
motherfucker,738.47%
legitimate,738.47%
locks,738.47%
naps,738.47%
slapped,738.47%
rampant,738.47%
Military,738.47%
weigh,738.47%
uses,738.47%
expects,738.47%
sincere,738.47%
pic,738.47%
Sick,738.47%
nurses,1576.94%
spoke,738.47%
flew,738.47%
Thx,738.47%
penis,1576.94%
diet,1576.94%
BECAUSE,738.47%
mud,738.47%
bird,738.47%
method,2415.41%
holes,738.47%
pan,738.47%
WHEN,1576.94%
award,738.47%
prostitutes,738.47%
polite,738.47%
TRIGGER,738.47%
fumble,738.47%
rapist,1576.94%
ANYMORE,738.47%
desirable,1576.94%
wrecked,738.47%
vowed,738.47%
Racism,738.47%
Hear,738.47%
unpleasant,738.47%
06,738.47%
html,738.47%
reviews,738.47%
realising,738.47%
selection,738.47%
gamed,738.47%
fcuked,738.47%
fcuking,738.47%
myelf,738.47%
tipping,738.47%
compensation,738.47%
44K,738.47%
errors,738.47%
felonies,738.47%
scum,738.47%
property,738.47%
blasted,738.47%
Productivity,738.47%
decreased,738.47%
unacceptable,738.47%
grammatically,738.47%
Doubling,738.47%
depressant,738.47%
dosage,738.47%
maze,738.47%
scape,738.47%
watering,738.47%
19m,738.47%
manner,738.47%
Turns,738.47%
themSociety,738.47%
WHAATTT,738.47%
harvard,738.47%
blablabla,738.47%
SUBHUMANS,738.47%
slaving,1576.94%
THESE,738.47%
repair,738.47%
richer,738.47%
complacent,738.47%
trend,738.47%
puke,738.47%
suspected,738.47%
domt,738.47%
incidents,738.47%
brandy,738.47%
concocted,738.47%
cab,738.47%
scam,738.47%
prey,738.47%
Mods,738.47%
rudest,738.47%
rawest,738.47%
tittle,738.47%
patinate,738.47%
participated,738.47%
refrain,738.47%
ing,738.47%
capabilities,738.47%
Ditto,738.47%
Stupid,738.47%
ping,738.47%
holder,738.47%
likeable,738.47%
ALOT,738.47%
diferrrent,738.47%
irretating,738.47%
somehing,738.47%
Diversity,738.47%
Inclusion,738.47%
request,738.47%
praised,738.47%
lauded,738.47%
inspiring,738.47%
apolovies,738.47%
hahahaA,738.47%
suggests,738.47%
balcony,738.47%
hanged,738.47%
urgently,1576.94%
detective,738.47%
attacker,738.47%
enormity,738.47%
aftermath,738.47%
investigation,738.47%
sexting,738.47%
cautious,738.47%
credentials,738.47%
iq,738.47%
fcked,738.47%
motivational,738.47%
disinterest,738.47%
cashier,738.47%
backhanded,1576.94%
bsf,738.47%
dicks,738.47%
meandering,738.47%
Called,738.47%
Videogames,738.47%
bathtub,738.47%
wimp,738.47%
fele,738.47%
ponder,738.47%
alter,738.47%
DEFINITELY,1576.94%
Btw,738.47%
problematic,738.47%
Groundhog,738.47%
29yo,738.47%
Grew,738.47%
bachelors,738.47%
boards,738.47%
messes,738.47%
independency,738.47%
row,3253.88%
Therapist,738.47%
released,738.47%
reenforced,738.47%
blowing,1576.94%
proportion,738.47%
unprofessional,738.47%
actor,738.47%
infuriating,738.47%
dispensable,738.47%
Plato,738.47%
cave,738.47%
rinsing,738.47%
avoids,738.47%
john,738.47%
doe,738.47%
prospect,738.47%
iphone,738.47%
tracking,738.47%
extended,738.47%
waters,738.47%
Kicker,738.47%
apologized,3253.88%
ENERGY,738.47%
sweep,738.47%
floors,738.47%
dressed,738.47%
toxically,738.47%
pessimistic,738.47%
barren,738.47%
valley,738.47%
impress,738.47%
hurriedly,738.47%
Box,738.47%
stangnant,738.47%
symptom,738.47%
flinch,738.47%
grunt,738.47%
copy,738.47%
momente,738.47%
unmasculine,738.47%
7x,738.47%
skint,738.47%
fooked,738.47%
gunna,738.47%
evident,738.47%
repulsive,738.47%
fixes,738.47%
grabs,738.47%
Umm,738.47%
layed,738.47%
shouts,738.47%
inlove,738.47%
Wild,738.47%
disrespectful,738.47%
shaken,738.47%
Phone,738.47%
unsaved,738.47%
gal,738.47%
enraging,738.47%
witness,1576.94%
explanatory,738.47%
pressures,1576.94%
intoxicants,738.47%
Way,738.47%
repellant,738.47%
unloveable,738.47%
conflict,738.47%
arises,738.47%
sniff,738.47%
closeAfraid,738.47%
worseSleeping,738.47%
snoring,738.47%
85%,738.47%
Mood,738.47%
Ring,738.47%
hubby,738.47%
chipper,738.47%
masterbating,738.47%
fever,738.47%
lip,738.47%
smacking,738.47%
breadcrumbs,738.47%
twitter,1576.94%
tiktok,2415.41%
wrongI,738.47%
faliure,738.47%
snapping,738.47%
aimed,738.47%
rhe,738.47%
comllerely,738.47%
nowLOOK,738.47%
THROUGH,738.47%
VALENTINES,738.47%
STAB,1576.94%
PERSON,738.47%
SOME,738.47%
HALF,738.47%
PRICED,738.47%
repeated,3253.88%
hardened,738.47%
butterfly,738.47%
WHAT,738.47%
violating,738.47%
fierce,738.47%
360,738.47%
believable,738.47%
Spending,738.47%
shadows,738.47%
Future,738.47%
Incel,738.47%
sympathise,738.47%
obsessively,738.47%
brown,738.47%
shrugged,738.47%
welp,738.47%
dye,738.47%
occurs,738.47%
mopey,738.47%
pleading,738.47%
Waste,738.47%
impressive,1576.94%
numerous,738.47%
interject,738.47%
perks,738.47%
reeks,738.47%
havoc,738.47%
established,738.47%
wannabe,738.47%
intent,738.47%
Instant,738.47%
Co,1576.94%
unequipped,738.47%
duno,738.47%
instinctively,738.47%
appearing,738.47%
greet,738.47%
retreats,738.47%
reservation,738.47%
hinted,738.47%
Certainly,738.47%
complains,1576.94%
renewal,738.47%
spitting,738.47%
accountable,738.47%
profanity,738.47%
belligerence,738.47%
softy,738.47%
flocks,738.47%
furious,1576.94%
urgent,738.47%
Ooookay,738.47%
intake,738.47%
eval,738.47%
maddening,738.47%
helpI,738.47%
Tok,738.47%
tok,738.47%
labelling,738.47%
eater,738.47%
Theyll,738.47%
PRETENDING,738.47%
delegitimizes,738.47%
neved,738.47%
timeline,738.47%
unforgiving,738.47%
executed,738.47%
becouse,738.47%
colours,738.47%
missery,738.47%
withdrawn,738.47%
Ironically,738.47%
confronted,738.47%
RE,2415.41%
perishable,738.47%
Pressured,738.47%
drew,738.47%
autonomy,738.47%
gynecologist,738.47%
nana,738.47%
pointed,738.47%
sir,738.47%
srry,738.47%
spelled,738.47%
Srry,738.47%
disocrd,738.47%
omgele,738.47%
Non,738.47%
soemone,738.47%
desert,738.47%
Men,738.47%
roughly,738.47%
70%,738.47%
googled,738.47%
penalized,738.47%
membership,738.47%
brutalI,738.47%
ovethink,738.47%
witch,738.47%
