like,22.51%
feel,26.15%
want,16.86%
life,29.35%
know,3.04%
people,8.80%
get,11.30%
time,-3.58%
even,0.42%
really,18.52%
friends,83.99%
never,29.53%
My,-10.37%
would,-12.64%
going,-9.93%
much,-12.75%
go,-9.66%
years,-10.78%
day,-14.04%
depression,-12.31%
think,-0.22%
someone,21.02%
things,2.42%
anyone,5.40%
help,-28.08%
alone,45.26%
anymore,43.57%
anything,57.01%
make,25.33%
feeling,6.18%
always,18.41%
better,15.85%
But,23.12%
talk,74.24%
hate,-7.35%
way,3.22%
love,-6.82%
still,-0.47%
could,-1.86%
else,-2.37%
back,10.99%
need,-26.71%
...,50.00%
work,-7.77%
depressed,-18.89%
good,8.32%
everything,26.14%
see,-3.36%
wish,0.93%
ever,-16.74%
something,17.36%
family,17.98%
every,-1.17%
tired,75.43%
lonely,85.45%
got,-9.30%
everyone,26.66%
live,51.64%
bad,-12.61%
say,16.09%
person,49.90%
nothing,81.58%
hard,36.58%
end,13.38%
trying,-31.28%
He,-44.12%
sad,-1.91%
care,-13.44%
fucking,-10.07%
since,30.85%
around,-2.20%
feels,16.65%
keep,-23.26%
die,7.91%
year,-19.84%
getting,-4.21%
point,-15.64%
try,41.22%
right,-8.99%
happy,76.13%
tell,-8.58%
take,-30.02%
away,24.90%
told,-17.10%
..,63.25%
makes,-29.03%
friend,35.51%
find,59.36%
said,-21.50%
thing,-10.11%
lot,-23.11%
last,-41.42%
living,26.13%
mental,-25.42%
stop,-5.52%
So,-31.97%
She,-69.68%
days,21.27%
thought,25.06%
long,-5.01%
many,-19.33%
worse,-14.32%
school,6.33%
shit,-5.48%
also,-21.02%
relationship,-16.60%
made,-12.38%
kill,-19.43%
wanted,1.88%
lost,34.48%
without,-5.17%
ago,32.71%
months,-21.20%
sleep,0.13%
today,-24.91%
felt,4.92%
world,22.44%
home,9.77%
parents,-36.29%
dont,-15.05%
im,-5.41%
best,0.11%
How,-47.77%
tried,14.23%
hope,-47.28%
enough,54.25%
job,1.37%
suicide,-20.42%
mom,-28.81%
give,-5.07%
times,-18.37%
They,13.75%
left,53.12%
past,-51.35%
old,-22.16%
first,-56.22%
actually,17.57%
come,3.96%
leave,-60.26%
What,0.42%
health,-69.87%
little,0.78%
suicidal,-29.20%
pain,36.55%
partner,-8.31%
Why,38.04%
No,33.90%
used,14.13%
thoughts,-11.81%
new,-0.70%
understand,-10.82%
crying,-57.07%
anxiety,-3.04%
done,2.35%
bed,13.99%
look,19.88%
let,-23.41%
miss,14.88%
well,-16.97%
Just,-11.44%
self,-15.98%
wrong,6.85%
us,-37.89%
night,-43.08%
started,-36.62%
sometimes,38.86%
cry,11.30%
reason,41.77%
together,-28.81%
therapy,-52.34%
thinking,-28.21%
scared,-46.16%
wanna,1.71%
When,20.16%
support,26.71%
okay,-45.46%
almost,-8.71%
normal,-14.79%
though,10.99%
sure,-13.29%
kind,24.42%
others,12.98%
able,-11.34%
dad,-48.64%
making,23.10%
start,-15.77%
social,-8.45%
went,-8.02%
seems,32.01%
put,-0.52%
talking,-0.52%
place,79.90%
post,-33.37%
two,-20.04%
another,42.63%
already,-38.87%
matter,43.32%
Im,16.02%
mind,16.59%
sick,-44.87%
week,-37.97%
hurt,-9.97%
There,40.59%
wants,27.17%
finally,-0.09%
loneliness,178.33%
literally,-7.22%
part,-56.96%
fuck,-20.69%
maybe,58.62%
close,60.26%
advice,-33.75%
gone,19.02%
hurts,57.88%
saying,-31.97%
Now,-9.30%
loved,-1.74%
different,-16.40%
next,30.60%
single,-15.49%
weeks,8.15%
Does,24.28%
guess,8.75%
Like,40.59%
gets,-14.08%
taking,-6.27%
constantly,-21.02%
room,-28.51%
whole,-12.63%
wake,-4.14%
stay,60.68%
feelings,-11.63%
happened,-19.66%
completely,29.28%
might,-59.60%
stuff,-18.73%
therapist,6.26%
real,6.88%
house,6.88%
deal,-17.30%
struggling,-50.38%
cant,-66.72%
remember,-16.81%
found,-16.31%
ex,-16.31%
looking,10.10%
pretty,2.25%
working,-23.31%
boyfriend,-5.70%
ask,-14.27%
nobody,11.45%
alive,11.45%
money,-31.42%
head,-22.37%
mean,-21.89%
seem,47.54%
hours,-12.68%
probably,-3.34%
mother,-11.58%
least,23.79%
sorry,-11.58%
please,-29.26%
kids,24.58%
yet,70.14%
child,-54.94%
says,-18.89%
worth,17.92%
longer,-9.30%
needed,17.92%
worst,-27.44%
gonna,-17.84%
everyday,48.97%
energy,179.32%
change,-5.64%
either,-14.50%
girlfriend,13.99%
divorce,-80.87%
call,-33.05%
honestly,44.44%
fact,73.33%
believe,16.35%
truly,-21.89%
telling,-80.34%
enjoy,37.64%
become,57.31%
empty,102.29%
man,-59.54%
girl,-29.20%
asked,1.15%
spend,-28.69%
eat,43.67%
issues,-27.64%
fun,-17.30%
dead,24.05%
Anyone,-6.27%
move,4.92%
etc,-58.03%
heart,-15.43%
hell,37.42%
guy,-25.44%
sucks,17.16%
Even,49.11%
horrible,-35.61%
cause,18.05%
body,18.05%
brain,18.05%
nice,-34.61%
morning,-45.51%
future,-34.10%
Please,-12.13%
recently,-1.15%
trauma,20.82%
People,-0.37%
lives,-66.79%
experience,-0.37%
less,-11.44%
supposed,77.12%
bit,-22.51%
came,-22.51%
college,-11.44%
called,-10.74%
abuse,-66.53%
phone,0.42%
Every,-10.02%
miserable,-10.02%
husband,-10.02%
mentally,-9.30%
birthday,-9.30%
stuck,-8.56%
due,14.30%
great,48.59%
happen,-30.86%
died,61.34%
hear,-30.86%
big,-41.42%
deserve,-17.99%
face,7.23%
Today,-16.60%
stupid,-3.87%
kid,-75.97%
Sometimes,44.20%
fine,32.18%
problems,-15.88%
toxic,-51.93%
high,57.56%
situation,-39.40%
problem,21.20%
married,-39.40%
wife,-38.87%
share,-38.34%
afraid,23.33%
broke,-63.00%
group,99.07%
break,-37.79%
forever,24.42%
cannot,-12.91%
human,61.74%
starting,25.53%
....,75.74%
month,-24.00%
guys,-62.00%
relationships,-11.34%
abusive,13.99%
goes,51.99%
often,-87.22%
death,27.81%
hit,-48.88%
barely,53.37%
read,4.14%
coming,-21.89%
suffering,4.14%
moment,83.95%
seeing,-73.72%
comes,-8.02%
upset,-20.42%
PTSD,-60.21%
Thank,-46.44%
10,-33.05%
wanting,-18.89%
took,-5.37%
motivation,48.70%
realize,48.70%
soon,22.85%
needs,-59.05%
online,22.85%
idea,10.27%
couple,-72.43%
Life,80.96%
inside,25.28%
full,-16.48%
far,67.04%
bring,-16.48%
rest,68.71%
20,-1.59%
watching,-57.82%
angry,-71.88%
outside,40.59%
cares,70.41%
ok,70.41%
father,-43.20%
sense,43.46%
Hi,0.42%
physically,0.42%
gotten,-42.62%
vent,-42.02%
Do,-42.02%
constant,-13.04%
killing,-42.02%
meet,30.45%
cut,-41.42%
sister,-41.42%
idk,47.99%
gave,18.39%
hug,-26.00%
knowing,-26.00%
Edit,-26.00%
Maybe,92.39%
entire,-55.60%
Don,-40.17%
losing,19.65%
woman,-85.04%
broken,-55.13%
asking,-25.22%
may,-10.26%
instead,51.17%
free,20.94%
anxious,-39.53%
After,20.94%
burden,20.94%
saw,20.94%
hold,-39.53%
words,-39.53%
moved,83.38%
happiness,52.82%
weird,-8.31%
emotional,22.25%
hang,116.30%
story,-7.30%
crazy,23.60%
Nothing,85.40%
lately,-7.30%
ended,-21.89%
show,-53.14%
usually,9.35%
absolutely,40.59%
meds,-53.14%
Everything,56.21%
&#,-52.61%
x200B,-52.61%
small,42.17%
knew,26.38%
Idk,42.17%
walk,-5.22%
keeps,-5.22%
exist,42.17%
difficult,11.83%
use,43.79%
fucked,-68.05%
worthless,59.76%
turn,75.74%
yesterday,59.76%
Fuck,-4.14%
spent,43.79%
sadness,-20.12%
medication,59.76%
sit,-19.20%
listen,29.28%
realized,-35.36%
damn,29.28%
emotions,-51.52%
forward,13.12%
eating,-3.04%
genuinely,-3.04%
hospital,13.12%
childhood,-50.96%
Any,-83.65%
stopped,48.86%
basically,48.86%
games,-33.84%
Am,32.32%
reading,48.86%
extremely,32.32%
reach,-66.53%
suffer,50.63%
play,-49.18%
ones,-15.31%
emotionally,69.39%
guilty,-66.12%
country,54.31%
illness,-65.71%
met,38.86%
struggle,56.21%
failure,4.14%
fix,-47.93%
wonder,-47.93%
dark,-64.85%
terrible,5.44%
conversation,93.31%
relate,40.59%
thank,-64.85%
state,-47.28%
anybody,42.37%
sleeping,-28.81%
age,24.58%
decided,6.78%
attention,24.58%
tomorrow,60.17%
reality,-11.02%
mad,-82.20%
awful,-27.90%
later,-9.88%
waiting,-9.88%
text,62.22%
Depression,8.15%
whatever,-63.95%
strong,-9.88%
interest,-45.22%
kinda,-26.97%
currently,-45.22%
young,-63.48%
low,-26.97%
15,103.49%
shitty,-26.00%
car,-26.00%
children,-62.51%
contact,12.47%
safe,-43.76%
food,-25.02%
physical,-25.02%
dating,-43.76%
lose,-24.00%
rather,108.99%
exhausted,70.99%
turned,108.99%
fear,32.99%
Its,-81.00%
born,32.99%
dreams,-5.01%
Everyone,51.99%
marriage,-62.00%
true,-5.01%
happens,34.81%
leaving,34.81%
late,34.81%
especially,-61.48%
happening,54.07%
second,-42.22%
useless,75.74%
behind,-0.99%
speak,-60.40%
dying,38.61%
severe,0.42%
numb,40.59%
fall,-19.66%
heard,-19.66%
harder,-59.83%
deep,-19.66%
easy,83.38%
process,-79.62%
open,-18.50%
sex,-59.25%
video,-59.25%
waking,-79.62%
cope,-59.25%
brother,63.01%
side,24.05%
three,24.05%
negative,-58.65%
ive,-17.30%
giving,-17.30%
seen,-37.97%
stress,-37.97%
afford,-79.02%
playing,-16.06%
changed,-79.02%
12,4.92%
diagnosed,4.92%
killed,67.87%
peace,4.92%
divorced,-58.03%
fighting,109.84%
busy,6.51%
wait,27.81%
moving,-36.09%
existence,-36.09%
knows,-57.40%
trust,-78.70%
talked,-14.79%
tears,6.51%
selfish,29.78%
Because,-56.74%
helps,-78.37%
possible,-13.48%
hobbies,-13.48%
depressive,-12.13%
30,-34.10%
continue,141.64%
accept,53.77%
Thanks,-34.10%
society,-56.06%
plan,53.77%
explain,9.84%
multiple,-56.06%
sitting,11.58%
minutes,-10.74%
simply,11.58%
ending,11.58%
handle,-33.05%
joy,123.16%
panic,-77.68%
adult,-9.30%
quite,-9.30%
towards,36.06%
effort,-31.97%
helped,-9.30%
fight,36.06%
suddenly,-9.30%
door,-31.97%
painful,-9.30%
super,-9.30%
wondering,-53.90%
message,15.24%
whenever,61.34%
abused,-30.86%
experiences,-53.90%
women,-30.86%
24,-76.95%
cared,-7.81%
19,-7.81%
space,38.29%
finding,-7.81%
hopeless,107.43%
half,-30.86%
cried,-53.14%
short,17.16%
mine,-6.27%
dealing,-53.14%
mood,87.46%
act,-76.57%
forget,40.59%
God,-6.27%
anywhere,42.98%
date,19.15%
tonight,-28.51%
name,19.15%
easier,-4.68%
lay,-4.68%
older,45.44%
comfort,93.92%
sort,-3.04%
Hey,-51.52%
eyes,45.44%
dream,21.20%
escape,21.20%
takes,45.44%
bc,-3.04%
important,118.16%
eventually,21.20%
waste,-27.28%
loves,118.16%
Nobody,69.68%
hour,69.68%
meant,47.99%
noticed,-26.00%
memories,-26.00%
fault,-26.00%
daily,-1.34%
lack,47.99%
music,97.32%
loving,23.33%
helping,-1.34%
pathetic,23.33%
healthy,-1.34%
positive,-49.79%
chest,-24.68%
smile,75.74%
kept,50.63%
early,0.42%
Sorry,25.53%
girls,50.63%
taken,27.81%
anyway,2.25%
ill,-48.88%
appreciate,-48.88%
push,27.81%
fake,53.37%
ugly,27.81%
ready,-74.44%
given,-73.96%
interested,4.14%
focus,4.14%
men,-47.93%
SO,-21.89%
Someone,-47.93%
somewhere,4.14%
personality,108.28%
writing,6.11%
huge,-20.42%
weekend,-46.95%
beautiful,-20.42%
comfortable,-46.95%
25,6.11%
18,112.21%
hurting,-73.47%
somehow,-46.95%
purpose,32.63%
courage,6.11%
tells,-20.42%
reasons,-46.95%
middle,-72.96%
drinking,-18.89%
option,8.15%
looked,-45.93%
sub,8.15%
posts,8.15%
clean,-72.96%
putting,8.15%
17,35.18%
However,-44.87%
mess,-44.87%
means,-44.87%
dog,-44.87%
stories,-72.43%
imagine,-72.43%
experienced,65.40%
cycle,68.71%
despite,-15.64%
existing,-15.64%
worried,-71.88%
pointless,68.71%
unable,40.59%
weight,-71.88%
moments,-15.64%
choice,-71.88%
immediately,-15.64%
became,12.47%
bother,-13.92%
light,-13.92%
course,14.77%
except,-13.92%
similar,72.15%
posting,43.46%
question,43.46%
partners,-71.31%
attempt,-13.92%
control,-13.92%
thinks,-41.42%
pass,46.45%
failed,75.74%
Well,17.16%
amazing,-41.42%
looks,17.16%
reddit,-12.13%
hoping,-12.13%
works,17.16%
Also,-41.42%
apartment,-41.42%
bf,-40.17%
god,-10.26%
impossible,19.65%
expect,-70.09%
run,-40.17%
class,-40.17%
son,19.65%
stand,-10.26%
passed,-70.09%
top,79.48%
apart,-10.26%
issue,-10.26%
front,-70.09%
mostly,19.65%
oh,-38.87%
along,144.51%
listening,113.94%
hearing,-69.44%
forced,-38.87%
tough,-38.87%
Should,-69.44%
Since,113.94%
Being,-6.27%
misery,-6.27%
turning,-6.27%
major,-68.76%
isolated,24.97%
Loneliness,306.16%
sound,-6.27%
nearly,-6.27%
pretend,-68.76%
general,56.21%
plans,-68.76%
none,123.67%
laugh,123.67%
personal,91.72%
gives,-36.09%
somebody,27.81%
exactly,-68.05%
spending,-36.09%
whether,-36.09%
episode,27.81%
hanging,27.81%
sounds,-4.14%
reached,-68.05%
woke,-36.09%
comments,-4.14%
check,27.81%
falling,59.76%
touch,91.72%
Reddit,-4.14%
amount,-1.91%
loss,30.78%
badly,-34.61%
dumb,30.78%
yeah,30.78%
thanks,-1.91%
pandemic,30.78%
allowed,30.78%
several,63.48%
sexual,-67.30%
parent,0.42%
title,0.42%
fit,100.85%
stressed,0.42%
cold,-33.05%
shut,-66.53%
survive,33.90%
23,-33.05%
staying,-33.05%
teeth,0.42%
connect,0.42%
lie,0.42%
word,0.42%
piece,-33.05%
type,-33.05%
sent,67.37%
doctor,33.90%
harm,-33.05%
belong,134.32%
trouble,0.42%
must,-31.42%
guilt,-31.42%
13,-65.71%
worked,-65.71%
joke,-65.71%
write,-31.42%
brought,2.87%
symptoms,-65.71%
daughter,-31.42%
worry,-65.71%
skills,37.16%
perfect,-31.42%
planning,-65.71%
16,-65.71%
connection,140.04%
Feeling,75.74%
nights,5.44%
wasting,-29.70%
game,-29.70%
sharing,-29.70%
disappear,110.89%
media,40.59%
funny,146.04%
chance,-64.85%
study,5.44%
complete,5.44%
didnt,40.59%
drive,5.44%
jobs,110.89%
Whenever,40.59%
case,-29.70%
friendship,75.74%
memory,146.04%
hates,-29.70%
soul,75.74%
lived,-29.70%
mistake,-64.85%
function,40.59%
actual,-64.85%
incredibly,-63.95%
slowly,44.20%
career,-27.90%
14,-27.90%
hands,44.20%
figure,80.25%
liked,-27.90%
force,-27.90%
asleep,-63.95%
attack,-63.95%
messed,-63.95%
weak,-63.95%
posted,-27.90%
set,44.20%
ignore,-63.95%
boring,8.15%
keeping,8.15%
known,10.99%
beat,-63.00%
temporary,10.99%
yes,10.99%
Never,10.99%
choose,10.99%
anger,-63.00%
void,195.98%
ways,-63.00%
Some,47.99%
drink,84.99%
earth,84.99%
struggled,10.99%
news,10.99%
supportive,-26.00%
holding,10.99%
younger,84.99%
Last,10.99%
growing,89.99%
common,-24.00%
pills,165.99%
talks,-62.00%
university,89.99%
ignored,13.99%
shower,13.99%
meaning,89.99%
quiet,165.99%
unless,13.99%
near,-24.00%
hole,241.98%
becoming,13.99%
male,56.21%
caring,56.21%
considering,-60.95%
appreciated,-60.95%
understands,17.16%
buy,56.21%
step,-60.95%
goals,95.27%
account,56.21%
loser,134.32%
excuse,17.16%
order,-60.95%
40,-21.89%
bunch,-19.66%
proud,20.51%
uncomfortable,-19.66%
straight,20.51%
Me,-19.66%
lucky,-19.66%
bullshit,-59.83%
quit,-19.66%
Yesterday,-19.66%
messages,20.51%
Things,20.51%
trapped,100.85%
Who,-59.83%
pushing,181.18%
ME,-19.66%
movies,-19.66%
excited,20.51%
fail,-19.66%
random,20.51%
caused,-59.83%
starts,20.51%
struggles,-59.83%
system,20.51%
texts,60.68%
honest,100.85%
send,24.05%
simple,24.05%
shows,-17.30%
avoid,-17.30%
loud,65.40%
effects,-58.65%
manage,24.05%
lol,-17.30%
chat,106.75%
water,-17.30%
till,148.10%
likes,24.05%
missing,24.05%
voice,-17.30%
respond,148.10%
Most,65.40%
throughout,-17.30%
walking,65.40%
trigger,-17.30%
goodbye,-17.30%
likely,24.05%
21,-17.30%
black,-17.30%
terrified,-58.65%
tips,-58.65%
non,27.81%
level,-57.40%
classes,-14.79%
failing,-57.40%
city,113.02%
treatment,-57.40%
kicked,-57.40%
exhausting,-57.40%
treat,-14.79%
tho,-57.40%
totally,-14.79%
venting,70.41%
jealous,-14.79%
suck,27.81%
emptiness,-14.79%
fast,-57.40%
bills,-57.40%
unhappy,-56.06%
thats,-12.13%
boy,31.81%
realised,31.81%
form,-12.13%
Ive,31.81%
awake,-56.06%
rant,-12.13%
disappointed,31.81%
brings,-56.06%
homeless,207.55%
heavy,-56.06%
grateful,-56.06%
Everyday,-12.13%
bathroom,-56.06%
romantic,31.81%
annoying,-12.13%
wishing,-56.06%
psychiatrist,31.81%
decade,36.06%
anyways,-9.30%
public,-9.30%
hide,-9.30%
awkward,81.41%
throw,-54.65%
spouse,-9.30%
forgotten,126.76%
overcome,-9.30%
nowhere,-54.65%
meaningless,126.76%
gym,-54.65%
50,-9.30%
understanding,-54.65%
wonderful,-9.30%
blame,81.41%
Hello,-9.30%
antidepressants,36.06%
pull,-54.65%
ends,36.06%
friendships,126.76%
interests,126.76%
Tired,217.47%
letting,-54.65%
mum,-53.14%
terms,-53.14%
besides,40.59%
weekends,-53.14%
hitting,-53.14%
five,-6.27%
onto,-53.14%
subreddit,40.59%
breakdown,-53.14%
strength,40.59%
Her,-53.14%
baby,-53.14%
hair,40.59%
conversations,87.46%
acting,-53.14%
drunk,-6.27%
tiring,-53.14%
poor,-53.14%
period,40.59%
dealt,-53.14%
disgusting,-6.27%
grow,40.59%
within,87.46%
depressing,87.46%
definitely,-53.14%
solution,87.46%
changes,-6.27%
nightmare,181.18%
normally,45.44%
response,93.92%
company,142.40%
episodes,45.44%
missed,-3.04%
ppl,-3.04%
doesnt,45.44%
willing,-3.04%
raped,45.44%
traumatic,45.44%
places,-51.52%
stayed,-3.04%
These,142.40%
lots,-51.52%
biggest,-51.52%
beyond,-3.04%
turns,-51.52%
Christmas,45.44%
apparently,-51.52%
improve,-3.04%
return,-3.04%
hardly,45.44%
ashamed,-3.04%
causes,93.92%
22,45.44%
fair,-51.52%
pick,-3.04%
attempted,-51.52%
affection,-3.04%
book,-3.04%
wasted,-49.79%
strangers,50.63%
rn,100.85%
party,151.06%
summer,50.63%
wrote,-49.79%
Only,50.63%
Day,0.42%
Been,-49.79%
everywhere,0.42%
trip,-49.79%
Still,0.42%
confidence,0.42%
aware,-49.79%
pushed,0.42%
Oh,0.42%
members,50.63%
stomach,-49.79%
fully,0.42%
chronic,50.63%
minute,0.42%
crap,50.63%
across,56.21%
average,-47.93%
Wish,108.28%
tv,-47.93%
26,56.21%
Lonely,264.50%
breakup,-47.93%
female,108.28%
earlier,-47.93%
hygiene,-47.93%
opening,-47.93%
everybody,-47.93%
calls,56.21%
hardest,4.14%
walked,4.14%
desperately,-47.93%
sweet,4.14%
easily,160.36%
twice,4.14%
scream,160.36%
confused,-47.93%
sudden,4.14%
stranger,108.28%
shell,56.21%
esteem,-47.93%
events,8.15%
mention,8.15%
potential,-45.93%
scary,62.22%
somewhat,62.22%
supporting,-45.93%
consider,-45.93%
zero,-45.93%
pressure,116.30%
frustrating,8.15%
success,-45.93%
texted,8.15%
Yes,-45.93%
routine,62.22%
insane,-45.93%
committed,8.15%
frustrated,8.15%
randomly,8.15%
argument,62.22%
videos,-45.93%
wall,62.22%
steps,8.15%
obviously,-45.93%
experiencing,8.15%
opinion,-45.93%
overwhelming,8.15%
admit,62.22%
basic,-45.93%
decision,-45.93%
cool,-43.76%
progress,-43.76%
properly,12.47%
replies,12.47%
distract,-43.76%
realise,68.71%
humans,-43.76%
motivated,-43.76%
create,-43.76%
flat,68.71%
student,181.18%
ghost,12.47%
desire,124.95%
answer,68.71%
drowning,12.47%
slept,12.47%
insurance,-43.76%
destroyed,-43.76%
genuine,68.71%
causing,12.47%
FUCKING,68.71%
bored,181.18%
silence,124.95%
behavior,-43.76%
socially,68.71%
seeking,68.71%
bear,12.47%
significant,-43.76%
kms,68.71%
smart,-43.76%
special,12.47%
screaming,-41.42%
asshole,17.16%
comment,-41.42%
clear,75.74%
matters,17.16%
isolating,75.74%
weed,-41.42%
distant,75.74%
stable,17.16%
accepted,-41.42%
Two,17.16%
extreme,75.74%
seemed,-41.42%
ideas,134.32%
current,75.74%
vulnerable,75.74%
generally,134.32%
isolation,17.16%
permanent,75.74%
content,-41.42%
promise,17.16%
ruin,17.16%
bringing,17.16%
deeply,17.16%
Honestly,17.16%
learning,-41.42%
degree,-41.42%
cats,17.16%
psych,-41.42%
drained,134.32%
breathe,134.32%
drugs,75.74%
cruel,75.74%
distance,192.90%
cuz,83.38%
endless,205.64%
Where,-38.87%
ADHD,83.38%
meeting,83.38%
ahead,-38.87%
strange,-38.87%
sat,83.38%
JUST,-38.87%
final,-38.87%
coworkers,22.25%
Recently,-38.87%
hopefully,83.38%
dropped,-38.87%
position,144.51%
intimacy,22.25%
shame,22.25%
relief,-38.87%
hated,22.25%
disappointment,-38.87%
reaching,-38.87%
hatred,22.25%
blocked,22.25%
pictures,22.25%
bottom,-38.87%
cost,-38.87%
hating,-38.87%
unfair,83.38%
actively,27.81%
lead,-36.09%
leaves,91.72%
sake,91.72%
Suicide,-36.09%
pray,-36.09%
cutting,-36.09%
surrounded,-36.09%
doctors,-36.09%
realizing,-36.09%
managed,91.72%
store,-36.09%
office,-36.09%
begin,27.81%
Did,27.81%
20s,91.72%
Lately,27.81%
event,-36.09%
comforting,-36.09%
Friends,27.81%
Will,347.34%
blood,91.72%
sexually,27.81%
New,27.81%
groups,155.62%
however,-36.09%
staring,91.72%
parties,91.72%
ward,-36.09%
arms,-36.09%
2020,219.53%
invited,33.90%
changing,33.90%
Would,100.85%
goal,-33.05%
jokes,100.85%
happier,-33.05%
unbearable,-33.05%
connections,234.74%
abuser,-33.05%
expensive,-33.05%
Living,33.90%
absolute,100.85%
perspective,-33.05%
watched,100.85%
rejected,33.90%
driving,100.85%
Alone,33.90%
respect,-33.05%
beginning,100.85%
spot,33.90%
everytime,-33.05%
laying,33.90%
Feel,-33.05%
studying,-33.05%
area,100.85%
productive,-33.05%
stick,33.90%
add,167.79%
filled,234.74%
discord,33.90%
brush,33.90%
test,33.90%
mirror,33.90%
Help,33.90%
tbh,-33.05%
pit,33.90%
wished,100.85%
recover,-33.05%
triggers,-33.05%
context,-33.05%
Yet,100.85%
believes,-29.70%
household,181.18%
jump,-29.70%
ability,-29.70%
Hope,-29.70%
grades,-29.70%
note,-29.70%
list,40.59%
financially,-29.70%
accident,40.59%
pretending,-29.70%
finished,-29.70%
decide,40.59%
crippling,40.59%
opposite,40.59%
lunch,40.59%
laundry,-29.70%
TW,-29.70%
Going,-29.70%
passing,40.59%
reply,40.59%
Therapy,181.18%
minor,-29.70%
spiral,-29.70%
solve,-29.70%
swear,-29.70%
fill,110.89%
families,-29.70%
majority,-29.70%
difference,40.59%
TV,-29.70%
Let,-29.70%
believed,-26.00%
alcohol,47.99%
possibly,47.99%
enjoying,-26.00%
rid,47.99%
mistakes,-26.00%
severely,-26.00%
alright,-26.00%
showed,-26.00%
opportunity,-26.00%
dogs,47.99%
build,-26.00%
interesting,-26.00%
disease,47.99%
shared,47.99%
learned,121.99%
stronger,-26.00%
communicate,-26.00%
hits,47.99%
breaks,47.99%
Was,47.99%
switch,-26.00%
devastated,-26.00%
COVID,47.99%
worthy,195.98%
achieve,269.98%
100%,-26.00%
main,-26.00%
ignoring,121.99%
military,195.98%
movie,195.98%
travel,195.98%
considered,-26.00%
meaningful,121.99%
hugs,121.99%
edge,47.99%
refuse,47.99%
calm,-26.00%
began,121.99%
typing,-26.00%
victim,-21.89%
paying,56.21%
EDIT,-21.89%
tries,-21.89%
illnesses,-21.89%
27,134.32%
interact,-21.89%
hopes,-21.89%
sobbing,-21.89%
details,-21.89%
Basically,-21.89%
cook,-21.89%
atleast,56.21%
peaceful,-21.89%
roommate,56.21%
expecting,-21.89%
First,-21.89%
zone,-21.89%
hopelessness,56.21%
Having,56.21%
torture,-21.89%
closer,212.43%
raised,-21.89%
draining,56.21%
becomes,56.21%
Yeah,-21.89%
Hopefully,-21.89%
screen,-21.89%
guts,56.21%
locked,56.21%
blank,290.53%
embarrassed,-21.89%
ghosted,56.21%
pieces,-21.89%
rent,-21.89%
pissed,-21.89%
upon,-21.89%
deeper,134.32%
coffee,-17.30%
picked,65.40%
While,-17.30%
committing,65.40%
enjoyed,65.40%
bullied,-17.30%
shoot,-17.30%
total,-17.30%
neck,-17.30%
slow,-17.30%
tend,148.10%
judge,65.40%
darkness,-17.30%
responsibility,65.40%
expected,-17.30%
reaction,65.40%
flashbacks,65.40%
grown,65.40%
obvious,-17.30%
Looking,-17.30%
60,65.40%
freaking,65.40%
taught,-17.30%
uni,-17.30%
knife,-17.30%
32,-17.30%
manipulative,-17.30%
hiding,65.40%
seconds,-17.30%
dumped,-17.30%
kills,313.51%
previous,-17.30%
pets,-17.30%
garbage,-17.30%
moms,-17.30%
deserves,65.40%
abandoned,230.81%
couch,-17.30%
anti,-17.30%
ton,-12.13%
carry,-12.13%
chores,-12.13%
schedule,339.35%
Instead,163.61%
team,-12.13%
sh,75.74%
walks,-12.13%
intense,251.48%
socialize,75.74%
mid,75.74%
breath,75.74%
Sunday,-12.13%
shy,-12.13%
birth,163.61%
rape,-12.13%
doubt,75.74%
source,75.74%
verbally,-12.13%
siblings,-12.13%
value,75.74%
heartbreak,-12.13%
monster,-12.13%
fed,-12.13%
street,-12.13%
assaulted,163.61%
crushing,-12.13%
shot,-12.13%
refused,-12.13%
Really,75.74%
local,163.61%
card,-12.13%
embarrassing,-12.13%
accidentally,-12.13%
appearance,-12.13%
skin,-12.13%
letter,-12.13%
silent,75.74%
stays,-12.13%
ideation,-12.13%
Covid,-12.13%
town,75.74%
boss,-12.13%
burnt,251.48%
rich,-12.13%
admitted,-12.13%
reminded,-12.13%
MY,163.61%
Trying,163.61%
results,-6.27%
autistic,87.46%
related,181.18%
id,87.46%
involved,-6.27%
29,87.46%
victims,181.18%
information,-6.27%
beating,-6.27%
paper,-6.27%
smoking,87.46%
rope,-6.27%
Too,-6.27%
loop,87.46%
compared,87.46%
wont,-6.27%
capable,-6.27%
complex,-6.27%
heartbroken,-6.27%
affect,-6.27%
bipolar,-6.27%
teen,-6.27%
habits,-6.27%
unfortunately,368.64%
emotion,181.18%
tunnel,-6.27%
ruining,-6.27%
condition,-6.27%
risk,-6.27%
damage,-6.27%
odd,87.46%
affected,-6.27%
interview,274.91%
faking,181.18%
rejection,-6.27%
train,-6.27%
closest,-6.27%
avoiding,-6.27%
neither,-6.27%
interaction,181.18%
essentially,-6.27%
result,-6.27%
cuddle,181.18%
disgusted,-6.27%
credit,181.18%
Everytime,-6.27%
per,-6.27%
stops,-6.27%
vacation,87.46%
Advice,-6.27%
couples,87.46%
rarely,181.18%
specific,274.91%
thru,87.46%
realization,87.46%
evening,0.42%
six,0.42%
reminds,0.42%
commented,0.42%
YouTube,0.42%
bday,602.96%
tragic,0.42%
power,201.27%
art,100.85%
Especially,0.42%
apps,100.85%
WANT,0.42%
FUCK,100.85%
fire,0.42%
bitter,0.42%
OK,0.42%
wishes,0.42%
rely,100.85%
inability,0.42%
Seeing,100.85%
intimate,100.85%
disconnected,0.42%
action,201.27%
disabled,100.85%
safety,0.42%
chore,0.42%
laughed,100.85%
Lost,0.42%
meal,0.42%
deserved,0.42%
despair,100.85%
unlovable,201.27%
opportunities,0.42%
decisions,100.85%
quickly,0.42%
assume,100.85%
destroy,0.42%
theres,0.42%
hi,301.69%
business,100.85%
block,0.42%
arguments,0.42%
apply,201.27%
excuses,0.42%
fixed,0.42%
prefer,100.85%
graduated,301.69%
nature,100.85%
Facebook,0.42%
aside,201.27%
Imagine,0.42%
bare,0.42%
activity,8.15%
bridge,116.30%
celebrate,116.30%
About,116.30%
harming,8.15%
alcoholic,116.30%
violence,116.30%
effect,8.15%
isolate,116.30%
afterwards,116.30%
unmotivated,8.15%
sink,8.15%
silly,224.44%
pleasure,8.15%
pure,116.30%
insecure,8.15%
autism,8.15%
fights,8.15%
yrs,8.15%
heavily,224.44%
sending,8.15%
smoke,8.15%
shock,8.15%
religious,8.15%
inner,332.59%
exact,332.59%
whatsoever,8.15%
remembered,224.44%
patience,8.15%
responded,116.30%
naturally,116.30%
ten,8.15%
rotting,8.15%
judged,116.30%
planned,8.15%
inevitable,116.30%
--,116.30%
ups,116.30%
evil,116.30%
repeating,8.15%
drama,116.30%
existed,8.15%
remembering,116.30%
2019,8.15%
promised,8.15%
childish,116.30%
fantasize,8.15%
affair,116.30%
overthinking,8.15%
burning,17.16%
33,17.16%
Time,134.32%
count,134.32%
counselor,17.16%
income,17.16%
greatly,17.16%
figured,17.16%
surprised,17.16%
2018,17.16%
friendly,134.32%
Feels,134.32%
attend,17.16%
boundaries,17.16%
teacher,17.16%
imagined,17.16%
fog,134.32%
processing,17.16%
arm,17.16%
Ever,368.64%
provide,17.16%
stage,17.16%
path,134.32%
laughs,251.48%
unknown,251.48%
folks,134.32%
necessary,17.16%
tied,17.16%
extent,134.32%
gaming,134.32%
narcissistic,17.16%
downhill,17.16%
surviving,17.16%
waves,134.32%
overall,134.32%
Probably,17.16%
finds,17.16%
Once,17.16%
owe,17.16%
dates,134.32%
differently,17.16%
Although,17.16%
shoulder,17.16%
dumbass,134.32%
crushed,17.16%
goddamn,17.16%
entirely,251.48%
million,17.16%
math,17.16%
blow,251.48%
explode,17.16%
Those,17.16%
afternoon,17.16%
psychologist,17.16%
officially,17.16%
cooking,17.16%
loose,251.48%
crash,17.16%
engage,251.48%
recognize,134.32%
utterly,134.32%
books,134.32%
signs,134.32%
med,134.32%
develop,17.16%
destined,368.64%
freak,27.81%
quality,27.81%
natural,27.81%
beings,27.81%
burned,155.62%
Had,27.81%
shoulders,27.81%
written,27.81%
HATE,27.81%
swings,283.43%
conscious,27.81%
Always,155.62%
deny,155.62%
wreck,155.62%
harsh,155.62%
led,27.81%
recovery,27.81%
offered,27.81%
task,155.62%
acquaintances,155.62%
whoever,27.81%
bleed,27.81%
socializing,27.81%
beauty,155.62%
responsible,155.62%
listened,27.81%
proceeded,155.62%
address,27.81%
counting,27.81%
hey,27.81%
assault,27.81%
violent,27.81%
discipline,27.81%
kindness,155.62%
torn,155.62%
ignores,27.81%
blamed,27.81%
Years,27.81%
receive,27.81%
abandon,155.62%
continues,283.43%
insult,27.81%
danger,27.81%
GF,27.81%
mouth,27.81%
scare,155.62%
cursed,283.43%
blah,283.43%
minimum,27.81%
lifetime,27.81%
recent,155.62%
language,27.81%
LIFE,283.43%
laughing,155.62%
functioning,27.81%
increasingly,27.81%
kinds,27.81%
cousin,283.43%
kicking,27.81%
unloved,181.18%
standing,40.59%
October,40.59%
air,40.59%
stood,40.59%
answered,40.59%
Another,40.59%
drag,40.59%
fulfilling,40.59%
relatives,40.59%
discussed,40.59%
wherever,40.59%
fianc,40.59%
Anything,181.18%
soft,40.59%
songs,40.59%
drives,40.59%
neglect,181.18%
bank,181.18%
snap,181.18%
bullying,181.18%
mindset,40.59%
Eventually,40.59%
threatening,40.59%
cure,40.59%
smallest,40.59%
introvert,40.59%
contemplating,181.18%
fate,40.59%
decades,40.59%
surprise,40.59%
maintain,40.59%
porn,40.59%
regardless,40.59%
crowd,181.18%
individual,40.59%
bright,321.78%
Usually,181.18%
gross,40.59%
compare,40.59%
english,40.59%
ungrateful,40.59%
Sad,181.18%
crime,462.37%
darkest,40.59%
feed,40.59%
sees,40.59%
hugged,40.59%
classmates,40.59%
superficial,181.18%
restaurant,40.59%
ambition,321.78%
addiction,40.59%
square,40.59%
ceiling,181.18%
deteriorating,40.59%
lovely,40.59%
immediate,181.18%
attached,40.59%
peacefully,40.59%
attacked,181.18%
tear,181.18%
30s,181.18%
wasnt,40.59%
disturbing,40.59%
toll,40.59%
privacy,40.59%
particularly,40.59%
urges,181.18%
frequently,181.18%
circle,40.59%
poverty,181.18%
toward,40.59%
35,40.59%
irl,40.59%
Didn,40.59%
character,321.78%
available,40.59%
senior,181.18%
Thanksgiving,40.59%
instantly,40.59%
states,40.59%
Unfortunately,181.18%
DO,40.59%
Ugh,181.18%
adhd,40.59%
complaining,181.18%
endure,56.21%
humanity,212.43%
appetite,56.21%
relax,56.21%
solitude,56.21%
Keep,56.21%
workers,56.21%
cheer,56.21%
boredom,56.21%
spoken,56.21%
noticing,56.21%
dislike,212.43%
Tonight,56.21%
hopeful,368.64%
background,368.64%
circumstances,212.43%
load,56.21%
prescribed,212.43%
hungry,56.21%
Went,56.21%
disability,524.85%
apathetic,56.21%
ik,368.64%
unwanted,56.21%
dm,56.21%
drain,212.43%
warmth,56.21%
defeated,212.43%
lady,56.21%
box,56.21%
cheap,56.21%
noone,56.21%
rage,56.21%
romantically,56.21%
realistic,56.21%
May,56.21%
drove,212.43%
levels,56.21%
hollow,56.21%
Though,56.21%
Jesus,56.21%
US,212.43%
downs,212.43%
worries,56.21%
ounce,56.21%
blur,212.43%
videogames,56.21%
counseling,56.21%
worker,56.21%
patch,56.21%
separation,56.21%
Wednesday,212.43%
betrayed,212.43%
answers,56.21%
schools,56.21%
.....,56.21%
conditions,56.21%
gaslighting,56.21%
checked,368.64%
whilst,212.43%
highly,212.43%
crush,56.21%
yr,56.21%
brains,56.21%
racism,212.43%
IM,56.21%
2021,56.21%
creep,56.21%
chronically,368.64%
chair,56.21%
hello,75.74%
BUT,75.74%
despise,75.74%
grandparents,251.48%
passion,75.74%
arent,251.48%
particular,75.74%
bridges,251.48%
contacts,75.74%
students,75.74%
excluded,75.74%
WHY,251.48%
overthink,75.74%
access,75.74%
poorly,75.74%
DIE,75.74%
EVERYONE,75.74%
streets,251.48%
Very,75.74%
excitement,75.74%
SHIT,75.74%
noise,251.48%
requires,75.74%
unsure,251.48%
Despite,75.74%
appealing,75.74%
behaviour,75.74%
sisters,75.74%
mourning,75.74%
passions,75.74%
4th,75.74%
careful,75.74%
faith,75.74%
lonelier,75.74%
yk,251.48%
HARD,75.74%
exercising,75.74%
rambling,75.74%
trans,251.48%
specifically,75.74%
YEARS,75.74%
bubbly,75.74%
talkative,75.74%
hot,75.74%
Such,251.48%
messy,75.74%
irritated,75.74%
drown,251.48%
double,251.48%
ghosting,251.48%
deserving,75.74%
feeding,75.74%
views,427.22%
lover,251.48%
dig,251.48%
incompatible,75.74%
spiraling,75.74%
practically,75.74%
nowadays,75.74%
pulling,251.48%
challenge,75.74%
snapped,75.74%
shallow,75.74%
Each,251.48%
bath,251.48%
bigger,75.74%
brutal,75.74%
OUT,75.74%
exam,251.48%
spam,75.74%
seven,75.74%
schoolwork,75.74%
liar,427.22%
clinical,75.74%
recommended,75.74%
skill,75.74%
grey,75.74%
peers,75.74%
Guess,427.22%
perfectly,75.74%
delete,75.74%
repeatedly,75.74%
mutual,75.74%
Damn,75.74%
enter,75.74%
interacting,427.22%
discussion,75.74%
veteran,75.74%
sadly,75.74%
punishment,75.74%
row,75.74%
kissing,75.74%
chill,251.48%
brief,75.74%
Found,100.85%
introverted,301.69%
substance,301.69%
31,100.85%
corporate,100.85%
thin,100.85%
aspects,100.85%
teach,100.85%
suffers,100.85%
overdose,100.85%
Worst,100.85%
convincing,100.85%
fade,100.85%
Without,301.69%
apology,100.85%
70,100.85%
immense,100.85%
Hearing,100.85%
discovered,100.85%
precious,301.69%
gained,100.85%
demons,100.85%
graduating,100.85%
irritable,301.69%
University,100.85%
potentially,100.85%
slip,100.85%
existential,100.85%
relevant,100.85%
disappeared,100.85%
decline,301.69%
willpower,100.85%
outsider,100.85%
wild,100.85%
generation,100.85%
Tomorrow,100.85%
sought,100.85%
foreign,100.85%
useful,100.85%
2.5,100.85%
record,100.85%
initiate,100.85%
starved,100.85%
Shit,301.69%
dishes,100.85%
improvement,301.69%
security,100.85%
website,301.69%
vision,100.85%
treating,100.85%
quits,100.85%
Watching,100.85%
countries,100.85%
loneliest,100.85%
neglected,100.85%
hook,100.85%
frankly,100.85%
achieved,100.85%
release,100.85%
forgetting,100.85%
navigate,100.85%
Eve,301.69%
ultimately,301.69%
frequent,100.85%
June,100.85%
sickness,100.85%
motions,301.69%
Valentine,100.85%
unattractive,502.54%
weirdo,100.85%
dreamed,100.85%
closing,301.69%
nothingness,301.69%
Plus,100.85%
army,100.85%
talents,100.85%
kisses,100.85%
Truly,100.85%
youre,100.85%
loosing,100.85%
wound,100.85%
backwards,100.85%
matches,100.85%
Little,100.85%
focused,301.69%
injury,301.69%
cards,301.69%
fantasy,100.85%
whore,134.32%
limited,134.32%
topics,134.32%
formed,134.32%
slipping,134.32%
insecurities,368.64%
heads,368.64%
celebrated,134.32%
clock,602.96%
anime,134.32%
acknowledged,368.64%
Months,134.32%
38,134.32%
mins,134.32%
brushed,134.32%
Empty,134.32%
indeed,134.32%
stepping,134.32%
Dealing,134.32%
BPD,134.32%
occasion,368.64%
36,134.32%
enjoys,134.32%
acted,602.96%
pains,134.32%
unconditionally,368.64%
location,134.32%
therefore,134.32%
international,134.32%
fundamentally,134.32%
cigarettes,134.32%
drank,134.32%
unique,368.64%
papers,134.32%
befriend,368.64%
choices,134.32%
include,134.32%
February,134.32%
suffocating,368.64%
stolen,134.32%
Completely,134.32%
cousins,368.64%
opinions,368.64%
LOVE,134.32%
Sleeping,134.32%
numbness,368.64%
ambitions,134.32%
grad,134.32%
communities,134.32%
supports,134.32%
ASAP,134.32%
flip,134.32%
bite,134.32%
lows,368.64%
nearby,134.32%
casual,602.96%
eaten,134.32%
lasts,134.32%
giant,134.32%
contacted,134.32%
failures,134.32%
enthusiasm,134.32%
ect,134.32%
horny,134.32%
outgoing,134.32%
Could,134.32%
worsening,368.64%
remain,368.64%
Medication,134.32%
stab,368.64%
username,368.64%
til,134.32%
99%,134.32%
ties,134.32%
popular,602.96%
socials,368.64%
tiktok,134.32%
pretended,134.32%
daydreaming,134.32%
20f,134.32%
3rd,134.32%
poem,134.32%
bullet,134.32%
bawling,368.64%
confusion,134.32%
confronted,134.32%
contribute,134.32%
Making,134.32%
button,134.32%
carried,134.32%
desires,602.96%
shittier,368.64%
dorm,134.32%
chances,134.32%
covering,181.18%
Sigh,181.18%
upside,181.18%
minds,181.18%
LDR,462.37%
violently,181.18%
stresses,181.18%
grand,181.18%
sole,181.18%
internally,181.18%
score,181.18%
occasional,181.18%
epilepsy,462.37%
partying,462.37%
Days,181.18%
Writing,181.18%
typical,181.18%
Germany,462.37%
hired,181.18%
aloneI,181.18%
anguish,181.18%
ing,181.18%
explicitly,181.18%
wrists,181.18%
curse,462.37%
joining,181.18%
criminal,181.18%
arrived,181.18%
strike,462.37%
learnt,181.18%
RE,1024.74%
culture,181.18%
reactions,181.18%
speaks,181.18%
confirm,181.18%
core,462.37%
burdening,181.18%
paragraph,181.18%
25M,181.18%
heroin,181.18%
hinted,181.18%
embrace,462.37%
unbelievably,181.18%
prisoner,181.18%
masking,181.18%
throwaway,181.18%
terrifying,181.18%
campus,462.37%
20th,181.18%
hunger,181.18%
friendless,462.37%
barley,181.18%
Meds,181.18%
disappears,462.37%
cheat,181.18%
permanently,181.18%
sea,181.18%
alert,181.18%
accusing,462.37%
Dark,181.18%
uncertainty,181.18%
America,181.18%
DONE,743.55%
bucket,181.18%
club,181.18%
minimal,181.18%
typically,181.18%
settle,181.18%
searching,181.18%
neutral,462.37%
freinds,462.37%
overweight,181.18%
Make,181.18%
respectful,181.18%
shameful,181.18%
wise,181.18%
backstabbed,462.37%
require,181.18%
price,1024.74%
Stuck,181.18%
degrees,462.37%
intake,181.18%
tiredI,462.37%
entirety,181.18%
zombie,181.18%
scum,181.18%
meanwhile,181.18%
Their,181.18%
quirky,181.18%
brutally,181.18%
foundation,181.18%
sinking,181.18%
Roe,181.18%
Wade,181.18%
defeat,251.48%
driven,251.48%
slut,251.48%
distraction,602.96%
socialising,251.48%
confide,251.48%
applying,251.48%
deed,251.48%
WORLD,251.48%
fam,251.48%
truck,251.48%
careers,251.48%
tea,251.48%
difficulties,251.48%
adding,251.48%
consistent,251.48%
pretends,602.96%
4am,251.48%
greatest,251.48%
convo,251.48%
realisation,602.96%
Both,602.96%
equally,251.48%
Truth,251.48%
shattered,251.48%
Christ,251.48%
faded,251.48%
hint,251.48%
identify,602.96%
Anytime,251.48%
pessimistic,251.48%
hostile,251.48%
dressed,251.48%
urgent,251.48%
shuts,251.48%
suit,251.48%
assuming,251.48%
rule,602.96%
AF,251.48%
pride,251.48%
dosage,251.48%
inevitably,251.48%
daunting,251.48%
MUCH,602.96%
cruelty,251.48%
succumb,251.48%
kicks,251.48%
rly,251.48%
26f,251.48%
reference,251.48%
repulsed,251.48%
crumbling,251.48%
platonic,251.48%
uninteresting,251.48%
impression,251.48%
narcissist,251.48%
stings,251.48%
according,251.48%
suicidewatch,251.48%
delivered,251.48%
hangs,251.48%
schizophrenia,251.48%
gorgeous,251.48%
bars,251.48%
disliked,251.48%
infuriating,251.48%
prospects,251.48%
Weird,251.48%
repressed,251.48%
occurred,251.48%
spirit,251.48%
bout,251.48%
Absolutely,251.48%
meI,251.48%
gaslight,251.48%
concept,251.48%
delusional,602.96%
ticking,251.48%
supplements,251.48%
catching,251.48%
humiliated,602.96%
Sundays,251.48%
humor,251.48%
NPC,251.48%
property,251.48%
journal,251.48%
unimportant,251.48%
tree,251.48%
handful,251.48%
Much,602.96%
nonsense,602.96%
reward,954.44%
Online,251.48%
programs,251.48%
chunk,251.48%
dedicated,251.48%
numerous,251.48%
autonomy,251.48%
regard,251.48%
sorta,251.48%
basics,251.48%
LIVE,251.48%
wounds,251.48%
darker,251.48%
oblivious,602.96%
Again,251.48%
reminders,251.48%
land,251.48%
lap,251.48%
accounts,251.48%
Haven,251.48%
pinpoint,251.48%
incorrectly,251.48%
accountable,251.48%
island,251.48%
WANNA,251.48%
affirmation,251.48%
highlight,251.48%
excepted,251.48%
lets,251.48%
se,251.48%
fee,251.48%
split,251.48%
happiest,602.96%
comforted,251.48%
shamed,251.48%
pizza,1305.92%
ALWAYS,251.48%
WHAT,251.48%
PMDD,251.48%
bull,251.48%
lease,251.48%
ostracized,954.44%
drains,251.48%
includes,251.48%
anhedonia,251.48%
PEOPLE,251.48%
eternal,602.96%
resilient,251.48%
undesirable,1305.92%
repeated,251.48%
monologue,368.64%
depth,837.28%
51,368.64%
schoolmates,368.64%
50%,368.64%
hustle,368.64%
distress,368.64%
flooding,368.64%
OUR,368.64%
drifting,368.64%
LET,368.64%
certificate,368.64%
accomplishment,368.64%
Goodnight,368.64%
entry,837.28%
lonliness,368.64%
Ngl,368.64%
seizure,368.64%
loyal,368.64%
North,368.64%
served,368.64%
weighs,368.64%
Hardly,368.64%
aching,368.64%
deepest,368.64%
Seeking,368.64%
ICU,368.64%
virginity,368.64%
prettier,368.64%
DEFINITELY,368.64%
binging,368.64%
temporarily,368.64%
iq,368.64%
standards,368.64%
rejects,368.64%
bursts,368.64%
negatively,368.64%
saturday,368.64%
littlest,837.28%
steady,837.28%
25m,368.64%
tube,368.64%
conversational,368.64%
contributes,368.64%
ruins,368.64%
bleak,368.64%
00,368.64%
thisI,368.64%
idc,368.64%
hollowed,837.28%
undeniably,368.64%
labor,368.64%
furious,368.64%
suspected,368.64%
WAS,368.64%
favors,368.64%
disappearing,368.64%
repair,368.64%
intent,368.64%
lines,368.64%
Constant,368.64%
plague,368.64%
talent,368.64%
daze,368.64%
nicest,368.64%
wan,368.64%
ck,368.64%
problematic,368.64%
messes,368.64%
min,368.64%
nurses,368.64%
management,368.64%
pits,368.64%
funerals,368.64%
Felt,368.64%
clueless,368.64%
madly,368.64%
impressive,368.64%
twitter,368.64%
ramble,368.64%
apparent,368.64%
colours,368.64%
hs,368.64%
judgemental,368.64%
stemmed,368.64%
trend,368.64%
prospect,368.64%
18M,368.64%
wakes,368.64%
quoted,368.64%
novel,368.64%
asthma,368.64%
freely,368.64%
reflection,368.64%
comforts,368.64%
exclude,368.64%
sleepy,368.64%
murderer,368.64%
assaulting,368.64%
somone,368.64%
visa,368.64%
pour,368.64%
apathy,368.64%
spiraled,368.64%
spinning,368.64%
scapegoat,368.64%
chemicals,368.64%
freaks,368.64%
disposable,368.64%
desired,837.28%
forest,368.64%
incel,368.64%
gutter,368.64%
depressant,368.64%
intensely,368.64%
electronics,368.64%
finger,368.64%
backstory,368.64%
talented,368.64%
distracting,368.64%
lifelong,368.64%
manages,368.64%
independently,368.64%
extrovert,368.64%
noisy,368.64%
headphones,837.28%
shall,368.64%
facebook,368.64%
deprived,837.28%
recovering,368.64%
hindsight,368.64%
errands,368.64%
beside,368.64%
HS,368.64%
torment,368.64%
shotgun,368.64%
adjust,368.64%
discarded,368.64%
skinny,368.64%
hesitant,837.28%
melancholic,368.64%
dissatisfied,368.64%
latest,368.64%
Called,368.64%
estranged,368.64%
Talked,368.64%
Afraid,368.64%
Reading,368.64%
Japan,837.28%
2016,368.64%
flushed,368.64%
denominator,368.64%
boxes,368.64%
Everywhere,368.64%
VA,837.28%
unintelligent,368.64%
mindless,1305.92%
madness,368.64%
puke,368.64%
deprivation,368.64%
socialization,1305.92%
42,368.64%
destroys,837.28%
inept,368.64%
Worked,368.64%
growth,368.64%
stubborn,837.28%
attitude,368.64%
chain,837.28%
miserably,368.64%
calming,368.64%
wears,368.64%
criticism,368.64%
Idc,368.64%
prevented,368.64%
ish,368.64%
gossip,368.64%
bachelors,368.64%
twenty,368.64%
patterns,368.64%
mountain,837.28%
comparison,368.64%
realising,837.28%
16th,1305.92%
Turns,837.28%
WHEN,837.28%
faceless,1305.92%
USA,368.64%
WISH,837.28%
web,602.96%
settings,602.96%
Uni,602.96%
laughter,602.96%
aspire,602.96%
valentine,602.96%
happend,602.96%
forgettable,602.96%
consulting,602.96%
FINALLY,602.96%
resembling,602.96%
lively,602.96%
divert,602.96%
smartphone,602.96%
fantasies,602.96%
capability,602.96%
extroverted,602.96%
deadly,602.96%
Terrifying,602.96%
chapter,602.96%
goto,602.96%
infinite,602.96%
Xbox,602.96%
vitamin,602.96%
boot,602.96%
pumped,602.96%
matched,602.96%
Disease,602.96%
soothing,602.96%
ALIVE,602.96%
midst,602.96%
bittersweet,602.96%
Tips,602.96%
miscellaneous,602.96%
entrance,602.96%
cptsd,1305.92%
Outside,602.96%
8th,602.96%
baseless,602.96%
Ironically,602.96%
suppress,602.96%
greet,602.96%
outer,602.96%
encounter,602.96%
Spoiler,602.96%
weapons,602.96%
thoroughly,602.96%
remarks,602.96%
forgave,602.96%
development,602.96%
recall,602.96%
poll,602.96%
cave,602.96%
arbitrary,602.96%
fulfillment,602.96%
blablabla,602.96%
PO,602.96%
overdraft,602.96%
washed,602.96%
valley,602.96%
lord,602.96%
alter,602.96%
ft,602.96%
sniff,602.96%
commiting,602.96%
States,602.96%
euthanized,602.96%
jokeI,602.96%
zoom,602.96%
crimes,602.96%
tipping,602.96%
persisted,602.96%
blasted,602.96%
phrase,602.96%
yearning,602.96%
devoid,602.96%
absence,602.96%
copy,602.96%
inter,602.96%
bubble,1305.92%
ordered,2711.85%
diploma,602.96%
amnesia,602.96%
harassed,602.96%
turtles,602.96%
transphobic,602.96%
ima,602.96%
festering,602.96%
static,602.96%
alarms,602.96%
begun,602.96%
sunny,602.96%
likeable,602.96%
dignity,602.96%
stall,602.96%
infected,602.96%
unrelenting,602.96%
DMs,602.96%
intellectually,602.96%
unusual,602.96%
cautious,602.96%
partly,1305.92%
joint,602.96%
viable,602.96%
FB,1305.92%
terrifies,602.96%
bike,602.96%
actor,602.96%
regards,602.96%
er,602.96%
max,602.96%
Super,602.96%
chatter,602.96%
classrooms,602.96%
recognition,602.96%
cognition,602.96%
continent,602.96%
colors,1305.92%
satisfaction,602.96%
subconscious,602.96%
2015,602.96%
union,602.96%
Emotional,602.96%
hill,602.96%
Pain,602.96%
Vent,602.96%
hideous,602.96%
unhappiness,602.96%
EVERY,602.96%
noon,602.96%
overshadowed,602.96%
---,602.96%
pharmacy,602.96%
crushes,602.96%
effecting,602.96%
interacts,602.96%
abruptly,602.96%
holder,602.96%
urged,602.96%
havoc,602.96%
slim,602.96%
homelessness,602.96%
suspended,602.96%
horizon,602.96%
maze,602.96%
Spending,1305.92%
500,602.96%
grows,602.96%
hypocrisy,602.96%
breaker,602.96%
lala,602.96%
secluded,602.96%
genuinly,602.96%
blurs,602.96%
sliver,602.96%
bland,602.96%
apologise,602.96%
wings,602.96%
external,602.96%
ponder,602.96%
Isolation,602.96%
nothings,602.96%
consequence,602.96%
trashed,602.96%
1000,602.96%
Prior,602.96%
14hr,602.96%
sulking,602.96%
desirable,602.96%
contrary,602.96%
meaninglessness,602.96%
unlock,602.96%
Throughout,602.96%
uneducated,602.96%
heals,602.96%
Communication,602.96%
slum,1305.92%
vast,602.96%
educational,602.96%
watering,602.96%
niece,1305.92%
slaving,1305.92%
retreat,1305.92%
chase,1305.92%
loniless,602.96%
mold,1305.92%
shadows,602.96%
43,1305.92%
formal,602.96%
urgently,602.96%
tiresome,1305.92%
Ah,1305.92%
bathtub,602.96%
premise,1305.92%
professor,1305.92%
Btw,602.96%
inflicted,602.96%
compounded,1305.92%
demise,602.96%
subtly,1305.92%
fucken,1305.92%
Jobless,602.96%
accountability,602.96%
devil,1305.92%
despises,1305.92%
climb,1305.92%
std,1305.92%
desert,602.96%
ordering,1305.92%
masturbated,1305.92%
Share,1305.92%
reflected,1305.92%
worseI,1305.92%
Sarah,1305.92%
Holding,1305.92%
shaped,1305.92%
denying,1305.92%
tightly,1305.92%
generalising,1305.92%
concentration,2711.85%
primal,1305.92%
stock,1305.92%
sufficient,1305.92%
organisation,1305.92%
buzz,1305.92%
dwell,1305.92%
disliking,1305.92%
monotone,1305.92%
16ish,1305.92%
controlled,1305.92%
nonchalant,1305.92%
75%,2711.85%
25%,1305.92%
dreadfully,1305.92%
peoppe,1305.92%
INSERT,1305.92%
NAME,1305.92%
finalised,1305.92%
genuinenly,1305.92%
unbridled,1305.92%
anymoreHelp,1305.92%
underconfident,1305.92%
roomFor,1305.92%
selection,1305.92%
gamed,1305.92%
fcuked,1305.92%
fcuking,1305.92%
courteous,1305.92%
Socially,1305.92%
myelf,1305.92%
compensation,1305.92%
44K,1305.92%
Chronically,1305.92%
errors,1305.92%
felonies,1305.92%
depressingly,1305.92%
Doubling,1305.92%
wonderfully,1305.92%
Needing,1305.92%
scape,1305.92%
puffy,1305.92%
19m,1305.92%
friendlessness,1305.92%
thirties,1305.92%
blossomed,1305.92%
swan,1305.92%
dullest,1305.92%
overturned,1305.92%
Supreme,1305.92%
Court,1305.92%
sus,1305.92%
reservist,1305.92%
crowds,1305.92%
exchangeAnyone,1305.92%
Hindsight,1305.92%
cowered,1305.92%
postpartum,1305.92%
suits,1305.92%
themSociety,1305.92%
WHAATTT,1305.92%
harvard,1305.92%
SUBHUMANS,1305.92%
THESE,1305.92%
sabbotage,1305.92%
Luckily,1305.92%
Unluckilly,1305.92%
cripplingly,1305.92%
boarderline,1305.92%
agorophobic,1305.92%
chickening,1305.92%
richer,1305.92%
complacent,1305.92%
domt,1305.92%
brandy,1305.92%
sleepGod,1305.92%
sunrises,1305.92%
rudest,1305.92%
rawest,1305.92%
tittle,1305.92%
tome,1305.92%
romanticized,1305.92%
participated,1305.92%
refrain,1305.92%
skateboard,1305.92%
fairs,1305.92%
anytone,1305.92%
spoiler,1305.92%
ban,1305.92%
capabilities,1305.92%
Ditto,1305.92%
Stupid,1305.92%
scumbag,1305.92%
ping,1305.92%
intertwine,1305.92%
vitality,1305.92%
instills,1305.92%
53M,1305.92%
rotation,1305.92%
aloneIs,1305.92%
stuns,1305.92%
ALOT,1305.92%
diferrrent,1305.92%
irretating,1305.92%
somehing,1305.92%
abour,1305.92%
homeland,1305.92%
hanged,1305.92%
aaargh,1305.92%
hehehe,1305.92%
fukkk,1305.92%
green,1305.92%
tag,1305.92%
derealisation,1305.92%
sexting,1305.92%
credentials,1305.92%
49,1305.92%
phenomenon,1305.92%
Buck,1305.92%
Fb,1305.92%
journalist,1305.92%
greeted,1305.92%
forza,1305.92%
driveavatars,1305.92%
HIS,1305.92%
assLoneliness,1305.92%
knots,1305.92%
meandering,1305.92%
withI,1305.92%
Videogames,1305.92%
wimp,1305.92%
doombuilder,1305.92%
42m,1305.92%
Ben,1305.92%
ABQ,1305.92%
NM,1305.92%
Folks,1305.92%
abstract,1305.92%
Apart,1305.92%
endeavor,1305.92%
fele,1305.92%
unsatisfied,1305.92%
29yrs,1305.92%
researching,1305.92%
Aunt,1305.92%
genealogy,1305.92%
indulging,1305.92%
Groundhog,1305.92%
29yo,1305.92%
Grew,1305.92%
boards,1305.92%
independency,1305.92%
deactivating,1305.92%
wacky,1305.92%
7th,1305.92%
HelpA,1305.92%
homophobia,1305.92%
transphobia,1305.92%
sexism,1305.92%
overbearing,1305.92%
dispensable,1305.92%
Plato,1305.92%
26m,1305.92%
things.26,1305.92%
rinsing,1305.92%
hibernate,1305.92%
john,1305.92%
doe,1305.92%
sliently,1305.92%
goofs,1305.92%
surrounds,1305.92%
boarding,1305.92%
78,1305.92%
WHERE,1305.92%
ENERGY,1305.92%
sweep,1305.92%
floors,1305.92%
toxically,1305.92%
barren,1305.92%
impress,1305.92%
Eight,1305.92%
hurriedly,1305.92%
Box,1305.92%
stangnant,1305.92%
timeAnyone,1305.92%
daydreams,1305.92%
esque,1305.92%
Malta,1305.92%
IGaming,1305.92%
european,1305.92%
hookups,1305.92%
nonexistent,1305.92%
momente,1305.92%
unmasculine,1305.92%
7x,1305.92%
unenthusiastic,1305.92%
anyoneThese,1305.92%
Oahu,1305.92%
charade,1305.92%
october,1305.92%
skint,1305.92%
fooked,1305.92%
gunna,1305.92%
upJust,1305.92%
evident,1305.92%
repulsive,1305.92%
grabs,1305.92%
Umm,1305.92%
layed,1305.92%
shouts,1305.92%
sincerest,1305.92%
deprive,1305.92%
Rejected,1305.92%
toughts,1305.92%
eatBeginning,1305.92%
troublesome,1305.92%
aloud,1305.92%
dayDoes,1305.92%
defines,1305.92%
repellant,1305.92%
unloveable,1305.92%
conflict,1305.92%
arises,1305.92%
assured,1305.92%
Burned,1305.92%
blasting,1305.92%
masterbating,1305.92%
idle,1305.92%
snakes,1305.92%
wooden,1305.92%
wrongI,1305.92%
faliure,1305.92%
peoplethe,1305.92%
Coworkers,1305.92%
Pictures,1305.92%
gifs,1305.92%
Rude,1305.92%
Witnessing,1305.92%
toned,1305.92%
splinter,1305.92%
emptying,1305.92%
8hours,1305.92%
herI,1305.92%
trajectory,1305.92%
altering,1305.92%
robustly,1305.92%
subsequent,1305.92%
engagements,1305.92%
theoretical,1305.92%
hardened,1305.92%
butterfly,1305.92%
violating,1305.92%
fierce,1305.92%
360,1305.92%
shadowing,1305.92%
quicksand,1305.92%
reveal,1305.92%
strangling,1305.92%
blackhole,1305.92%
labored,1305.92%
Incel,1305.92%
Girls,1305.92%
sympathise,1305.92%
sanest,1305.92%
LONELY,1305.92%
HUNDREDS,1305.92%
THOUSANDS,1305.92%
detached,1305.92%
arno,1305.92%
ArnoEverything,1305.92%
62,1305.92%
Full,1305.92%
stripped,1305.92%
streams,1305.92%
polish,1305.92%
Waste,1305.92%
Ava,1305.92%
organisations,1305.92%
cooperation,1305.92%
disclaimer,1305.92%
exceptions,1305.92%
compliment,1305.92%
untied,1305.92%
interject,1305.92%
SOMETHING,1305.92%
perks,1305.92%
reeks,1305.92%
TLDR,1305.92%
Managing,1305.92%
nightly,1305.92%
linear,1305.92%
established,1305.92%
wannabe,1305.92%
unequipped,1305.92%
duno,1305.92%
appearing,1305.92%
retreats,1305.92%
reservation,1305.92%
luxuryIt,1305.92%
spitting,1305.92%
LAZY,1305.92%
profanity,1305.92%
belligerence,1305.92%
softy,1305.92%
Bruh,1305.92%
motto,1305.92%
unfixable,1305.92%
strangled,1305.92%
suffercating,1305.92%
ts,1305.92%
rearranging,1305.92%
needles,1305.92%
crown,1305.92%
fractured,1305.92%
realigned,1305.92%
thenWhy,1305.92%
rumors,1305.92%
Ooookay,1305.92%
eval,1305.92%
maddening,1305.92%
essence,1305.92%
barbiturates,1305.92%
therapeutic,1305.92%
resisted,1305.92%
Anemia,1305.92%
asset,1305.92%
clown,1305.92%
stunt,1305.92%
buzzing,1305.92%
neved,1305.92%
timeline,1305.92%
unforgiving,1305.92%
executed,1305.92%
becouse,1305.92%
missery,1305.92%
acknowledging,1305.92%
outlived,1305.92%
usefulness,1305.92%
Wonder,1305.92%
wtfI,1305.92%
withdrawn,1305.92%
genre,1305.92%
perishable,1305.92%
operate,1305.92%
Pressured,1305.92%
drew,1305.92%
gynecologist,1305.92%
nicely,1305.92%
SLIT,1305.92%
THROAT,1305.92%
COULD,1305.92%
CUT,1305.92%
WRISTS,1305.92%
TRAPPED,1305.92%
BODIES,1305.92%
ABORTED,1305.92%
PAINFUL,1305.92%
YET,1305.92%
WANTS,1305.92%
disocrd,1305.92%
omgele,1305.92%
Non,1305.92%
soemone,1305.92%
tent,1305.92%
Improve,1305.92%
ovethink,1305.92%
