want,-25.72%
feel,40.65%
like,47.32%
life,-3.81%
get,-1.81%
know,6.53%
people,11.63%
even,-4.26%
die,-50.77%
kill,-38.39%
anymore,-7.92%
going,-24.70%
think,-18.38%
time,13.91%
would,-21.43%
My,-20.45%
really,40.11%
never,30.09%
go,-15.04%
suicide,-67.93%
much,-11.28%
day,-15.56%
suicidal,-70.28%
anything,16.51%
help,-26.96%
hate,4.35%
better,-7.92%
years,-9.40%
friends,41.29%
live,-14.03%
end,-28.80%
wish,-30.90%
fucking,-16.68%
things,26.18%
tired,23.34%
way,2.94%
anyone,27.43%
someone,17.46%
make,-0.61%
could,-3.19%
alone,-6.90%
family,-6.05%
nothing,22.36%
every,-11.74%
depression,-1.79%
But,4.13%
everything,16.27%
...,21.37%
everyone,-10.10%
keep,-36.80%
still,-7.59%
depressed,-23.49%
good,6.23%
talk,33.31%
see,4.83%
work,16.07%
say,6.60%
always,44.67%
care,-23.61%
living,-24.26%
bad,-3.76%
tell,-17.31%
feeling,52.17%
take,-9.64%
point,-24.02%
away,-4.96%
else,57.55%
ever,-6.60%
need,-0.09%
something,15.86%
told,-7.59%
thoughts,-55.71%
love,20.38%
right,-23.71%
back,28.76%
person,64.84%
trying,-17.02%
happy,61.12%
last,-47.50%
getting,-4.55%
got,-23.64%
shit,-2.49%
worse,-31.25%
pain,-23.33%
since,-0.34%
dont,-46.90%
im,-43.53%
long,-24.99%
tried,9.47%
thought,-13.99%
sleep,-15.29%
around,16.56%
hard,35.53%
give,-34.42%
enough,21.21%
makes,8.32%
mental,-1.99%
stop,-10.39%
So,-29.99%
fuck,192.89%
thing,30.32%
year,-30.50%
days,2.24%
world,37.29%
wanna,-15.29%
hope,-47.42%
try,57.73%
alive,-46.03%
find,37.93%
..,30.09%
parents,-35.90%
job,-8.42%
mom,-4.51%
without,2.58%
He,-28.50%
No,-15.29%
They,44.32%
said,14.00%
feels,52.00%
wanted,-29.68%
ago,-6.42%
school,-34.21%
dead,-40.79%
sad,6.30%
She,12.95%
friend,19.59%
made,-21.28%
Why,34.84%
self,-6.65%
actually,1.30%
many,24.83%
lost,17.70%
done,20.23%
thinking,-15.29%
There,-26.34%
killing,-66.85%
scared,-51.59%
reason,24.24%
times,-9.64%
lonely,84.48%
left,40.86%
today,-31.47%
leave,-30.69%
Im,-7.59%
health,-40.90%
felt,22.14%
gonna,-52.16%
death,-42.85%
come,4.58%
also,10.12%
sick,1.65%
almost,1.65%
bed,-2.58%
gone,-5.64%
night,-39.18%
first,-47.87%
sure,-26.15%
understand,5.61%
used,36.41%
mind,-7.59%
dad,-25.19%
therapy,-46.50%
wake,-15.29%
months,2.54%
everyday,-5.13%
old,3.91%
What,23.63%
money,-62.87%
hurt,-7.17%
let,-29.41%
best,31.77%
home,17.65%
look,12.95%
lot,43.17%
anxiety,-18.87%
cant,-42.73%
worth,-27.39%
wants,-3.19%
please,-22.55%
wrong,27.68%
crying,-40.21%
able,-20.27%
Just,-20.27%
How,74.40%
started,-17.86%
little,-2.46%
another,-7.59%
past,12.95%
already,-21.81%
matter,30.32%
well,-11.38%
stay,9.47%
saying,21.77%
put,-4.70%
seems,27.06%
place,69.42%
died,-12.56%
longer,-23.49%
guess,3.84%
literally,25.70%
nobody,-5.57%
Now,-16.68%
finally,-16.68%
loved,5.54%
gets,16.65%
Please,-26.59%
hell,1.65%
hospital,-77.41%
post,-31.08%
others,60.80%
brain,9.12%
maybe,37.83%
next,9.12%
Like,51.89%
making,-22.72%
taking,24.83%
us,-45.54%
relationship,51.27%
either,-39.49%
though,-15.29%
hours,-33.44%
close,-45.54%
probably,14.96%
head,-26.07%
therapist,-26.07%
whole,-38.39%
normal,35.53%
says,29.37%
support,23.21%
yet,66.34%
When,38.04%
fact,63.14%
call,-56.08%
two,-10.50%
single,-29.68%
sorry,-29.68%
killed,-36.07%
might,-21.81%
working,10.77%
telling,-73.94%
real,23.81%
hurts,69.42%
kind,-13.63%
problems,-20.27%
went,8.43%
cry,69.42%
suffering,-18.68%
house,-18.68%
commit,-86.17%
honestly,17.56%
cut,-51.59%
dying,-44.68%
part,3.73%
body,17.56%
mother,-8.23%
constantly,5.89%
week,-22.35%
talking,20.00%
room,5.89%
change,-36.47%
cares,-6.28%
okay,-20.70%
future,-6.28%
Fuck,-6.28%
sometimes,44.19%
completely,44.19%
Every,-20.70%
believe,17.86%
called,32.59%
supposed,39.95%
Nothing,5.42%
seem,28.00%
stupid,46.32%
happen,-15.29%
remember,-38.39%
attempt,-46.09%
new,7.81%
wanting,-15.29%
horrible,41.84%
stuff,-13.32%
least,10.32%
worthless,-5.44%
due,-29.08%
advice,-21.20%
exist,-13.32%
People,-5.44%
Life,26.08%
rather,-11.26%
born,-51.59%
mean,37.15%
goes,-11.26%
worst,29.08%
burden,-3.19%
pretty,29.08%
afraid,-25.62%
stuck,-0.83%
ending,-33.89%
start,48.76%
deserve,32.23%
girlfriend,-33.89%
found,-6.82%
become,94.83%
cause,30.32%
attention,-13.12%
social,4.26%
rest,12.95%
suffer,4.26%
inside,-4.43%
Even,30.32%
soon,-4.43%
weeks,30.32%
took,-1.92%
constant,-37.58%
far,-28.67%
morning,-46.50%
enjoy,24.83%
happened,51.58%
damn,-10.83%
failure,-37.58%
barely,15.92%
partner,101.47%
kids,92.31%
energy,165.57%
less,-26.74%
instead,-17.58%
college,-35.90%
motivation,28.21%
waiting,-35.90%
afford,-71.76%
father,-43.53%
high,-34.12%
starting,22.36%
peace,-34.12%
truly,22.36%
Edit,-52.94%
angry,3.53%
genuinely,-24.70%
Everything,-15.29%
deal,54.90%
child,-22.55%
selfish,6.49%
bit,-12.87%
empty,64.58%
fucked,-61.28%
fun,-12.87%
eat,-3.19%
reading,-51.59%
fine,-41.91%
use,35.53%
ready,-51.59%
nice,-51.59%
pills,-20.27%
different,59.45%
plan,9.62%
Don,-60.14%
couple,-50.17%
break,-40.21%
car,-80.07%
courage,-60.14%
human,9.62%
ask,43.75%
heart,84.82%
miserable,-7.59%
tonight,-79.46%
tomorrow,-7.59%
face,-28.13%
lives,-38.39%
shitty,-38.39%
10,-48.66%
boyfriend,23.21%
comes,-7.59%
spend,2.68%
idk,5.89%
seeing,-36.47%
knowing,-15.29%
situation,-25.88%
cannot,-15.29%
needed,58.83%
month,-47.06%
hit,-25.88%
forever,16.47%
girl,27.06%
emotions,-15.29%
feelings,122.36%
moment,31.16%
idea,63.95%
whenever,-34.42%
Idk,53.02%
recently,-1.63%
numb,-12.56%
happens,9.30%
coming,-23.49%
problem,63.95%
Everyone,31.16%
entire,-34.42%
etc,-34.42%
hear,-1.63%
struggling,-1.63%
brother,-12.56%
looking,31.16%
fighting,-1.63%
country,-54.82%
continue,35.53%
knew,12.95%
meds,-32.23%
Sometimes,24.24%
Thank,-88.71%
existence,-32.23%
second,-43.53%
man,-20.94%
broke,-66.12%
20,-43.53%
happiness,58.12%
....,114.60%
sucks,75.26%
issues,-64.95%
seriously,-64.95%
useless,5.16%
sister,-88.32%
society,-53.26%
food,-29.90%
miss,16.84%
ones,-41.58%
disappear,-27.39%
together,57.32%
existing,-51.59%
weird,-15.29%
came,93.62%
gave,-27.39%
hang,45.22%
outside,21.01%
move,45.22%
attempted,-87.90%
absolutely,69.42%
ugly,-39.49%
asked,8.91%
mentally,93.62%
bring,57.32%
medication,-75.80%
ended,-24.70%
wasting,-74.90%
helped,-62.35%
guy,88.24%
reality,0.40%
loneliness,88.24%
Nobody,-12.15%
Today,-49.80%
failed,-37.25%
Maybe,88.24%
hold,-62.35%
gotten,-12.15%
ok,17.29%
anyway,-73.94%
behind,43.35%
Anyone,30.32%
experience,69.42%
reach,-47.87%
lay,-47.87%
guys,-60.90%
free,62.64%
phone,76.19%
fear,8.43%
gun,-72.89%
run,-45.79%
giving,-59.34%
option,-5.13%
misery,-5.13%
16,-32.23%
keeps,-5.13%
wonder,-32.23%
losing,8.43%
often,-18.68%
act,-86.45%
decided,-18.68%
stopped,21.98%
harm,21.98%
fix,-5.13%
sadness,-32.23%
awful,8.43%
planning,-59.34%
online,-5.13%
kid,12.95%
30,-15.29%
jump,-57.65%
bullshit,-29.41%
escape,-29.41%
turn,41.18%
joy,-1.17%
struggle,125.89%
forward,12.95%
terrible,41.18%
dark,-15.29%
waking,-43.53%
anxious,-29.41%
hanging,27.06%
great,55.30%
birthday,-71.76%
sense,83.54%
17,-43.53%
share,-26.34%
After,17.86%
yesterday,32.59%
24,3.12%
handle,17.86%
fight,32.59%
pay,-70.54%
possible,-41.07%
pathetic,-11.61%
hurting,-70.54%
strong,-55.80%
later,-41.07%
Does,253.57%
hopeless,32.59%
choice,-70.54%
sleeping,38.61%
god,-53.80%
read,7.81%
abusive,23.21%
15,84.82%
ME,-69.20%
suddenly,-53.80%
easier,-7.59%
door,23.21%
watching,-53.80%
given,-69.20%
age,-22.99%
group,54.02%
waste,-38.39%
staying,-84.60%
goodbye,-84.60%
guilty,-38.39%
God,-22.99%
thank,-22.99%
anywhere,-22.99%
low,23.21%
true,-38.39%
helping,-7.59%
spent,69.42%
comfort,29.08%
anybody,45.22%
Suicide,-51.59%
simply,29.08%
pass,12.95%
watch,-35.46%
cared,-19.32%
physically,-3.19%
crazy,-3.19%
lose,-35.46%
late,-67.73%
Sorry,-35.46%
daily,-3.19%
cat,-67.73%
eating,-35.46%
saved,-83.86%
Depression,45.22%
19,-3.19%
young,-19.32%
may,-19.32%
talked,-83.86%
bother,-35.46%
18,-19.32%
extremely,-19.32%
upset,174.30%
didnt,-51.59%
wife,45.22%
illness,35.53%
turned,103.30%
listen,35.53%
pointless,1.65%
hotline,-83.06%
saw,69.42%
dreams,52.48%
open,1.65%
sit,1.65%
trauma,289.66%
stress,1.65%
harder,-49.17%
walk,18.59%
emotional,18.59%
immediately,-32.23%
solution,-15.29%
ideation,-66.12%
usually,24.83%
exhausted,114.00%
failing,-64.33%
realized,7.00%
huge,-28.67%
met,96.17%
JUST,-64.33%
kinda,-10.83%
lie,-28.67%
means,-46.50%
difficult,7.00%
negative,7.00%
abuse,24.83%
needs,42.67%
soul,24.83%
play,-10.83%
sort,7.00%
title,24.83%
helps,-64.33%
plans,-64.33%
severe,24.83%
asking,7.00%
meant,24.83%
wait,-10.83%
anger,-46.50%
video,-28.67%
apartment,-82.17%
Do,-46.50%
forced,-46.50%
committed,-46.50%
children,-24.70%
chest,-24.70%
considering,-81.18%
Thanks,-62.35%
Its,-62.35%
ive,12.95%
lately,12.95%
trapped,31.77%
easy,31.77%
words,-24.70%
weak,-62.35%
big,-5.88%
takes,12.95%
mess,-43.53%
multiple,-24.70%
Hi,-24.70%
eventually,31.77%
trust,31.77%
broken,-24.70%
drinking,-43.53%
hearing,-81.18%
guts,-43.53%
glad,-62.35%
married,31.77%
Reddit,-43.53%
ill,-24.70%
posting,-62.35%
hobbies,-5.88%
amazing,-43.53%
currently,-5.88%
oh,-60.14%
committing,-60.14%
leaving,79.38%
cancer,-80.07%
survive,-40.21%
note,-60.14%
university,-0.34%
Because,-0.34%
physical,19.59%
conversation,39.52%
hates,-40.21%
goals,-0.34%
disappointed,59.45%
whatever,-40.21%
daughter,-40.21%
badly,-20.27%
doctor,-80.07%
somewhere,59.45%
near,-80.07%
husband,79.38%
comments,-80.07%
ex,79.38%
homeless,59.45%
except,-40.21%
seen,-20.27%
dumb,19.59%
show,-20.27%
notice,-80.07%
psych,-60.14%
kms,-40.21%
basically,48.24%
three,48.24%
older,5.89%
taken,69.42%
short,48.24%
turning,-15.29%
class,-57.65%
along,-15.29%
full,69.42%
speak,5.89%
small,-15.29%
drink,48.24%
sounds,27.06%
realize,154.13%
playing,-36.47%
FUCKING,5.89%
thats,-78.82%
woke,-36.47%
painful,5.89%
teeth,-36.47%
eyes,90.60%
loser,27.06%
ass,-15.29%
Everyday,-15.29%
toxic,196.48%
ruined,-57.65%
temporary,5.89%
TW,-78.82%
Any,-15.29%
meet,90.60%
ward,-57.65%
thinks,175.30%
reasons,-15.29%
lazy,-78.82%
anyways,-54.82%
&#,35.53%
x200B,35.53%
Hey,-54.82%
story,35.53%
writing,-9.64%
jobs,35.53%
25,58.12%
treatment,-54.82%
sub,-32.23%
till,35.53%
vent,58.12%
shot,-77.41%
quiet,35.53%
quit,35.53%
earth,35.53%
effort,-32.23%
decide,-54.82%
Since,58.12%
mad,-9.64%
Someone,58.12%
hand,-77.41%
rot,-77.41%
thanks,-77.41%
poor,-77.41%
joke,-54.82%
knows,-32.23%
drive,-32.23%
music,-9.64%
hour,148.48%
minor,-32.23%
convince,-54.82%
fake,80.71%
smile,80.71%
happening,125.89%
urge,-77.41%
appreciate,-54.82%
hoping,-54.82%
crisis,-54.82%
serious,-54.82%
date,12.95%
keeping,12.95%
police,12.95%
bills,-54.82%
divorce,-9.64%
wishing,-32.23%
half,-9.64%
fit,12.95%
honest,-9.64%
send,-51.59%
Being,21.01%
guilt,-27.39%
12,93.62%
minutes,21.01%
PTSD,287.24%
side,21.01%
wrote,-75.80%
rope,-51.59%
neck,-3.19%
worried,-51.59%
Been,-51.59%
bc,-3.19%
case,-51.59%
top,21.01%
sound,-27.39%
purpose,21.01%
using,21.01%
properly,21.01%
brought,-51.59%
somehow,-27.39%
shut,-75.80%
none,-3.19%
sent,-3.19%
meaningless,21.01%
certain,-75.80%
sitting,21.01%
meaning,21.01%
emotionally,69.42%
imagine,-3.19%
heavy,-51.59%
mine,-3.19%
moving,-51.59%
impossible,21.01%
super,21.01%
panic,-51.59%
Some,-3.19%
disgusting,21.01%
fault,93.62%
expect,-51.59%
known,-51.59%
nowhere,-3.19%
personal,69.42%
several,-51.59%
holding,-27.39%
permanent,45.22%
pretend,21.01%
laugh,21.01%
study,-27.39%
function,21.01%
fail,-27.39%
games,21.01%
falling,-51.59%
set,-51.59%
unless,69.42%
gives,21.01%
happier,-47.87%
shoot,-73.94%
ground,-47.87%
cried,-21.81%
write,-47.87%
Whenever,56.39%
game,-47.87%
decade,4.26%
seeking,-21.81%
unable,-47.87%
pressure,-21.81%
HATE,-73.94%
relationships,160.64%
stressed,-47.87%
process,-47.87%
accept,134.58%
brings,-73.94%
front,-73.94%
worry,-21.81%
23,-47.87%
general,56.39%
repeat,-73.94%
somebody,30.32%
moments,108.51%
wall,-21.81%
interest,-21.81%
Am,186.71%
including,-47.87%
kept,30.32%
lived,56.39%
hated,4.26%
professional,-73.94%
healthy,82.45%
chance,-73.94%
heard,134.58%
cycle,82.45%
loves,108.51%
pull,-73.94%
works,30.32%
allowed,108.51%
asleep,-47.87%
edit,-73.94%
cuz,-47.87%
Tired,82.45%
hands,4.26%
fall,4.26%
listening,4.26%
state,4.26%
nearly,30.32%
scream,30.32%
bunch,12.95%
autistic,-43.53%
Wish,69.42%
hug,97.65%
depressive,12.95%
funny,125.89%
looked,-15.29%
Yesterday,-15.29%
planet,-43.53%
raped,12.95%
SO,-15.29%
mood,267.07%
step,-43.53%
busy,12.95%
piece,-15.29%
dating,12.95%
accident,-43.53%
water,-15.29%
towards,41.18%
forget,125.89%
tears,12.95%
running,-71.76%
tells,12.95%
hole,210.60%
tiring,-43.53%
woman,69.42%
relief,-71.76%
minute,-15.29%
21,-43.53%
check,97.65%
deep,12.95%
especially,12.95%
likely,-43.53%
alcohol,-71.76%
cats,-43.53%
ends,-71.76%
messed,12.95%
reached,-43.53%
annoying,-43.53%
fast,-71.76%
important,182.36%
incredibly,41.18%
growing,69.42%
personality,97.65%
result,41.18%
decision,-43.53%
despite,-43.53%
zero,-43.53%
MY,41.18%
hide,-7.59%
13,-7.59%
cutting,-7.59%
abused,23.21%
showed,-7.59%
focus,23.21%
career,-7.59%
son,54.02%
void,-7.59%
earlier,-69.20%
everybody,-38.39%
space,84.82%
actual,-38.39%
avoid,23.21%
insurance,-69.20%
paying,23.21%
besides,23.21%
girls,115.62%
throwing,-69.20%
issue,23.21%
worked,23.21%
ruin,-7.59%
torture,23.21%
finding,-69.20%
blame,115.62%
quite,-38.39%
lying,23.21%
loving,23.21%
experiences,54.02%
twice,23.21%
reddit,-38.39%
period,23.21%
boring,-7.59%
hatred,54.02%
knife,-38.39%
members,-7.59%
tho,23.21%
attack,-7.59%
system,-7.59%
clean,23.21%
emptiness,-69.20%
struggles,-69.20%
chronic,-38.39%
struggled,-7.59%
terrified,-38.39%
drunk,-38.39%
gf,-69.20%
slowly,-7.59%
became,-69.20%
trigger,23.21%
proud,23.21%
dream,54.02%
motivated,-69.20%
understands,23.21%
stopping,-38.39%
looks,-7.59%
weekend,54.02%
safe,-38.39%
rich,-69.20%
cops,-38.39%
beyond,-38.39%
relate,54.02%
posted,-69.20%
existed,-38.39%
rough,-69.20%
Last,-38.39%
early,-7.59%
dealing,-7.59%
must,103.30%
loss,103.30%
straight,69.42%
rn,1.65%
classes,-32.23%
name,-66.12%
forgotten,35.53%
Things,-32.23%
Ive,1.65%
FUCK,-32.23%
ways,-66.12%
word,103.30%
account,69.42%
bf,69.42%
voice,69.42%
attempts,-66.12%
force,1.65%
kicked,-32.23%
fell,-66.12%
treated,-66.12%
Oh,1.65%
learn,1.65%
fully,-66.12%
war,-66.12%
disappointment,-32.23%
strange,-66.12%
successful,35.53%
order,-32.23%
apparently,-66.12%
triggered,103.30%
missing,1.65%
jealous,1.65%
Honestly,35.53%
cold,103.30%
battle,-66.12%
younger,103.30%
episode,-32.23%
mistake,-66.12%
express,-32.23%
mirror,-32.23%
average,-32.23%
letter,-66.12%
admit,1.65%
Most,35.53%
middle,-66.12%
random,35.53%
childhood,69.42%
ptsd,35.53%
sat,1.65%
walking,69.42%
skills,35.53%
bitch,35.53%
buy,1.65%
smart,69.42%
Well,-66.12%
suck,1.65%
apart,1.65%
amount,1.65%
Feeling,1.65%
dog,69.42%
Should,-66.12%
distract,-66.12%
blow,35.53%
pretending,-66.12%
drugs,137.19%
potential,1.65%
beautiful,69.42%
However,35.53%
credit,35.53%
contact,50.59%
beat,-62.35%
caring,88.24%
adult,-24.70%
household,50.59%
drug,-62.35%
dogs,-24.70%
Only,-24.70%
overdose,-62.35%
27,12.95%
exactly,88.24%
figure,88.24%
pushing,125.89%
DIE,-62.35%
isolated,12.95%
realizing,-62.35%
explain,12.95%
wondering,-24.70%
symptoms,-24.70%
desire,88.24%
whether,12.95%
refuse,12.95%
peaceful,-62.35%
common,50.59%
basis,-62.35%
everytime,-62.35%
antidepressants,12.95%
promise,12.95%
kick,-24.70%
closed,-24.70%
bringing,12.95%
stick,-62.35%
destroyed,238.84%
turns,-24.70%
final,-62.35%
shows,12.95%
fat,88.24%
light,50.59%
blood,-24.70%
join,50.59%
Yeah,-24.70%
likes,12.95%
travel,12.95%
seconds,-24.70%
Help,50.59%
Therapy,50.59%
choose,12.95%
Two,-24.70%
positive,12.95%
beginning,88.24%
definitely,12.95%
corner,-24.70%
stranger,50.59%
ahead,-62.35%
memory,238.84%
Yes,-24.70%
theres,-62.35%
belong,125.89%
tied,12.95%
friendship,50.59%
public,12.95%
meaningful,-24.70%
scares,-62.35%
stable,-24.70%
held,-24.70%
noose,-62.35%
connect,12.95%
scary,12.95%
disorder,-62.35%
helpless,-62.35%
drowning,50.59%
Who,125.89%
planned,-24.70%
strangers,-62.35%
changes,-62.35%
breath,12.95%
yeah,88.24%
message,-62.35%
easily,50.59%
shower,50.59%
wasted,12.95%
weight,-24.70%
control,201.19%
touch,88.24%
complete,12.95%
line,-62.35%
humans,-62.35%
Once,12.95%
deeper,88.24%
favorite,-62.35%
psychiatrist,50.59%
ghost,-62.35%
screen,-62.35%
talks,-57.65%
mum,69.42%
loud,-15.29%
boy,69.42%
drop,-15.29%
Never,69.42%
Living,-57.65%
14,69.42%
stand,69.42%
men,196.48%
lol,-15.29%
posts,27.06%
carry,-15.29%
EVERYONE,-15.29%
answer,69.42%
Still,-57.65%
venting,69.42%
SHIT,-57.65%
media,111.77%
sake,27.06%
closer,69.42%
Also,-15.29%
safety,-57.65%
siblings,-57.65%
putting,111.77%
grateful,-57.65%
11,-15.29%
frustrated,111.77%
possibly,-15.29%
severely,-15.29%
bathroom,-15.29%
onto,-15.29%
major,-15.29%
bear,27.06%
calls,27.06%
tbh,-57.65%
These,111.77%
fair,69.42%
staring,27.06%
edge,-15.29%
wished,-15.29%
usual,-57.65%
bottom,-15.29%
awkward,111.77%
conversations,69.42%
pray,-57.65%
caused,111.77%
question,238.84%
appreciated,-15.29%
esteem,-57.65%
type,-15.29%
sexual,69.42%
worthy,69.42%
push,69.42%
hopes,-15.29%
truth,-15.29%
Everytime,27.06%
mostly,27.06%
pit,-15.29%
40,69.42%
diagnosed,154.13%
breaking,-15.29%
nightmare,69.42%
basic,154.13%
AM,27.06%
OUT,-15.29%
financially,-57.65%
steps,27.06%
devastated,-57.65%
cope,238.84%
breakdown,27.06%
crap,69.42%
bottle,-57.65%
cruel,27.06%
causing,111.77%
breathe,69.42%
friendships,-15.29%
IM,-15.29%
improve,27.06%
Let,-57.65%
stomach,69.42%
responsibilities,-51.59%
sharing,-51.59%
throw,-51.59%
threatened,-3.19%
Me,-3.19%
nights,-3.19%
slightest,-51.59%
NO,-3.19%
brave,-3.19%
picked,-51.59%
Hello,-51.59%
interesting,-51.59%
subreddit,190.43%
actively,45.22%
isolating,-3.19%
places,45.22%
text,142.03%
similar,-3.19%
psychologist,-51.59%
50,-51.59%
throat,-51.59%
awake,142.03%
pleasure,-51.59%
level,-3.19%
finished,-51.59%
arm,-51.59%
pushed,-51.59%
necessary,-3.19%
argument,-3.19%
doesnt,45.22%
capable,-51.59%
third,-51.59%
productive,-51.59%
surviving,45.22%
source,-3.19%
interests,45.22%
although,-3.19%
wonderful,-51.59%
parent,93.62%
realise,-3.19%
fuckin,-51.59%
contemplating,-3.19%
black,238.84%
totally,93.62%
deeply,-3.19%
burning,-51.59%
succeed,-51.59%
train,-51.59%
snap,-51.59%
debt,-51.59%
becoming,45.22%
perfect,-3.19%
strength,45.22%
kills,142.03%
within,45.22%
routine,45.22%
noticed,142.03%
illnesses,45.22%
number,45.22%
embarrassed,-3.19%
appointment,-51.59%
considered,93.62%
obviously,-3.19%
Thinking,-51.59%
skin,-51.59%
dropped,-51.59%
simple,93.62%
hopefully,-51.59%
moms,-3.19%
pandemic,-51.59%
willing,-3.19%
sign,-51.59%
news,45.22%
behavior,-51.59%
raised,-51.59%
--,-3.19%
ideas,45.22%
five,-51.59%
evil,45.22%
lead,-51.59%
course,45.22%
test,45.22%
Each,-3.19%
matters,45.22%
scare,45.22%
calm,-51.59%
local,-3.19%
hating,-51.59%
memories,-3.19%
inevitable,45.22%
goddamn,-51.59%
gym,45.22%
walls,-51.59%
hospitalized,45.22%
Update,-51.59%
violent,-51.59%
develop,-3.19%
destined,-3.19%
letting,45.22%
crippling,-3.19%
threatening,-3.19%
expensive,-51.59%
expectations,-3.19%
methods,-3.19%
book,-3.19%
rent,-3.19%
slept,-51.59%
bare,-51.59%
stressful,-51.59%
stops,-3.19%
peacefully,-3.19%
jokes,12.95%
tragic,-43.53%
grandma,125.89%
count,12.95%
episodes,125.89%
schedule,-43.53%
nightmares,-43.53%
Instead,12.95%
absolute,69.42%
WHY,69.42%
opening,12.95%
office,-43.53%
conscious,69.42%
texted,12.95%
begin,12.95%
rant,-43.53%
26,12.95%
TOO,-43.53%
interested,12.95%
hobby,-43.53%
punched,-43.53%
Ever,125.89%
Hell,12.95%
lucky,-43.53%
laying,-43.53%
form,-43.53%
bipolar,12.95%
endless,182.36%
60,12.95%
verbally,-43.53%
hits,-43.53%
unhappy,12.95%
traumatic,125.89%
ignored,182.36%
update,-43.53%
Friends,12.95%
damage,12.95%
desperately,-43.53%
Will,69.42%
changing,12.95%
His,-43.53%
nervous,12.95%
unfortunately,125.89%
yes,125.89%
movie,69.42%
Really,69.42%
chores,-43.53%
cure,-43.53%
locked,12.95%
finds,-43.53%
ashamed,-43.53%
treat,12.95%
fade,-43.53%
pick,125.89%
trip,125.89%
bored,182.36%
community,12.95%
zone,-43.53%
swear,12.95%
exhausting,69.42%
agony,69.42%
leaves,69.42%
trouble,182.36%
shame,-43.53%
win,-43.53%
abandoned,69.42%
grow,69.42%
doubt,12.95%
heavily,69.42%
screaming,125.89%
computer,12.95%
manage,125.89%
Hopefully,-43.53%
detail,-43.53%
texts,125.89%
fantasize,-43.53%
rotting,-43.53%
mistakes,-43.53%
Day,12.95%
driving,69.42%
lack,408.25%
Too,-43.53%
depressing,182.36%
Pretty,-43.53%
comfortable,12.95%
shared,12.95%
sell,-43.53%
liar,69.42%
mouth,69.42%
hardly,295.31%
None,-43.53%
success,12.95%
atleast,12.95%
Tried,-43.53%
promised,-43.53%
moved,351.78%
grieving,12.95%
somewhat,182.36%
roommate,-43.53%
checked,-43.53%
solve,69.42%
acting,12.95%
continuing,-43.53%
starts,69.42%
reminder,-43.53%
pill,-43.53%
Loneliness,125.89%
owe,12.95%
responsibility,12.95%
Her,-43.53%
brains,-43.53%
downs,12.95%
sweet,69.42%
city,125.89%
current,69.42%
randomly,69.42%
confused,125.89%
mention,69.42%
causes,295.31%
building,69.42%
med,69.42%
SHE,-43.53%
throughout,-43.53%
opinion,-43.53%
believes,103.30%
fulfilling,-32.23%
alcoholic,103.30%
method,35.53%
meeting,171.07%
sh,103.30%
overcome,103.30%
loop,-32.23%
spending,-32.23%
swings,35.53%
seemed,35.53%
slow,35.53%
student,171.07%
believing,35.53%
believed,-32.23%
sexually,35.53%
action,103.30%
information,35.53%
CANT,35.53%
lied,35.53%
biggest,-32.23%
silence,103.30%
medicine,-32.23%
uni,-32.23%
emotion,171.07%
ruining,-32.23%
affect,-32.23%
reaching,-32.23%
isolate,-32.23%
achieve,306.60%
Going,103.30%
smoke,-32.23%
disabled,35.53%
messages,35.53%
wrists,-32.23%
embarrassing,35.53%
deteriorating,-32.23%
passing,35.53%
four,-32.23%
annoyed,-32.23%
spiral,-32.23%
isolation,35.53%
therapists,35.53%
ADHD,577.67%
accepted,-32.23%
anytime,-32.23%
follow,-32.23%
grown,35.53%
experienced,238.84%
disturbing,-32.23%
kindness,-32.23%
paid,-32.23%
decent,-32.23%
complain,-32.23%
yelled,35.53%
ungrateful,35.53%
blamed,35.53%
Saturday,35.53%
empathy,-32.23%
assaulted,306.60%
forgetting,-32.23%
insane,103.30%
content,171.07%
setting,-32.23%
shooting,-32.23%
consider,-32.23%
studying,-32.23%
exact,-32.23%
ton,171.07%
Would,35.53%
tight,35.53%
asks,-32.23%
power,103.30%
affection,171.07%
laughing,103.30%
chore,-32.23%
anti,-32.23%
marriage,103.30%
cursed,103.30%
BEING,-32.23%
28,-32.23%
blue,35.53%
jail,-32.23%
romantic,35.53%
Yet,171.07%
summer,35.53%
women,103.30%
ppl,35.53%
sober,35.53%
typing,-32.23%
clearly,-32.23%
22,103.30%
math,103.30%
smallest,-32.23%
responsible,35.53%
heartbroken,-32.23%
judged,171.07%
weed,-32.23%
specific,171.07%
TV,103.30%
costs,-32.23%
bridges,35.53%
betrayed,35.53%
rid,103.30%
exhaustion,-32.23%
hair,238.84%
2019,35.53%
brush,35.53%
someday,35.53%
shock,-32.23%
darkness,-32.23%
disease,103.30%
convincing,35.53%
2020,103.30%
connection,442.14%
100%,103.30%
shell,103.30%
taste,-32.23%
actions,-32.23%
male,171.07%
ups,35.53%
garbage,-32.23%
monster,35.53%
admitted,-32.23%
Basically,-32.23%
distance,35.53%
value,35.53%
sabotaging,-32.23%
SORRY,-32.23%
DONT,-32.23%
fallen,35.53%
bullet,-32.23%
tough,-32.23%
LIFE,103.30%
overwhelming,103.30%
US,35.53%
Was,-32.23%
shotgun,-32.23%
normally,171.07%
card,35.53%
blank,103.30%
Seriously,35.53%
chair,-32.23%
35,-32.23%
counting,-32.23%
progress,-32.23%
frequently,-32.23%
51,-15.29%
periods,69.42%
BUT,-15.29%
despise,69.42%
abuser,408.25%
bullied,-15.29%
twisted,-15.29%
hitting,154.13%
fucks,-15.29%
research,69.42%
paper,-15.29%
laptop,-15.29%
team,408.25%
Especially,-15.29%
2018,-15.29%
followed,69.42%
WORLD,-15.29%
coworkers,238.84%
attend,-15.29%
celebrating,69.42%
reminds,69.42%
38,-15.29%
healthcare,-15.29%
70,-15.29%
session,-15.29%
bank,69.42%
Recently,154.13%
truck,238.84%
smoking,-15.29%
stayed,-15.29%
convinced,69.42%
slit,-15.29%
fog,69.42%
pure,69.42%
BECAUSE,-15.29%
ANYMORE,-15.29%
mindset,-15.29%
decades,69.42%
appealing,-15.29%
Monday,-15.29%
teacher,-15.29%
faith,-15.29%
app,-15.29%
genuine,69.42%
Probably,-15.29%
fire,-15.29%
spouse,154.13%
medications,-15.29%
breakup,-15.29%
youth,-15.29%
socializing,-15.29%
enemy,-15.29%
box,-15.29%
unlovable,238.84%
useful,-15.29%
roof,69.42%
sex,408.25%
Such,69.42%
doI,-15.29%
asshole,238.84%
justify,-15.29%
heal,-15.29%
tunnel,-15.29%
baby,-15.29%
Christmas,-15.29%
terms,69.42%
score,-15.29%
store,69.42%
interaction,154.13%
wasnt,-15.29%
info,-15.29%
whatsoever,-15.29%
excited,238.84%
white,323.55%
religious,69.42%
recover,154.13%
lies,-15.29%
ambitions,-15.29%
clear,154.13%
learned,-15.29%
shaking,-15.29%
quality,154.13%
grief,-15.29%
OK,-15.29%
32,154.13%
boys,-15.29%
wont,-15.29%
becomes,-15.29%
burnt,238.84%
disgusted,154.13%
immediate,-15.29%
urges,-15.29%
phase,-15.29%
enjoyed,-15.29%
rape,69.42%
danger,-15.29%
ALIVE,-15.29%
poverty,-15.29%
terrifying,-15.29%
obsessed,-15.29%
drained,154.13%
load,-15.29%
repeating,-15.29%
Anyways,-15.29%
proceeded,69.42%
recognize,238.84%
gaming,-15.29%
borderline,69.42%
unattractive,154.13%
significant,-15.29%
20s,154.13%
YOUR,69.42%
EVERYTHING,-15.29%
aware,69.42%
perspective,69.42%
teen,69.42%
income,-15.29%
balls,238.84%
offered,-15.29%
majority,69.42%
vulnerable,-15.29%
liked,69.42%
confidence,154.13%
mentioned,-15.29%
trash,69.42%
stronger,-15.29%
however,154.13%
ghosted,69.42%
havent,-15.29%
certainly,69.42%
Go,-15.29%
positivity,-15.29%
special,69.42%
Self,-15.29%
comforting,-15.29%
stays,-15.29%
tips,-15.29%
tree,-15.29%
Here,-15.29%
flat,69.42%
childish,323.55%
financial,-15.29%
May,-15.29%
Told,-15.29%
arguments,154.13%
neutral,-15.29%
afternoon,-15.29%
wreck,69.42%
quote,69.42%
began,69.42%
view,-15.29%
filled,69.42%
backstabbed,69.42%
DO,69.42%
chat,69.42%
military,747.09%
obvious,-15.29%
verge,-15.29%
sadly,-15.29%
crash,-15.29%
validated,-15.29%
alot,-15.29%
Medication,69.42%
opportunities,-15.29%
degree,69.42%
dare,69.42%
disorders,-15.29%
complaining,69.42%
related,154.13%
sugar,154.13%
darkest,69.42%
ignoring,154.13%
Years,-15.29%
loose,238.84%
signs,154.13%
worrying,-15.29%
responses,-15.29%
vs,-15.29%
minimum,-15.29%
chill,69.42%
rarely,69.42%
afterwards,69.42%
experiencing,69.42%
rock,-15.29%
divorced,238.84%
kinds,-15.29%
closest,69.42%
pretended,69.42%
event,69.42%
doctors,-15.29%
unfair,408.25%
immense,-15.29%
ostracized,154.13%
wild,-15.29%
lunch,69.42%
restaurant,-15.29%
fired,-15.29%
business,-15.29%
explode,238.84%
DONE,154.13%
adhd,-15.29%
eternal,69.42%
hopelessness,69.42%
incompatible,-15.29%
Work,-15.29%
WHEN,69.42%
victim,238.84%
weekends,125.89%
drag,12.95%
panicking,12.95%
grandparents,12.95%
shoved,12.95%
teach,125.89%
suffers,12.95%
Worst,12.95%
isnt,125.89%
attitude,12.95%
LET,12.95%
LIKE,12.95%
sobbing,238.84%
unmotivated,125.89%
streets,125.89%
Writing,12.95%
cook,12.95%
awhile,12.95%
excitement,12.95%
following,125.89%
company,238.84%
arent,12.95%
apps,125.89%
Having,125.89%
task,125.89%
videos,238.84%
warning,12.95%
pulled,12.95%
history,12.95%
protect,12.95%
95%,12.95%
downhill,12.95%
laughed,12.95%
habits,125.89%
shelter,12.95%
stage,12.95%
grave,12.95%
cuts,12.95%
affected,125.89%
decline,12.95%
dates,12.95%
hiding,125.89%
Three,12.95%
crushing,125.89%
vanish,12.95%
incase,12.95%
six,238.84%
meI,12.95%
addiction,12.95%
remind,12.95%
add,238.84%
agree,125.89%
return,12.95%
Usually,12.95%
impact,12.95%
road,12.95%
Knowing,12.95%
bigger,238.84%
HARD,12.95%
build,12.95%
Shit,12.95%
drown,238.84%
ten,12.95%
bubbly,12.95%
surprise,125.89%
recent,125.89%
helpful,12.95%
complex,12.95%
Dealing,125.89%
passes,12.95%
opened,12.95%
distant,125.89%
hi,12.95%
Wow,12.95%
daydreaming,12.95%
pictures,125.89%
ate,12.95%
Though,12.95%
differently,12.95%
cute,12.95%
companion,12.95%
continuously,12.95%
unknown,12.95%
heartbreaking,125.89%
destroying,12.95%
threaten,125.89%
frustrating,238.84%
em,12.95%
beings,12.95%
furious,125.89%
Before,12.95%
While,12.95%
prisoner,12.95%
Feel,125.89%
throwaway,12.95%
gut,12.95%
Those,12.95%
compared,12.95%
slip,12.95%
alright,12.95%
according,12.95%
nowadays,12.95%
sensitive,125.89%
trace,12.95%
million,125.89%
pieces,12.95%
based,12.95%
willpower,12.95%
suicidewatch,12.95%
quarantine,12.95%
YEARS,12.95%
internal,12.95%
Found,12.95%
31,12.95%
art,12.95%
blah,238.84%
exam,12.95%
utterly,238.84%
irl,12.95%
receive,12.95%
curious,12.95%
Lonely,125.89%
schoolwork,12.95%
Right,12.95%
advise,238.84%
toward,12.95%
numbness,125.89%
surrounded,12.95%
students,12.95%
June,125.89%
conditions,12.95%
holiday,125.89%
apply,125.89%
2023,12.95%
hardest,125.89%
appetite,125.89%
aside,238.84%
sickness,12.95%
achieved,12.95%
led,12.95%
finger,12.95%
false,12.95%
odd,12.95%
tasks,125.89%
blown,12.95%
graduate,12.95%
favor,12.95%
100,12.95%
available,12.95%
gaslighting,125.89%
reasonable,12.95%
reset,12.95%
gender,125.89%
homework,12.95%
Advice,12.95%
repulsive,12.95%
replies,125.89%
grieve,12.95%
lines,12.95%
sink,125.89%
counseling,12.95%
thru,125.89%
depend,12.95%
dumped,125.89%
cover,12.95%
reward,238.84%
manipulative,12.95%
cuddle,125.89%
attachment,12.95%
soft,12.95%
block,12.95%
freaking,238.84%
draining,125.89%
alternative,12.95%
Damn,12.95%
Tomorrow,12.95%
joined,12.95%
hugging,12.95%
path,125.89%
Your,464.73%
starving,12.95%
yrs,12.95%
seven,12.95%
projects,12.95%
dirty,12.95%
everywhere,238.84%
avoiding,125.89%
coping,238.84%
gay,125.89%
award,12.95%
Stuck,12.95%
LIVE,12.95%
guarantee,125.89%
stab,125.89%
showing,125.89%
THEY,125.89%
books,12.95%
dismiss,12.95%
shocked,12.95%
realised,238.84%
lower,125.89%
socially,238.84%
universe,12.95%
town,12.95%
hopeful,125.89%
dated,12.95%
ONLY,125.89%
trans,238.84%
comment,125.89%
punching,12.95%
WANNA,12.95%
fed,12.95%
beating,12.95%
uncle,125.89%
opposite,351.78%
details,125.89%
2021,125.89%
Always,12.95%
stories,12.95%
zombie,12.95%
destroy,12.95%
answers,125.89%
October,12.95%
spiralling,12.95%
remembered,238.84%
cousin,12.95%
superficial,125.89%
risk,12.95%
triggering,12.95%
overreacting,12.95%
joining,12.95%
Where,125.89%
hunger,12.95%
respond,125.89%
refused,12.95%
Although,125.89%
grandpa,12.95%
complicated,12.95%
advantage,12.95%
picture,125.89%
proper,125.89%
silly,12.95%
powerful,125.89%
backwards,12.95%
realization,464.73%
brutally,12.95%
graduated,238.84%
pissed,12.95%
ur,125.89%
freak,238.84%
fill,12.95%
response,464.73%
brief,125.89%
requires,12.95%
entirely,238.84%
effect,125.89%
humanity,12.95%
New,12.95%
fantasizing,12.95%
Little,12.95%
29,125.89%
beauty,125.89%
Roe,12.95%
Wade,12.95%
sand,12.95%
circumstances,238.84%
laughs,12.95%
3rd,12.95%
PEOPLE,12.95%
main,12.95%
service,125.89%
casual,125.89%
scars,351.78%
prefer,464.73%
WARNING,12.95%
Idc,12.95%
generally,238.84%
ease,12.95%
interact,351.78%
vacation,125.89%
birth,351.78%
row,125.89%
disability,351.78%
clinical,238.84%
resilient,12.95%
faceless,238.84%
prepare,12.95%
RE,238.84%
33,69.42%
Time,69.42%
consent,238.84%
upside,69.42%
50%,69.42%
heads,69.42%
English,69.42%
excluded,69.42%
violently,69.42%
overthink,69.42%
poorly,69.42%
NEVER,69.42%
showering,69.42%
grand,69.42%
sole,69.42%
uncomfortable,747.09%
aspire,69.42%
faking,408.25%
walks,69.42%
fleeting,238.84%
inability,69.42%
indeed,238.84%
position,238.84%
marks,69.42%
bully,69.42%
sisters,69.42%
damaged,69.42%
Bye,69.42%
typical,69.42%
yk,69.42%
ik,408.25%
Personally,69.42%
aching,238.84%
ya,69.42%
suggested,408.25%
cigarettes,69.42%
tv,69.42%
enjoying,69.42%
Girlfriend,69.42%
adulthood,69.42%
complains,238.84%
ceiling,238.84%
degraded,69.42%
vice,69.42%
versa,69.42%
dislike,408.25%
shoulder,69.42%
hot,69.42%
prick,69.42%
suffocating,408.25%
criminal,69.42%
Ultimately,69.42%
shortly,69.42%
.......,69.42%
stolen,69.42%
dishes,69.42%
boredom,69.42%
fashion,69.42%
opinions,238.84%
bursts,69.42%
whore,69.42%
succumb,69.42%
unsafe,69.42%
impacted,69.42%
reactions,69.42%
goal,69.42%
disconnected,69.42%
conversational,69.42%
provide,408.25%
daunting,69.42%
upon,69.42%
inherently,69.42%
comprehend,69.42%
hook,69.42%
burdening,69.42%
Instagram,69.42%
uninteresting,69.42%
paragraph,69.42%
ambition,408.25%
flipped,69.42%
fianc,69.42%
continues,408.25%
passwords,69.42%
pin,408.25%
Went,69.42%
circle,69.42%
characters,69.42%
ultimately,238.84%
campus,69.42%
quickly,69.42%
filed,69.42%
toll,69.42%
grab,69.42%
air,69.42%
commented,408.25%
effects,69.42%
plague,69.42%
allergic,69.42%
manipulating,69.42%
hormones,238.84%
dosage,69.42%
lover,69.42%
rejected,69.42%
gorgeous,69.42%
inner,577.67%
nuisance,69.42%
OWN,69.42%
TIRED,238.84%
waves,69.42%
March,69.42%
spreading,69.42%
nursing,69.42%
nothingness,238.84%
responded,238.84%
disappears,69.42%
ck,69.42%
Could,69.42%
Quarantine,69.42%
subject,69.42%
rejection,69.42%
pulling,238.84%
security,69.42%
insecurity,69.42%
enjoys,69.42%
dumbass,408.25%
grey,69.42%
thin,69.42%
boss,69.42%
ignores,408.25%
funerals,69.42%
respect,69.42%
humiliated,238.84%
Back,408.25%
prices,69.42%
cases,69.42%
Crying,69.42%
army,69.42%
dig,69.42%
officially,69.42%
99%,69.42%
included,69.42%
parade,69.42%
refusing,69.42%
perfectly,238.84%
pressures,69.42%
affecting,69.42%
Got,69.42%
GP,69.42%
becouse,69.42%
Anything,238.84%
naturally,408.25%
react,69.42%
partners,69.42%
spoken,69.42%
belittles,69.42%
kiss,69.42%
talents,69.42%
alter,69.42%
court,408.25%
18M,69.42%
regular,238.84%
clothes,69.42%
Isn,238.84%
loosing,238.84%
Again,238.84%
shrugged,69.42%
trend,69.42%
acts,69.42%
trusted,69.42%
psychologists,747.09%
euthanized,69.42%
curse,69.42%
sorta,69.42%
classmates,69.42%
instantly,577.67%
mourning,69.42%
Shouldn,69.42%
bath,69.42%
Sadly,69.42%
judgement,69.42%
snapped,69.42%
race,69.42%
breathing,238.84%
consequence,69.42%
awesome,69.42%
GOING,69.42%
waited,238.84%
occasion,69.42%
Sad,69.42%
anonymous,69.42%
overweight,69.42%
connections,408.25%
unconditionally,69.42%
rage,69.42%
mutual,69.42%
inter,69.42%
Truly,69.42%
stressing,69.42%
drama,238.84%
minimal,69.42%
forest,69.42%
su,69.42%
closing,577.67%
individual,69.42%
REALLY,69.42%
supporting,69.42%
punished,69.42%
pits,69.42%
damaging,69.42%
unsure,69.42%
nonsense,69.42%
interactions,69.42%
communities,69.42%
christmas,69.42%
trial,69.42%
hungry,69.42%
Trying,577.67%
Guess,238.84%
crashing,69.42%
tear,69.42%
large,69.42%
appearance,69.42%
pretends,238.84%
distracting,69.42%
songs,69.42%
dragged,69.42%
excepted,69.42%
contribute,69.42%
strike,238.84%
weirdo,69.42%
Guys,69.42%
closure,69.42%
literal,238.84%
reminded,238.84%
Seeing,408.25%
passions,69.42%
swooped,69.42%
mins,69.42%
soup,69.42%
attacked,238.84%
intense,238.84%
stages,69.42%
insults,69.42%
celebrate,69.42%
brushed,69.42%
Sick,69.42%
burned,408.25%
YouTube,238.84%
Imagine,69.42%
insult,238.84%
Toxic,69.42%
eggs,69.42%
punish,69.42%
giant,69.42%
endure,69.42%
Plus,238.84%
er,69.42%
suggestions,69.42%
Alone,238.84%
Talking,69.42%
interacting,747.09%
lasts,238.84%
driven,69.42%
faked,69.42%
overdosing,69.42%
kidding,69.42%
unblocked,69.42%
qualified,69.42%
criticism,69.42%
identity,69.42%
knowledge,69.42%
rule,69.42%
Sunday,69.42%
Sleeping,238.84%
Meds,69.42%
dramatic,69.42%
shaken,69.42%
clue,69.42%
gift,69.42%
manager,69.42%
spirit,69.42%
ALWAYS,69.42%
Canada,69.42%
36,238.84%
shy,69.42%
distress,69.42%
piss,69.42%
greatly,69.42%
grabs,69.42%
tearing,69.42%
enter,69.42%
prove,69.42%
report,238.84%
cynical,69.42%
require,69.42%
kicking,238.84%
drove,69.42%
barley,69.42%
Reading,69.42%
undeniably,69.42%
privacy,577.67%
technically,69.42%
engage,238.84%
meanwhile,238.84%
events,69.42%
states,238.84%
contacts,69.42%
apathetic,69.42%
diet,69.42%
hideous,69.42%
PM,238.84%
anguish,69.42%
boom,69.42%
Either,69.42%
ongoing,69.42%
limited,69.42%
vision,69.42%
corporate,69.42%
hollow,69.42%
shoulders,238.84%
Another,69.42%
coworker,69.42%
co,69.42%
hygiene,69.42%
treating,69.42%
mid,69.42%
destroys,238.84%
.....,577.67%
sinking,238.84%
WAS,69.42%
accused,577.67%
unloved,238.84%
involved,69.42%
First,69.42%
youre,69.42%
wellbutrin,69.42%
repair,69.42%
happiest,69.42%
couch,238.84%
Make,238.84%
cheap,69.42%
chronically,69.42%
core,238.84%
urgent,69.42%
unhealthy,238.84%
rate,69.42%
insecure,69.42%
unbelievably,69.42%
horny,69.42%
melancholic,69.42%
myselfI,69.42%
received,238.84%
somone,69.42%
heaven,69.42%
accurate,69.42%
refuses,69.42%
OUR,69.42%
background,408.25%
patterns,69.42%
GUILT,69.42%
Constantly,69.42%
NPC,69.42%
character,238.84%
DEFINITELY,238.84%
STAB,69.42%
veteran,238.84%
remain,238.84%
slum,238.84%
punishment,577.67%
whoever,408.25%
club,69.42%
deepest,69.42%
befriend,238.84%
satisfaction,69.42%
price,577.67%
button,238.84%
mold,238.84%
bricks,238.84%
urgently,238.84%
total,69.42%
desired,238.84%
Called,69.42%
Without,69.42%
feeding,238.84%
views,577.67%
occasional,238.84%
Ugh,577.67%
feminine,408.25%
undesirable,577.67%
functioning,69.42%
despises,238.84%
tiredI,69.42%
rapist,69.42%
chain,238.84%
bull,238.84%
exceedingly,238.84%
WISH,238.84%
hello,238.84%
domestic,238.84%
healed,238.84%
dropping,238.84%
pm,238.84%
watched,238.84%
ring,238.84%
internally,238.84%
non,577.67%
tea,238.84%
Empty,238.84%
COVID,238.84%
greatest,238.84%
realisation,577.67%
Trigger,238.84%
therefore,238.84%
shattered,577.67%
warped,238.84%
disappeared,238.84%
faded,238.84%
somethings,577.67%
repress,238.84%
stability,238.84%
Looking,238.84%
invalidated,238.84%
parenting,238.84%
wuss,238.84%
arrived,238.84%
listened,577.67%
noises,238.84%
list,916.51%
unwanted,238.84%
hey,238.84%
comforted,238.84%
Wondering,238.84%
University,238.84%
noise,238.84%
ocean,577.67%
humorous,238.84%
wakeup,238.84%
rejects,238.84%
version,577.67%
infinite,238.84%
racist,238.84%
POC,577.67%
kicks,238.84%
grad,238.84%
dumping,238.84%
repulsed,238.84%
......,238.84%
messaging,238.84%
pouring,238.84%
sea,238.84%
idc,238.84%
abandon,238.84%
Tuesday,238.84%
miscellaneous,238.84%
actor,238.84%
exaggerating,238.84%
Seems,238.84%
wherever,238.84%
follows,238.84%
journals,238.84%
meditation,238.84%
variety,238.84%
listed,238.84%
WERE,238.84%
SHAPE,238.84%
affects,238.84%
prospects,238.84%
results,238.84%
repressed,238.84%
recovered,238.84%
greet,238.84%
infuriating,238.84%
consistent,238.84%
attracted,238.84%
concept,238.84%
150k,238.84%
Whatever,238.84%
uneasy,238.84%
utter,577.67%
trick,238.84%
pisses,577.67%
development,238.84%
standing,238.84%
particularly,238.84%
habit,238.84%
Anxiety,238.84%
Male,238.84%
grammar,238.84%
acquaintances,238.84%
fixed,577.67%
contributing,238.84%
cost,238.84%
programs,577.67%
chunk,238.84%
apologized,238.84%
spite,238.84%
everyoneI,238.84%
mocking,238.84%
sickening,577.67%
awareness,238.84%
discard,238.84%
stunt,238.84%
humor,238.84%
nauseous,238.84%
Luckily,238.84%
anniversary,577.67%
shout,238.84%
devoid,238.84%
picking,238.84%
reminding,238.84%
freaks,577.67%
shouted,238.84%
acceptable,238.84%
dump,238.84%
deserving,238.84%
placed,238.84%
record,238.84%
negatively,238.84%
degrees,238.84%
Taking,238.84%
pro,238.84%
friendly,238.84%
temporarily,238.84%
searching,577.67%
overthinking,577.67%
uplifting,238.84%
wound,577.67%
transphobic,238.84%
horrific,238.84%
sympathise,238.84%
scapegoat,238.84%
rise,238.84%
festering,238.84%
talented,238.84%
sending,238.84%
fee,238.84%
swallow,238.84%
rocks,238.84%
shitless,238.84%
laws,238.84%
Holding,238.84%
noticing,916.51%
supportive,238.84%
steam,238.84%
extent,577.67%
lash,238.84%
dignity,238.84%
independently,238.84%
largely,238.84%
yr,916.51%
gradually,238.84%
2.5,238.84%
deprived,238.84%
changeI,238.84%
learnt,238.84%
permission,238.84%
uncertain,238.84%
frankly,577.67%
chemicals,238.84%
Constant,238.84%
communicating,238.84%
illusion,238.84%
desires,238.84%
starved,238.84%
challenged,577.67%
create,577.67%
filth,238.84%
refreshed,238.84%
restrict,238.84%
ect,238.84%
shittier,916.51%
law,238.84%
blur,916.51%
deserves,577.67%
frequent,577.67%
separated,238.84%
hellhole,238.84%
exploding,238.84%
potentially,238.84%
problematic,238.84%
judging,238.84%
whiny,238.84%
signing,238.84%
journal,238.84%
confusion,238.84%
bitter,238.84%
lessons,238.84%
suit,238.84%
remembering,577.67%
continued,238.84%
touched,238.84%
external,238.84%
romantically,238.84%
cuddled,238.84%
lows,238.84%
fantasy,238.84%
worries,238.84%
SURE,238.84%
excuse,1255.35%
negativity,238.84%
Year,238.84%
academics,577.67%
brick,238.84%
mildly,238.84%
bright,916.51%
basket,238.84%
enjoyable,238.84%
lady,238.84%
fetish,238.84%
practically,577.67%
hyper,916.51%
replace,238.84%
Both,238.84%
WHOSE,238.84%
crowd,577.67%
sorts,238.84%
Left,238.84%
answered,238.84%
triggers,916.51%
commercial,238.84%
peers,238.84%
relatives,238.84%
despair,577.67%
OCD,238.84%
locks,238.84%
guard,238.84%
naps,238.84%
sits,238.84%
irritating,238.84%
symptom,238.84%
morals,238.84%
fights,238.84%
validate,238.84%
fitting,238.84%
slipping,238.84%
fulfillment,577.67%
numerous,238.84%
confronted,238.84%
stubborn,577.67%
neglect,238.84%
instagram,238.84%
cycles,238.84%
spiraling,238.84%
organisation,238.84%
complaint,238.84%
bothering,238.84%
breaks,1255.35%
humble,238.84%
enthusiasm,238.84%
dedicated,238.84%
clock,577.67%
ticking,238.84%
Wednesday,577.67%
genuinly,238.84%
levels,238.84%
fairly,238.84%
Many,238.84%
bland,238.84%
creatures,238.84%
color,238.84%
oblivious,577.67%
penis,238.84%
nothings,238.84%
influenced,238.84%
Everywhere,238.84%
Thoughts,238.84%
injuries,238.84%
sanity,238.84%
mourned,238.84%
obese,238.84%
excuses,238.84%
improved,238.84%
tendencies,238.84%
labelling,238.84%
mandatory,916.51%
flashbacks,577.67%
square,238.84%
deed,238.84%
hilarious,238.84%
preach,238.84%
statements,238.84%
interview,1255.35%
cup,238.84%
30s,238.84%
videogames,577.67%
STOMACH,238.84%
BLEED,238.84%
BED,238.84%
HEAD,238.84%
TAKE,238.84%
EVERYDAY,577.67%
GETTING,238.84%
WORSE,238.84%
abducted,238.84%
aliens,238.84%
skinny,577.67%
talent,238.84%
underconfident,238.84%
14hr,238.84%
confide,238.84%
parties,577.67%
fcuked,238.84%
fcuking,238.84%
Pain,238.84%
suffocate,238.84%
scarf,238.84%
tie,238.84%
knot,238.84%
loosen,238.84%
equally,238.84%
Throughout,238.84%
courteous,238.84%
mindless,916.51%
chatter,238.84%
Socially,238.84%
inept,238.84%
reminders,238.84%
crawled,238.84%
sections,238.84%
stair,238.84%
banisters,238.84%
partial,238.84%
dizzy,238.84%
stairs,238.84%
resilience,238.84%
myelf,238.84%
tipping,238.84%
compensation,238.84%
VA,577.67%
44K,238.84%
Chronically,238.84%
lord,238.84%
shall,238.84%
errors,238.84%
felonies,238.84%
scum,238.84%
property,238.84%
blasted,238.84%
Productivity,238.84%
decreased,238.84%
unacceptable,238.84%
PS,238.84%
native,238.84%
speaker,238.84%
grammatically,238.84%
journaling,238.84%
release,238.84%
Doubling,238.84%
depressant,238.84%
ASAP,238.84%
harassed,238.84%
maze,238.84%
scape,238.84%
suffocated,238.84%
transition,577.67%
exite,238.84%
dysmorphia,238.84%
cussing,238.84%
ide,238.84%
watering,238.84%
puffy,238.84%
bawling,577.67%
matches,238.84%
19m,238.84%
Thanksgiving,238.84%
handling,238.84%
F23,238.84%
skinnier,238.84%
materialistic,238.84%
convo,238.84%
richer,238.84%
complacent,238.84%
latest,238.84%
puke,238.84%
il,577.67%
darker,238.84%
sleepGod,238.84%
sunrises,238.84%
respectful,238.84%
romanticized,238.84%
viable,238.84%
intimate,238.84%
littlest,577.67%
doen,238.84%
Start,238.84%
wan,238.84%
Black,238.84%
holder,238.84%
formal,238.84%
gatekeeping,238.84%
str,238.84%
ngled,238.84%
th,238.84%
groups,916.51%
slaving,577.67%
green,238.84%
tag,238.84%
formed,238.84%
deprivation,238.84%
accusing,577.67%
sexting,238.84%
cautious,238.84%
credentials,238.84%
iq,238.84%
49,238.84%
goto,238.84%
conform,238.84%
Kids,238.84%
focused,916.51%
friendless,238.84%
abruptly,238.84%
ft,238.84%
knots,238.84%
Videogames,238.84%
twenty,238.84%
bite,238.84%
soonerI,238.84%
fele,238.84%
ponder,238.84%
saturday,238.84%
slut,238.84%
alreadyi,238.84%
unsatisfied,238.84%
outsider,238.84%
assault,577.67%
annoy,916.51%
tiresome,238.84%
initiate,238.84%
john,238.84%
doe,238.84%
gutter,238.84%
onlyI,238.84%
78,238.84%
supplements,238.84%
Disease,238.84%
nicest,238.84%
tube,238.84%
toxically,238.84%
pessimistic,238.84%
discussion,577.67%
barren,238.84%
valley,238.84%
Feels,577.67%
impress,238.84%
Absolutely,916.51%
Much,238.84%
weakness,238.84%
leap,238.84%
departed,238.84%
flickers,238.84%
normies,238.84%
dwell,238.84%
escalates,238.84%
assume,1594.18%
tend,577.67%
ruins,577.67%
maladjusted,238.84%
minds,238.84%
stangnant,238.84%
dissatisfied,238.84%
atrocious,238.84%
discernable,238.84%
earful,238.84%
demolish,238.84%
sociopaths,238.84%
sociopath,238.84%
delusional,916.51%
nonexistent,238.84%
7x,238.84%
flower,238.84%
hurled,238.84%
gruesome,238.84%
discourages,238.84%
gruesomeness,238.84%
fronts,238.84%
surprisingly,238.84%
Unfortunately,577.67%
grew,238.84%
undermined,238.84%
accomplishments,238.84%
communicate,238.84%
gross,238.84%
25m,238.84%
october,238.84%
Ngl,238.84%
introvert,238.84%
virginity,238.84%
commiting,238.84%
evident,238.84%
fixes,238.84%
damned,916.51%
Umm,238.84%
layed,238.84%
shouts,238.84%
orgasmic,238.84%
anew,238.84%
Helping,238.84%
Wild,238.84%
disrespectful,238.84%
manipulated,238.84%
unfathomable,238.84%
scamAfraid,238.84%
Afraid,238.84%
tinnitus,238.84%
Planning,238.84%
empowered,238.84%
fended,238.84%
tremendously,238.84%
kissing,238.84%
Sundays,238.84%
AF,238.84%
masterbating,238.84%
denominator,238.84%
inherited,238.84%
faliure,238.84%
grass,238.84%
nail,238.84%
coffin,238.84%
godforsaken,238.84%
teaser,238.84%
aimed,238.84%
rhe,238.84%
comllerely,238.84%
flooding,238.84%
Catch,238.84%
prettier,238.84%
injury,238.84%
quicksand,238.84%
reveal,238.84%
shadows,238.84%
strangling,238.84%
Isolation,238.84%
loniless,577.67%
demons,238.84%
blackhole,238.84%
labored,238.84%
blurs,238.84%
demise,238.84%
Long,238.84%
obsessively,238.84%
murderer,238.84%
mentions,238.84%
perpetual,238.84%
riding,238.84%
roller,577.67%
coaster,577.67%
Months,577.67%
remap,238.84%
weighs,238.84%
Waste,238.84%
lonliness,238.84%
impressive,238.84%
unintelligent,238.84%
aunties,238.84%
workers,916.51%
rest2023,238.84%
lifeIt,238.84%
dosing,238.84%
ibuprofen,238.84%
chickened,238.84%
aunts,238.84%
pressuring,238.84%
sue,238.84%
served,577.67%
motions,916.51%
affirmation,238.84%
TLDR,238.84%
unimportant,238.84%
everythingDebt,238.84%
Swore,238.84%
needless,238.84%
10k,238.84%
ti,238.84%
disappearing,238.84%
Valentine,238.84%
reservation,238.84%
hinted,238.84%
cooking,238.84%
cheer,577.67%
spitting,238.84%
accountable,238.84%
profanity,238.84%
belligerence,238.84%
softy,238.84%
harsh,577.67%
trashed,238.84%
Bruh,238.84%
motto,238.84%
unfixable,238.84%
challenge,238.84%
phrase,238.84%
ts,238.84%
wears,238.84%
ounce,238.84%
double,577.67%
introduced,238.84%
flocks,238.84%
Ooookay,238.84%
intake,238.84%
eval,238.84%
electronics,238.84%
maddening,238.84%
barbiturates,238.84%
therapeutic,238.84%
resisted,238.84%
Anemia,238.84%
schizophrenia,238.84%
deadly,238.84%
jokeI,238.84%
2016,238.84%
matched,238.84%
Partner,238.84%
popular,577.67%
blows,238.84%
purposely,577.67%
unrelenting,238.84%
neved,238.84%
timeline,238.84%
unforgiving,238.84%
executed,238.84%
colours,238.84%
missery,238.84%
acknowledging,238.84%
outlived,238.84%
usefulness,238.84%
Wonder,238.84%
bike,238.84%
respite,238.84%
dumbbell,238.84%
laughable,238.84%
SLIT,238.84%
THROAT,238.84%
COULD,238.84%
CUT,238.84%
WRISTS,238.84%
TRAPPED,238.84%
BODIES,238.84%
FINALLY,238.84%
ABORTED,238.84%
PAINFUL,238.84%
YET,238.84%
WANTS,238.84%
anhedonia,577.67%
WANTED,238.84%
strugglingI,238.84%
bathtub,238.84%
laundry,238.84%
tent,238.84%
desert,238.84%
weapons,238.84%
Improve,238.84%
Talked,238.84%
Worked,577.67%
glorious,238.84%
phsyical,238.84%
negated,238.84%
tasting,238.84%
sweetness,238.84%
tasted,238.84%
grainy,238.84%
nourished,238.84%
guilting,238.84%
Despite,238.84%
steady,238.84%
accomplishment,238.84%
grows,238.84%
precious,577.67%
chase,577.67%
vast,238.84%
