like,-0.40%
feel,1.17%
want,0.41%
life,-0.96%
know,-0.97%
people,0.86%
get,-11.59%
even,-26.17%
time,5.81%
really,9.84%
friends,62.35%
never,20.85%
much,-9.59%
anything,-10.85%
anymore,1.30%
think,-7.21%
go,-11.27%
My,-5.95%
going,-4.55%
day,-5.08%
hate,-38.42%
things,8.41%
would,19.30%
someone,35.61%
years,7.17%
anyone,18.24%
make,-4.84%
alone,67.89%
nothing,-2.91%
better,3.45%
always,17.60%
tired,-15.79%
feeling,1.03%
depression,-6.36%
help,-3.65%
fucking,-44.07%
way,11.51%
everything,4.27%
work,-24.45%
else,2.57%
talk,78.42%
But,44.88%
could,8.94%
live,12.39%
every,-2.43%
something,4.80%
...,4.76%
wish,-5.83%
see,1.69%
still,5.60%
ever,-19.68%
good,-2.47%
point,-47.49%
everyone,10.26%
person,34.52%
need,15.35%
say,2.25%
love,22.61%
care,-36.35%
die,-26.70%
family,18.44%
depressed,-36.13%
end,-10.87%
bad,4.27%
makes,-31.39%
lonely,107.96%
back,16.86%
hard,-4.18%
keep,-12.89%
happy,9.59%
trying,-31.40%
shit,-41.33%
living,-29.36%
feels,15.86%
try,18.57%
around,4.78%
got,-2.38%
getting,4.35%
take,-37.66%
away,8.40%
find,8.80%
right,-11.12%
world,-17.95%
sad,-9.66%
thing,-5.91%
year,-1.29%
tell,15.62%
worse,-32.86%
mental,-24.16%
kill,-29.49%
since,58.60%
enough,27.23%
lost,6.99%
stop,-21.60%
told,-4.18%
sleep,1.29%
..,34.65%
He,8.66%
im,-26.26%
dont,-32.11%
They,-13.20%
No,-24.24%
job,1.59%
last,-10.67%
without,16.36%
So,-26.50%
Why,-23.16%
friend,98.07%
said,-11.86%
many,-1.69%
school,-4.13%
thought,25.13%
long,1.31%
days,29.26%
parents,-19.65%
She,-33.63%
pain,29.91%
self,-15.73%
made,13.52%
tried,28.37%
give,-6.81%
actually,-3.22%
used,-24.73%
How,-38.75%
felt,26.11%
What,-23.94%
fuck,-38.10%
also,8.47%
bed,-31.18%
thoughts,-26.54%
relationship,8.87%
old,-5.62%
suicidal,-36.35%
done,-32.37%
wanted,64.05%
home,32.81%
wrong,-6.89%
left,44.23%
come,32.66%
lot,36.81%
past,-12.94%
understand,-24.92%
ago,79.35%
leave,-37.44%
hope,-24.92%
suicide,4.91%
sick,-57.25%
health,-35.48%
look,-1.07%
times,12.54%
anxiety,-30.75%
months,22.74%
reason,36.76%
When,-2.32%
today,-42.28%
matter,-10.62%
seems,-15.09%
best,48.43%
literally,-23.53%
mom,-12.83%
Im,-17.42%
wanna,28.46%
almost,10.11%
There,58.10%
therapy,-47.79%
able,-28.81%
well,-5.08%
little,24.26%
Just,25.13%
worth,-46.31%
others,61.07%
already,-45.93%
hurt,13.06%
making,13.87%
place,3.97%
mind,-25.73%
sometimes,33.68%
cant,-74.88%
new,5.49%
nobody,1.21%
thinking,17.25%
us,-2.42%
real,-12.69%
sure,2.72%
social,-21.80%
gets,-11.37%
let,5.07%
constantly,-10.69%
hurts,42.93%
Like,32.35%
scared,-15.30%
money,-62.66%
talking,12.03%
started,6.70%
normal,-9.31%
crying,7.53%
first,-3.22%
alive,-18.72%
kind,-24.14%
empty,13.80%
wake,-7.15%
single,-33.93%
saying,-39.44%
cry,10.11%
okay,-27.26%
put,17.50%
another,35.38%
night,-4.10%
start,-4.10%
loneliness,198.97%
completely,2.38%
Now,-30.60%
gone,28.31%
partner,-24.18%
whole,-24.18%
support,51.64%
seem,17.64%
wants,0.86%
though,36.45%
energy,49.61%
close,56.96%
mean,-26.26%
part,-20.12%
everyday,11.60%
deal,50.15%
working,-31.18%
maybe,25.13%
yet,12.61%
ask,-5.29%
stupid,-43.18%
stuff,-55.80%
sucks,-17.92%
loved,-17.92%
gonna,-10.79%
either,-23.53%
head,-35.68%
longer,-41.57%
feelings,94.77%
worst,-15.60%
next,-8.24%
two,4.87%
hours,-47.57%
fact,58.81%
deserve,-40.44%
week,-27.21%
brain,-26.50%
dead,26.95%
went,95.66%
might,-25.78%
taking,-19.04%
honestly,9.02%
looking,-4.61%
therapist,-24.30%
room,-24.30%
found,-3.65%
different,10.11%
house,-10.53%
Does,30.76%
supposed,-16.58%
together,11.22%
hell,4.27%
trauma,-30.49%
enjoy,12.36%
probably,34.80%
change,6.42%
truly,-21.96%
post,6.42%
Fuck,-42.65%
says,29.04%
become,43.37%
miss,139.06%
least,8.66%
worthless,-27.56%
body,-5.83%
dad,-63.78%
guess,30.40%
....,-12.14%
remember,-4.82%
miserable,-41.43%
human,-12.14%
spend,-40.16%
motivation,-40.16%
advice,-1.69%
finally,-1.69%
pretty,21.00%
believe,45.29%
happened,-8.24%
PTSD,-69.41%
Every,-15.89%
weeks,85.58%
kids,0.52%
girl,-14.94%
Even,1.67%
angry,-92.18%
cause,34.48%
needed,26.57%
People,-35.98%
stay,52.04%
college,-19.98%
telling,-92.00%
death,-19.04%
cannot,-35.23%
please,13.35%
fun,14.70%
lives,-66.83%
cares,32.66%
eat,7.79%
less,7.79%
call,-0.50%
girlfriend,24.37%
mother,-41.25%
phone,17.50%
sorry,17.50%
inside,-16.07%
exist,0.71%
useless,-15.04%
future,1.96%
stuck,-13.98%
man,-13.98%
child,-65.15%
happen,-39.02%
mentally,-38.24%
goes,41.17%
burden,-20.59%
horrible,-10.62%
called,-46.37%
hear,-37.44%
Life,7.25%
Nothing,7.25%
Everything,-28.50%
face,51.94%
problem,-28.50%
problems,-10.62%
killing,-55.31%
boyfriend,44.88%
fucked,-90.94%
Anyone,-0.39%
ex,20.90%
morning,-62.80%
rest,-25.60%
barely,13.13%
absolutely,13.13%
Sometimes,3.70%
abuse,-52.86%
heart,5.14%
illness,-61.77%
Please,-13.98%
failure,-33.09%
abusive,-42.65%
guy,24.26%
happiness,-61.77%
birthday,55.09%
suffering,45.39%
group,57.30%
afraid,-11.52%
damn,-41.01%
10,-50.84%
experience,37.64%
losing,-30.18%
seeing,-20.21%
starting,29.66%
high,21.45%
gotten,-19.04%
move,51.81%
watching,-48.64%
outside,12.99%
emotional,-7.56%
big,-38.37%
bit,2.72%
comes,23.26%
games,-16.58%
kid,-37.44%
20,-58.29%
idea,14.70%
Am,25.13%
anxious,-47.06%
gave,-4.71%
relationships,-15.30%
constant,-25.89%
realize,16.46%
forever,16.46%
soon,48.23%
nice,29.04%
issues,7.53%
recently,50.54%
bring,39.79%
shitty,-35.48%
moment,52.93%
struggling,-34.46%
asked,-1.69%
entire,-34.46%
upset,-11.20%
month,22.10%
far,44.30%
Don,-55.60%
waste,-77.80%
etc,-0.10%
break,22.10%
sit,-66.15%
use,80.51%
often,-32.31%
meet,57.95%
sense,37.64%
born,-8.24%
full,-31.18%
broken,-31.18%
hit,-42.65%
vent,-53.34%
married,28.31%
emotions,-18.35%
couple,-41.68%
genuinely,-30.01%
weird,-28.81%
hopeless,-28.81%
idk,32.81%
hang,81.10%
watch,-75.85%
attention,-3.41%
Everyone,8.66%
died,81.10%
toxic,20.74%
wanting,-3.41%
Idk,-15.48%
words,-15.48%
video,-87.93%
basically,-13.98%
terrible,-13.98%
existence,-50.84%
show,-24.92%
turn,37.64%
late,0.10%
reality,-24.92%
extremely,12.61%
fine,75.18%
interest,-49.95%
instead,0.10%
selfish,37.64%
physically,-10.79%
pathetic,-23.53%
situation,-36.28%
great,81.79%
cut,-9.11%
exhausted,3.88%
conversation,68.80%
pointless,-74.03%
joy,3.88%
suffer,-9.11%
coming,-22.09%
play,-20.59%
fix,-33.83%
struggle,-20.59%
awful,-33.83%
took,5.88%
asking,-7.36%
behind,-5.54%
free,34.94%
playing,-46.02%
hug,102.41%
guys,21.45%
due,34.94%
read,-5.54%
meds,-59.52%
car,-73.01%
numb,-32.53%
needs,34.94%
broke,-19.04%
reach,-17.42%
rather,51.40%
Do,-44.94%
fear,10.11%
negative,-44.94%
Its,-72.47%
childhood,-31.18%
knowing,65.17%
lose,-86.24%
lately,10.11%
trust,-58.71%
keeps,-3.65%
whenever,-3.65%
met,54.49%
killed,12.36%
knew,54.49%
existing,-29.78%
society,-57.87%
Today,26.40%
mad,-71.91%
wonder,-43.82%
forward,-1.69%
waking,-29.78%
effort,-57.87%
harder,-57.87%
online,82.58%
guilty,-57.87%
kinda,-28.31%
simply,-28.31%
continue,57.71%
crazy,0.36%
husband,29.04%
young,-28.31%
relate,43.37%
Maybe,100.72%
ugly,0.36%
wife,-28.31%
ass,-42.65%
waiting,-70.71%
ones,75.71%
hold,-41.43%
yesterday,31.78%
ending,46.43%
dreams,17.14%
ok,61.07%
eating,17.14%
sex,-12.14%
especially,-70.71%
spent,119.64%
deep,-56.07%
Depression,-56.07%
sleeping,49.61%
age,19.69%
seriously,-85.04%
listen,49.61%
physical,-10.24%
speak,-40.16%
busy,-23.53%
anybody,52.93%
dying,37.64%
After,7.05%
purpose,-23.53%
lazy,-84.71%
second,-38.83%
happens,83.52%
food,-23.53%
share,150.25%
father,-6.15%
Because,-53.08%
small,87.69%
handle,-21.80%
tomorrow,-6.15%
stress,-68.72%
forget,25.13%
fighting,-6.15%
true,40.77%
difficult,-3.97%
woman,-35.98%
bullshit,-67.99%
fake,-19.98%
Hi,76.05%
whatever,-67.99%
personality,-19.98%
sadness,-35.98%
ptsd,-19.98%
low,-3.97%
dark,-18.07%
adult,-34.46%
turned,47.47%
ive,-34.46%
lack,47.47%
cared,14.70%
came,96.63%
may,47.47%
sitting,17.50%
contact,51.07%
wasting,-32.86%
usually,34.28%
escape,0.71%
15,118.21%
changed,-49.64%
stopped,34.28%
helping,0.71%
act,-83.21%
anywhere,0.71%
walk,34.28%
lay,-32.86%
&#,34.28%
x200B,34.28%
hobbies,-16.07%
divorce,-32.86%
control,-32.86%
bother,-48.39%
ended,37.64%
text,106.46%
explain,-31.18%
saw,3.23%
fight,72.05%
dating,-13.98%
emotionally,54.84%
happening,106.46%
medication,106.46%
disappear,58.81%
knows,-64.71%
stand,-47.06%
half,23.52%
currently,-47.06%
given,-64.71%
accept,41.17%
hospital,58.81%
side,26.77%
cycle,8.66%
moved,81.10%
mine,-9.45%
severe,-27.56%
fault,-9.45%
30,44.88%
Nobody,44.88%
positive,-45.67%
god,-45.67%
diagnosed,26.77%
music,-9.45%
comfort,48.80%
sort,-62.80%
chest,30.20%
eyes,11.60%
except,-25.60%
joke,-7.00%
seen,67.40%
easy,30.20%
marriage,-44.20%
lie,-44.20%
painful,11.60%
courage,-7.00%
interested,-7.00%
finding,-7.00%
fall,-25.60%
sister,30.20%
story,67.40%
impossible,-42.65%
towards,52.93%
open,129.40%
country,52.93%
jobs,-4.42%
belong,52.93%
daily,-23.53%
19,-23.53%
18,52.93%
anyway,14.70%
heard,14.70%
works,-23.53%
Any,17.98%
failed,37.64%
dumb,-1.69%
realized,17.98%
peace,37.64%
possible,37.64%
wait,116.29%
God,-1.69%
space,96.63%
goals,37.64%
panic,-80.34%
eventually,-1.69%
name,57.30%
anger,-60.67%
takes,-1.69%
women,-41.01%
super,-1.69%
healthy,-21.35%
Sorry,96.63%
thinks,-39.28%
safe,1.21%
focus,21.45%
piece,-59.52%
suddenly,-19.04%
sub,-19.04%
meaning,-19.04%
somehow,-79.76%
meant,1.21%
none,41.69%
loser,21.45%
helped,-39.28%
tells,1.21%
dream,1.21%
emptiness,-39.28%
decided,142.89%
multiple,-79.15%
kept,4.27%
huge,-37.44%
Someone,-16.58%
general,25.13%
ready,-37.44%
reading,108.54%
state,-37.44%
cope,-79.15%
later,45.98%
leaving,87.69%
short,25.13%
putting,-16.58%
choice,-79.15%
loves,87.69%
experienced,-37.44%
giving,66.84%
17,45.98%
writing,-35.48%
fit,29.04%
message,72.05%
survive,-56.99%
word,-56.99%
expect,-35.48%
25,7.53%
complete,-35.48%
void,50.54%
bc,29.04%
taken,93.56%
important,201.09%
somewhere,50.54%
24,7.53%
Some,-13.98%
fail,-78.49%
must,-11.20%
mess,-77.80%
hour,166.40%
zero,-55.60%
weight,-55.60%
men,11.00%
option,11.00%
earth,33.20%
pass,55.40%
immediately,33.20%
skills,11.00%
12,77.60%
function,-33.40%
plan,166.40%
question,-33.40%
strong,122.00%
misery,14.70%
three,-8.24%
humans,-54.12%
Whenever,60.58%
unable,14.70%
looks,-8.24%
meaningless,-8.24%
easier,-54.12%
door,-31.18%
hurting,-8.24%
caused,-77.06%
older,14.70%
beautiful,14.70%
worry,-8.24%
mostly,37.64%
boring,-8.24%
trouble,-31.18%
Loneliness,37.64%
despite,-31.18%
laugh,89.85%
date,-5.08%
stressed,18.65%
oh,-28.81%
tonight,-5.08%
career,-52.54%
allowed,-5.08%
drive,-52.54%
class,18.65%
badly,-28.81%
along,89.85%
trapped,-28.81%
hates,-76.27%
moving,-5.08%
process,-28.81%
daughter,-28.81%
abused,-28.81%
using,-52.54%
harm,-52.54%
Everyday,-28.81%
memories,42.39%
actual,-52.54%
talked,-5.08%
middle,-26.26%
pretend,-1.69%
wondering,-50.84%
learn,-75.42%
hoping,-50.84%
talks,-75.42%
course,22.89%
quit,-26.26%
sound,-50.84%
experiences,170.36%
ill,-75.42%
missing,-26.26%
looked,-1.69%
connect,-1.69%
girls,96.63%
weak,-75.42%
front,-50.84%
soul,22.89%
somebody,47.47%
disgusting,-1.69%
gf,-75.42%
push,-1.69%
guilt,-50.84%
dealing,-1.69%
walking,-1.69%
sexual,-50.84%
noticed,-23.53%
game,-49.02%
Being,78.42%
reasons,1.96%
ruined,-74.51%
smile,129.40%
run,27.44%
annoying,-74.51%
ME,-74.51%
lying,-74.51%
forced,-23.53%
hanging,78.42%
drink,27.44%
sounds,1.96%
Most,52.93%
treated,-49.02%
homeless,78.42%
moments,52.93%
movies,-23.53%
helps,78.42%
mood,154.89%
21,-74.51%
plans,-23.53%
Edit,-23.53%
becoming,-49.02%
minutes,-23.53%
falling,27.44%
divorced,-23.53%
apart,1.96%
touch,78.42%
listening,52.93%
slowly,58.81%
media,5.88%
chance,-73.53%
Never,58.81%
likes,-47.06%
Also,32.35%
buy,5.88%
desire,32.35%
posting,32.35%
weekend,-20.59%
voice,-47.06%
insane,-20.59%
yeah,58.81%
certain,-73.53%
clean,-73.53%
early,-20.59%
excuse,-20.59%
title,138.22%
attempt,111.75%
mistake,-47.06%
terrified,-73.53%
drinking,5.88%
brother,111.75%
unless,32.35%
apartment,5.88%
uncomfortable,92.70%
cold,10.11%
common,10.11%
shut,-44.94%
gives,37.64%
classes,-17.42%
write,-17.42%
issue,37.64%
spending,-17.42%
dog,-44.94%
means,37.64%
brought,10.11%
disappointed,-44.94%
notice,-44.94%
messed,-44.94%
Since,92.70%
ignore,-72.47%
became,120.22%
exhausting,-44.94%
reddit,-44.94%
psychiatrist,10.11%
wasted,-71.33%
weekends,-71.33%
temporary,-42.65%
23,-42.65%
episode,43.37%
worked,14.70%
didnt,-13.98%
choose,-13.98%
university,14.70%
staying,-42.65%
posts,100.72%
loud,14.70%
respond,-13.98%
everytime,-71.33%
suck,-42.65%
blame,43.37%
destroyed,129.40%
symptoms,-71.33%
connection,158.07%
tears,72.05%
funny,100.72%
hearing,-71.33%
incredibly,-42.65%
friendship,100.72%
turning,14.70%
public,-40.16%
amount,-40.16%
13,-10.24%
comfortable,-10.24%
yes,-40.16%
caring,-10.24%
crap,19.69%
kicked,-70.08%
doesnt,-10.24%
isolated,109.45%
biggest,-70.08%
nowhere,19.69%
ignored,79.53%
till,49.61%
pushing,19.69%
These,-40.16%
quiet,19.69%
attack,-40.16%
FUCKING,-40.16%
holding,-40.16%
poor,-10.24%
parent,-40.16%
loving,19.69%
interests,79.53%
starts,-10.24%
light,19.69%
Reddit,19.69%
study,19.69%
bills,-70.08%
send,-6.15%
leaves,-6.15%
hide,-37.44%
thats,-6.15%
awkward,25.13%
loss,25.13%
avoid,181.54%
hobby,-6.15%
bf,87.69%
figure,25.13%
treat,-37.44%
answer,-37.44%
16,-37.44%
imagine,25.13%
Who,-6.15%
running,-68.72%
minute,-37.44%
black,-37.44%
check,87.69%
serious,-68.72%
perfect,-37.44%
depressing,-6.15%
reached,-6.15%
jealous,87.69%
shell,-6.15%
basic,-37.44%
asleep,-37.44%
keeping,25.13%
woke,25.13%
male,162.17%
growing,31.09%
besides,63.86%
Hey,-1.69%
motivated,-34.46%
Where,-34.46%
subreddit,31.09%
absolute,31.09%
exactly,-34.46%
Ive,31.09%
son,31.09%
force,-1.69%
amazing,96.63%
venting,31.09%
awake,31.09%
confidence,-1.69%
liked,-1.69%
doctor,63.86%
hole,260.48%
heavy,-67.23%
friendships,63.86%
coward,-67.23%
turns,-1.69%
shows,-1.69%
ends,-1.69%
random,31.09%
improve,-34.46%
set,63.86%
system,-34.46%
mirror,-1.69%
hardly,63.86%
appointment,-1.69%
rant,-67.23%
younger,63.86%
stranger,-67.23%
bored,63.86%
Feeling,96.63%
esteem,-67.23%
wishing,-34.46%
anyways,3.23%
nights,72.05%
unbearable,-65.59%
company,106.46%
express,-65.59%
jump,-31.18%
level,3.23%
save,-65.59%
Thank,106.46%
city,72.05%
baby,-65.59%
worried,-65.59%
easily,140.87%
Been,-31.18%
similar,140.87%
totally,-31.18%
Still,3.23%
calls,-31.18%
held,-31.18%
lucky,-65.59%
near,3.23%
hygiene,-65.59%
tiring,3.23%
hated,3.23%
lived,3.23%
known,3.23%
pandemic,37.64%
romantic,37.64%
honest,37.64%
kms,3.23%
cruel,-31.18%
asshole,8.66%
Wish,81.10%
personal,225.99%
straight,44.88%
Oh,-63.78%
case,81.10%
actively,-27.56%
conversations,189.77%
step,-27.56%
sent,81.10%
triggered,8.66%
beyond,-27.56%
top,44.88%
successful,-63.78%
ways,-27.56%
add,8.66%
obviously,-63.78%
chronic,8.66%
thanks,8.66%
bathroom,-27.56%
boy,81.10%
professional,-63.78%
likely,44.88%
illnesses,-63.78%
fair,8.66%
memory,117.33%
ashamed,-27.56%
heal,44.88%
pit,-27.56%
overwhelming,8.66%
Tired,189.77%
frustrating,-63.78%
argument,8.66%
trigger,-27.56%
smart,-27.56%
nightmare,81.10%
rough,-27.56%
victim,-61.77%
stable,-23.53%
beat,-61.77%
endless,52.93%
depressive,52.93%
ppl,14.70%
somewhat,14.70%
14,-23.53%
planet,-23.53%
decade,14.70%
everybody,14.70%
thank,129.40%
whether,52.93%
nearly,52.93%
sudden,-23.53%
randomly,91.17%
genuine,-23.53%
permanent,-61.77%
brings,-61.77%
aware,-23.53%
period,-23.53%
routine,-23.53%
shower,14.70%
throughout,52.93%
hands,91.17%
understands,52.93%
wall,-61.77%
appreciate,-23.53%
several,52.93%
simple,14.70%
fill,14.70%
hating,-61.77%
decision,-23.53%
quite,167.63%
helpless,-61.77%
drained,14.70%
stomach,-61.77%
police,-61.77%
Well,91.17%
cried,14.70%
carry,-59.52%
normally,21.45%
non,-19.04%
excited,142.89%
sake,21.45%
matters,-19.04%
scary,-19.04%
mistakes,-59.52%
invited,-59.52%
onto,-59.52%
Only,21.45%
Things,102.41%
Living,-19.04%
forgotten,102.41%
ghost,-19.04%
pretending,-19.04%
sensitive,61.93%
success,-59.52%
guts,-19.04%
hopelessness,-59.52%
content,-59.52%
https,345.30%
form,-19.04%
confused,-59.52%
disappointment,-59.52%
stick,61.93%
beginning,102.41%
paid,-59.52%
steps,-59.52%
potential,-59.52%
Honestly,21.45%
special,21.45%
cheated,-59.52%
return,-19.04%
Therapy,21.45%
within,61.93%
degree,-19.04%
dealt,-19.04%
urge,-59.52%
inconvenience,-59.52%
meaningful,-19.04%
hair,21.45%
mention,61.93%
evil,-19.04%
drowning,-19.04%
letting,-19.04%
texts,102.41%
screaming,-13.98%
bunch,-56.99%
paying,-56.99%
tv,-13.98%
considering,-13.98%
26,29.04%
However,158.07%
realise,-56.99%
rn,29.04%
changes,-56.99%
truth,-56.99%
wrote,-13.98%
treatment,-13.98%
financially,-56.99%
driving,72.05%
coworkers,72.05%
places,-56.99%
begin,-13.98%
trip,-13.98%
hits,29.04%
events,-13.98%
offer,-13.98%
traumatic,-13.98%
twice,29.04%
studying,-56.99%
slept,72.05%
videos,-13.98%
unhappy,-13.98%
crippling,72.05%
behavior,-13.98%
Lately,-13.98%
value,-13.98%
achieve,72.05%
socially,29.04%
order,-13.98%
military,72.05%
strength,29.04%
hotline,-56.99%
causes,201.09%
drunk,29.04%
overcome,-13.98%
manage,72.05%
abandoned,72.05%
movie,29.04%
account,29.04%
40,29.04%
MY,-13.98%
ruin,-56.99%
drugs,72.05%
wear,-54.12%
properly,-8.24%
terms,37.64%
hitting,-8.24%
party,129.40%
meeting,129.40%
summer,37.64%
Yesterday,129.40%
struggles,-54.12%
raped,37.64%
pressure,37.64%
HATE,-8.24%
interact,-54.12%
tho,-8.24%
attempted,-54.12%
11,-54.12%
TV,-54.12%
surrounded,-54.12%
water,175.28%
embarrassed,-54.12%
healing,-54.12%
decide,-8.24%
antidepressants,-8.24%
intimacy,37.64%
20s,83.52%
frustrated,-8.24%
asks,-8.24%
distant,37.64%
apparently,-54.12%
verbally,-54.12%
assume,-8.24%
relief,-8.24%
seeking,37.64%
Me,37.64%
Yeah,-54.12%
white,37.64%
bear,-8.24%
Feel,-54.12%
unlovable,129.40%
example,-54.12%
isolation,37.64%
pills,267.04%
struggled,-8.24%
planning,129.40%
swear,-8.24%
rent,-54.12%
cost,-54.12%
hatred,83.52%
average,-8.24%
realised,-54.12%
proud,129.40%
Recently,37.64%
admit,-8.24%
breakdown,-8.24%
comments,83.52%
grow,-8.24%
TW,-54.12%
partners,83.52%
worthy,-8.24%
response,83.52%
acting,-54.12%
breathe,37.64%
affection,221.16%
desperately,-54.12%
clothes,-50.84%
evening,-50.84%
related,-50.84%
bday,244.10%
sharing,47.47%
Lonely,244.10%
enjoying,-50.84%
missed,-1.69%
sh,-50.84%
lol,47.47%
passed,-50.84%
rejected,-1.69%
interesting,96.63%
2020,145.78%
everywhere,47.47%
across,96.63%
accident,-50.84%
faking,47.47%
skin,-50.84%
scream,47.47%
ability,-50.84%
becomes,47.47%
laying,-50.84%
shy,-50.84%
com,47.47%
pushed,-1.69%
torture,47.47%
internet,47.47%
Friends,-1.69%
ignoring,145.78%
deeply,-1.69%
Last,-1.69%
female,96.63%
kills,145.78%
blocked,-1.69%
groups,96.63%
locked,-1.69%
showing,-1.69%
freaking,-1.69%
definitely,-1.69%
fast,-50.84%
build,-1.69%
solution,-1.69%
crushing,-50.84%
solve,-50.84%
deeper,47.47%
report,-50.84%
screen,-50.84%
unfair,47.47%
50,-1.69%
cool,58.81%
cuz,5.88%
jokes,58.81%
progress,-47.06%
isolating,164.69%
grades,-47.06%
gun,-47.06%
flat,-47.06%
note,58.81%
nightmares,-47.06%
nature,5.88%
switch,-47.06%
disconnected,-47.06%
27,164.69%
opening,58.81%
socialize,58.81%
willing,58.81%
sexually,-47.06%
stories,-47.06%
triggering,-47.06%
wonderful,5.88%
tough,5.88%
Did,-47.06%
responsibility,5.88%
goal,-47.06%
lots,5.88%
basis,5.88%
position,111.75%
grown,111.75%
area,5.88%
number,5.88%
members,111.75%
silence,111.75%
disappointing,-47.06%
hardest,5.88%
draining,-47.06%
emotion,58.81%
fully,111.75%
teeth,58.81%
possibly,5.88%
assaulted,-47.06%
rejection,-47.06%
embarrassing,-47.06%
kick,-47.06%
closest,-47.06%
moms,-47.06%
pictures,-47.06%
staring,5.88%
minor,5.88%
pissed,-47.06%
rotting,-47.06%
test,-47.06%
closer,5.88%
causing,58.81%
rich,-47.06%
generally,111.75%
Alone,5.88%
consider,5.88%
mouth,5.88%
disgusted,5.88%
effects,-47.06%
22,58.81%
majority,-47.06%
tips,5.88%
spiral,-47.06%
bare,-47.06%
Christmas,111.75%
coping,72.05%
breakup,-42.65%
distract,-42.65%
enjoyed,14.70%
passion,14.70%
Let,-42.65%
neck,-42.65%
earlier,-42.65%
New,14.70%
Here,-42.65%
stayed,-42.65%
Too,-42.65%
convince,-42.65%
actions,-42.65%
dropped,-42.65%
peaceful,-42.65%
Hello,129.40%
community,129.40%
strange,-42.65%
expected,-42.65%
reaction,-42.65%
insecure,-42.65%
Having,72.05%
siblings,-42.65%
appreciated,72.05%
gaming,14.70%
chore,-42.65%
grateful,-42.65%
laughed,129.40%
experiencing,-42.65%
monster,-42.65%
ton,-42.65%
student,416.15%
heavily,14.70%
spouse,-42.65%
destructive,-42.65%
blood,14.70%
unfortunately,129.40%
brush,-42.65%
raised,-42.65%
messages,129.40%
stressful,-42.65%
neglect,-42.65%
stronger,-42.65%
yell,-42.65%
Help,14.70%
blank,244.10%
tbh,14.70%
agree,14.70%
pick,72.05%
cats,-42.65%
cancer,14.70%
event,14.70%
decent,14.70%
rarely,129.40%
began,129.40%
supportive,129.40%
admitted,-42.65%
cursed,14.70%
parties,72.05%
Should,14.70%
walls,-42.65%
stops,-42.65%
minimum,-42.65%
credit,14.70%
believes,-37.44%
worrying,25.13%
mask,-37.44%
rid,87.69%
showed,-37.44%
schedule,275.38%
grade,25.13%
extreme,87.69%
NO,25.13%
covid,-37.44%
judge,-37.44%
compared,150.25%
walks,-37.44%
seemed,87.69%
cook,-37.44%
quick,25.13%
communicate,-37.44%
refuse,-37.44%
convinced,150.25%
ideas,150.25%
tries,-37.44%
fog,25.13%
inability,150.25%
information,25.13%
nervous,-37.44%
confident,25.13%
intimate,150.25%
perspective,-37.44%
communication,-37.44%
Thanks,212.82%
bringing,87.69%
capable,150.25%
third,25.13%
filled,275.38%
annoyed,25.13%
Seriously,-37.44%
inner,150.25%
Hope,-37.44%
learning,-37.44%
decisions,25.13%
shoot,-37.44%
specific,25.13%
session,-37.44%
edge,-37.44%
Yet,25.13%
religious,25.13%
result,25.13%
fixed,150.25%
edit,-37.44%
travel,212.82%
abandon,25.13%
apply,87.69%
gotta,-37.44%
responses,25.13%
shame,-37.44%
significant,-37.44%
recognize,25.13%
fucken,25.13%
wished,212.82%
comment,-37.44%
vulnerable,275.38%
typing,-37.44%
violent,25.13%
DO,-37.44%
Trying,25.13%
throw,-37.44%
distance,275.38%
current,275.38%
clear,-37.44%
opposite,87.69%
burning,-31.18%
replies,37.64%
29,-31.18%
happier,37.64%
weed,106.46%
learned,106.46%
dependent,-31.18%
isolate,37.64%
mum,106.46%
afterwards,106.46%
apps,37.64%
unmotivated,-31.18%
office,37.64%
Basically,-31.18%
cutting,-31.18%
action,37.64%
Always,37.64%
five,37.64%
roommate,37.64%
wont,-31.18%
needing,-31.18%
Ever,175.28%
Seeing,37.64%
autism,-31.18%
posted,106.46%
birth,175.28%
suffered,37.64%
surviving,-31.18%
survived,-31.18%
ruining,37.64%
reaching,37.64%
Going,37.64%
ungrateful,-31.18%
contemplating,-31.18%
His,37.64%
smoke,-31.18%
feed,-31.18%
responsible,-31.18%
ambition,106.46%
train,-31.18%
Really,37.64%
ran,-31.18%
hollow,-31.18%
opportunities,37.64%
realizing,37.64%
roof,-31.18%
upon,37.64%
list,37.64%
ghosted,175.28%
quickly,175.28%
seconds,106.46%
refused,-31.18%
ahead,-31.18%
agony,-31.18%
animal,175.28%
assignments,-31.18%
bothered,106.46%
excuses,37.64%
fed,-31.18%
arguments,37.64%
source,37.64%
promise,37.64%
slow,-31.18%
ideation,-31.18%
phase,-31.18%
lead,-31.18%
poverty,37.64%
speaking,-31.18%
shot,-31.18%
First,-31.18%
Would,37.64%
patience,-31.18%
Day,106.46%
committed,37.64%
disease,106.46%
goodbye,244.10%
YouTube,-31.18%
Instead,106.46%
interaction,106.46%
Anxiety,-31.18%
sooner,-31.18%
claim,37.64%
conditions,37.64%
town,37.64%
books,37.64%
obvious,37.64%
lunch,175.28%
verge,-31.18%
book,106.46%
create,-31.18%
reminded,-31.18%
card,-31.18%
responsibilities,-23.53%
autistic,52.93%
strangers,129.40%
topic,129.40%
connections,358.80%
acts,205.87%
paper,-23.53%
dogs,52.93%
store,129.40%
shared,129.40%
final,52.93%
graduate,-23.53%
darkness,-23.53%
teacher,-23.53%
following,-23.53%
tend,129.40%
pure,52.93%
built,52.93%
total,-23.53%
flashbacks,-23.53%
rape,-23.53%
changing,-23.53%
necessary,52.93%
extent,129.40%
count,282.33%
managed,-23.53%
Probably,-23.53%
finds,52.93%
Once,-23.53%
opinion,52.93%
owe,-23.53%
overall,52.93%
socializing,-23.53%
proper,-23.53%
differently,-23.53%
details,-23.53%
atleast,52.93%
certainly,-23.53%
local,129.40%
Each,52.93%
battle,52.93%
individual,52.93%
friendly,52.93%
useful,-23.53%
picture,52.93%
attacked,52.93%
considered,129.40%
despair,52.93%
positivity,52.93%
doubt,205.87%
destroy,-23.53%
blow,129.40%
court,-23.53%
naturally,129.40%
business,-23.53%
kindness,129.40%
whatsoever,-23.53%
quality,-23.53%
inevitable,129.40%
main,-23.53%
continues,52.93%
calm,52.93%
deserves,52.93%
Everytime,129.40%
Advice,-23.53%
hungry,-23.53%
sat,129.40%
art,52.93%
utterly,-23.53%
remembering,52.93%
irl,-23.53%
block,-23.53%
literal,-23.53%
spot,-23.53%
signs,129.40%
explode,-23.53%
alcohol,52.93%
100%,-23.53%
corner,52.93%
destined,205.87%
received,129.40%
answers,-23.53%
comforting,129.40%
develop,-23.53%
context,52.93%
breath,52.93%
aside,282.33%
realization,129.40%
bridge,-13.98%
treating,-13.98%
33,72.05%
activities,-13.98%
power,158.07%
passionate,72.05%
dick,-13.98%
repeating,-13.98%
exact,244.10%
rope,-13.98%
views,158.07%
particularly,-13.98%
zone,244.10%
followed,158.07%
loop,72.05%
fade,-13.98%
sobbing,158.07%
attend,-13.98%
conscious,-13.98%
believed,-13.98%
worker,-13.98%
kitchen,-13.98%
snap,72.05%
sweet,-13.98%
Saturday,-13.98%
COVID,72.05%
tear,72.05%
During,72.05%
finished,72.05%
slightly,-13.98%
circumstances,-13.98%
paycheck,72.05%
habits,72.05%
disability,72.05%
medicine,-13.98%
dirty,-13.98%
unwanted,-13.98%
arms,244.10%
disabled,-13.98%
chat,416.15%
isnt,72.05%
Such,-13.98%
families,72.05%
entirely,416.15%
remind,-13.98%
remembered,158.07%
red,-13.98%
ten,72.05%
blamed,72.05%
Especially,-13.98%
highschool,-13.98%
functioning,-13.98%
pieces,-13.98%
however,72.05%
page,-13.98%
per,72.05%
couch,-13.98%
detail,-13.98%
threatened,72.05%
Those,72.05%
hey,-13.98%
engage,158.07%
dumbass,72.05%
vacation,-13.98%
couples,72.05%
contacted,-13.98%
toward,-13.98%
scare,158.07%
wishes,-13.98%
responded,72.05%
curious,-13.98%
sun,-13.98%
thru,72.05%
leads,-13.98%
saved,-13.98%
surprised,72.05%
character,72.05%
laughing,72.05%
Her,-13.98%
waves,-13.98%
prefer,72.05%
fantasize,72.05%
cuddle,330.12%
burnt,244.10%
respect,158.07%
breathing,-13.98%
complaining,-13.98%
childish,72.05%
interview,416.15%
trusted,-1.69%
31,-1.69%
personally,-1.69%
involved,96.63%
celebrating,-1.69%
drag,-1.69%
fulfilling,-1.69%
solitude,-1.69%
watched,391.57%
wherever,-1.69%
insecurities,-1.69%
opportunity,-1.69%
smoking,-1.69%
doI,-1.69%
deleted,-1.69%
excluded,-1.69%
picked,96.63%
Feels,96.63%
streets,96.63%
truck,-1.69%
noises,-1.69%
eye,-1.69%
wreck,96.63%
arm,194.94%
rely,96.63%
fate,-1.69%
decades,-1.69%
virgin,-1.69%
uni,-1.69%
Anyway,-1.69%
downhill,96.63%
affect,-1.69%
Depressed,96.63%
therefore,-1.69%
gross,96.63%
narcissistic,-1.69%
gift,-1.69%
affected,96.63%
street,-1.69%
defeated,96.63%
downs,-1.69%
Although,96.63%
alcoholic,194.94%
addiction,-1.69%
ceiling,-1.69%
previous,96.63%
rage,-1.69%
path,96.63%
counting,-1.69%
blue,96.63%
Anything,96.63%
romantically,-1.69%
piss,-1.69%
brothers,96.63%
shoulder,-1.69%
drown,-1.69%
deserving,-1.69%
bullying,96.63%
quarantine,-1.69%
bothers,-1.69%
neither,-1.69%
harming,-1.69%
brave,-1.69%
effect,-1.69%
committing,-1.69%
lover,96.63%
privacy,293.26%
motivate,-1.69%
explaining,96.63%
complicated,-1.69%
achieved,-1.69%
urges,96.63%
ups,-1.69%
While,96.63%
stays,-1.69%
danger,-1.69%
receive,96.63%
--,-1.69%
image,-1.69%
cringe,-1.69%
obsessed,-1.69%
suggestions,96.63%
hugged,194.94%
Years,-1.69%
safety,-1.69%
unattractive,194.94%
silent,-1.69%
Get,-1.69%
nothingness,96.63%
bottle,96.63%
Almost,-1.69%
.....,-1.69%
grey,-1.69%
loosing,-1.69%
humiliated,-1.69%
judged,96.63%
caught,-1.69%
overthinking,-1.69%
damage,-1.69%
repeatedly,96.63%
breaks,-1.69%
daydreaming,-1.69%
yr,-1.69%
closing,194.94%
Divorce,-1.69%
interacting,293.26%
cousin,391.57%
freak,-1.69%
drama,96.63%
unhealthy,96.63%
pretended,96.63%
beauty,-1.69%
punished,-1.69%
stopping,-1.69%
sink,-1.69%
Facebook,96.63%
celebrate,194.94%
IM,-1.69%
intense,194.94%
standing,14.70%
coffee,14.70%
warm,14.70%
Tried,129.40%
answered,14.70%
appetite,129.40%
dislike,129.40%
id,129.40%
beings,14.70%
fucks,14.70%
slipping,14.70%
beating,14.70%
particular,129.40%
English,14.70%
bridges,14.70%
kinds,14.70%
boredom,14.70%
poorly,14.70%
2021,14.70%
fire,244.10%
gay,129.40%
ache,129.40%
cure,129.40%
introvert,14.70%
laughs,14.70%
tragic,129.40%
adhd,14.70%
60,244.10%
faith,14.70%
expecting,244.10%
yk,244.10%
ik,244.10%
spirit,14.70%
numbness,14.70%
devastated,129.40%
Will,702.90%
walked,358.80%
reply,358.80%
sees,14.70%
worries,14.70%
trans,129.40%
deserved,14.70%
existential,14.70%
Hopefully,129.40%
OK,14.70%
parenting,14.70%
deteriorating,14.70%
choices,14.70%
odd,129.40%
Two,14.70%
forgive,14.70%
language,129.40%
Usually,129.40%
casual,129.40%
backwards,14.70%
private,14.70%
Shit,129.40%
according,129.40%
recent,129.40%
opinions,129.40%
complex,129.40%
ghosting,129.40%
toll,14.70%
Dealing,129.40%
holidays,14.70%
trend,14.70%
ignores,244.10%
ambitions,14.70%
focused,129.40%
communities,14.70%
mid,244.10%
Jesus,14.70%
Hearing,14.70%
Long,14.70%
incompatible,14.70%
bpd,14.70%
practically,14.70%
forgetting,14.70%
hopes,129.40%
frequently,129.40%
circle,14.70%
brief,129.40%
building,14.70%
hiding,14.70%
dates,244.10%
sabotaging,14.70%
warmth,14.70%
cooking,14.70%
hunger,14.70%
giant,14.70%
psychologist,129.40%
enthusiasm,14.70%
concerned,14.70%
occasionally,14.70%
kiss,14.70%
Absolutely,14.70%
weirdo,14.70%
imagined,14.70%
chill,244.10%
exhaustion,14.70%
35,14.70%
false,14.70%
patch,14.70%
talents,14.70%
smallest,14.70%
Didn,14.70%
promised,14.70%
heartbroken,14.70%
officially,14.70%
priority,14.70%
acquaintances,129.40%
stage,14.70%
manipulative,14.70%
overreacting,14.70%
dangerous,14.70%
passions,14.70%
reflection,14.70%
natural,14.70%
enter,14.70%
brains,14.70%
hopefully,129.40%
surprise,129.40%
despise,129.40%
silly,358.80%
knowledge,14.70%
increasingly,14.70%
matches,14.70%
affair,129.40%
sadly,14.70%
separate,129.40%
row,244.10%
appearance,14.70%
fallen,14.70%
requires,14.70%
Ugh,14.70%
zombie,14.70%
superficial,129.40%
sinking,129.40%
quirky,14.70%
diagnose,14.70%
introverted,175.28%
stood,175.28%
humanity,175.28%
results,175.28%
repulsed,37.64%
relax,37.64%
Time,37.64%
About,175.28%
figured,175.28%
heads,175.28%
dropping,37.64%
contacts,37.64%
fights,175.28%
Worst,37.64%
grocery,37.64%
38,37.64%
acknowledged,37.64%
cancelled,37.64%
Very,37.64%
boundaries,37.64%
activity,312.92%
MYSELF,37.64%
CANT,37.64%
occasional,37.64%
harsh,312.92%
voices,37.64%
scam,37.64%
yrs,37.64%
Despite,37.64%
prescribed,175.28%
uninterested,37.64%
maintain,37.64%
teen,37.64%
yall,37.64%
outcome,37.64%
toilet,37.64%
shelter,37.64%
fundamentally,175.28%
relevant,37.64%
discord,175.28%
ate,312.92%
fought,37.64%
Trauma,37.64%
decline,175.28%
background,312.92%
offended,37.64%
square,37.64%
vanish,37.64%
box,37.64%
bubbly,37.64%
pets,175.28%
taught,37.64%
haha,37.64%
six,37.64%
neglected,37.64%
suffocating,175.28%
balls,175.28%
protect,37.64%
prove,37.64%
shock,175.28%
Completely,37.64%
realistic,37.64%
lady,175.28%
folks,450.56%
initiate,37.64%
Talking,37.64%
dig,175.28%
ck,37.64%
project,37.64%
lash,37.64%
symptom,37.64%
spiraling,37.64%
empathy,37.64%
avoiding,37.64%
rule,37.64%
hugs,312.92%
highly,175.28%
befriend,175.28%
nonsense,37.64%
standards,37.64%
outsider,37.64%
lines,37.64%
stepping,37.64%
lasts,175.28%
sending,37.64%
improvement,175.28%
emergency,37.64%
clue,37.64%
rambling,37.64%
listened,175.28%
motions,175.28%
security,175.28%
crash,37.64%
Happy,450.56%
torn,175.28%
YEARS,37.64%
warning,37.64%
crowd,175.28%
thread,37.64%
betrayed,37.64%
spam,37.64%
careful,312.92%
insult,37.64%
worsening,37.64%
remain,175.28%
schools,175.28%
sea,37.64%
delusional,175.28%
skill,175.28%
swings,312.92%
utter,175.28%
sickness,37.64%
schizophrenia,37.64%
song,175.28%
available,175.28%
Was,37.64%
reminds,312.92%
Eventually,37.64%
react,37.64%
someday,312.92%
episodes,450.56%
lock,37.64%
states,175.28%
dumped,312.92%
bitter,37.64%
furniture,37.64%
fantasizing,175.28%
corporate,37.64%
afternoon,175.28%
crushed,37.64%
savings,37.64%
checked,312.92%
discussed,175.28%
ultimately,37.64%
Unfortunately,37.64%
irritated,37.64%
unloved,37.64%
shopping,175.28%
Sad,175.28%
overly,450.56%
punishment,175.28%
bawling,37.64%
Medication,312.92%
searching,175.28%
70,37.64%
2018,37.64%
gut,37.64%
bright,450.56%
US,37.64%
heartbreak,175.28%
garage,37.64%
team,725.84%
veteran,37.64%
desires,175.28%
meanwhile,175.28%
bigger,312.92%
hi,450.56%
graduated,450.56%
shittier,175.28%
tiktok,37.64%
foundation,37.64%
ostracized,312.92%
Emotional,37.64%
anhedonia,37.64%
format,37.64%
Sunday,312.92%
peacefully,312.92%
Keep,37.64%
Stage,588.20%
October,244.10%
cup,72.05%
sky,72.05%
distraction,72.05%
Sigh,72.05%
subject,72.05%
aspects,72.05%
studies,244.10%
tea,72.05%
drives,72.05%
grandmother,72.05%
dies,72.05%
applying,72.05%
shoulders,244.10%
deed,72.05%
written,72.05%
Year,72.05%
sole,72.05%
immense,72.05%
internally,72.05%
Empty,72.05%
excitement,72.05%
key,72.05%
PLEASE,72.05%
murderer,72.05%
pretends,244.10%
advance,72.05%
graduating,72.05%
unknown,416.15%
realisation,244.10%
8th,72.05%
items,72.05%
appealing,72.05%
behaviour,72.05%
equally,72.05%
grieving,72.05%
forms,244.10%
bleed,72.05%
darkest,416.15%
narcissist,244.10%
ego,72.05%
unpleasant,72.05%
generation,72.05%
minority,72.05%
Tomorrow,72.05%
joining,72.05%
Looking,72.05%
complains,72.05%
prettier,72.05%
foreign,244.10%
hot,416.15%
strike,244.10%
prick,72.05%
neutral,244.10%
Before,72.05%
flag,72.05%
grab,72.05%
score,72.05%
infuriating,72.05%
racism,244.10%
succumb,72.05%
Watching,72.05%
speaker,72.05%
4th,72.05%
speaks,72.05%
26f,72.05%
uninteresting,72.05%
burdening,72.05%
workers,72.05%
regard,72.05%
bank,72.05%
30s,244.10%
release,72.05%
hollowed,244.10%
labor,72.05%
slaps,72.05%
bite,72.05%
injury,244.10%
hormones,72.05%
ha,72.05%
throwaway,72.05%
terrifying,72.05%
campus,244.10%
humor,72.05%
Though,72.05%
Self,72.05%
cries,72.05%
plague,72.05%
nearby,72.05%
failures,72.05%
journals,72.05%
advise,416.15%
tight,72.05%
overdose,72.05%
sisters,72.05%
friendless,244.10%
wild,244.10%
spring,72.05%
website,72.05%
messy,72.05%
horny,72.05%
blah,416.15%
checking,72.05%
asap,72.05%
Disorder,416.15%
2019,72.05%
Could,72.05%
ride,72.05%
pulling,244.10%
minds,72.05%
sober,244.10%
June,244.10%
thin,72.05%
crashing,72.05%
peers,244.10%
NPC,72.05%
fullest,72.05%
complaint,72.05%
difference,244.10%
Eve,244.10%
99%,244.10%
ties,72.05%
Truly,72.05%
repulsive,72.05%
crush,244.10%
ONLY,72.05%
crave,244.10%
Therapist,72.05%
annoy,244.10%
Guess,416.15%
reward,244.10%
barley,72.05%
dedicated,72.05%
heaven,72.05%
backstabbed,244.10%
memes,72.05%
flashback,72.05%
occasion,244.10%
lmao,72.05%
refusing,244.10%
seven,72.05%
Go,244.10%
rushed,72.05%
3rd,244.10%
uncertainty,72.05%
directly,72.05%
guarantee,72.05%
Ex,244.10%
confronted,72.05%
app,244.10%
distractions,72.05%
kissing,244.10%
senior,416.15%
served,72.05%
threatening,72.05%
comforted,72.05%
Parents,72.05%
scum,72.05%
subtle,72.05%
whore,72.05%
socials,244.10%
driven,72.05%
succeed,72.05%
cards,72.05%
cake,72.05%
continuing,72.05%
welcome,72.05%
lease,416.15%
separated,72.05%
University,72.05%
academics,72.05%
clock,244.10%
secretary,72.05%
eternal,244.10%
RE,72.05%
price,244.10%
undesirable,588.20%
Nana,588.20%
hello,129.40%
screamed,129.40%
necessarily,358.80%
schoolmates,129.40%
socialising,129.40%
hustle,129.40%
LDR,358.80%
correctly,129.40%
finger,129.40%
violently,129.40%
pulled,129.40%
access,129.40%
NEVER,129.40%
trophy,129.40%
fam,129.40%
slit,129.40%
Vent,129.40%
focusing,129.40%
precious,358.80%
hoarder,129.40%
KILL,129.40%
elaborate,129.40%
domestic,129.40%
tremendously,129.40%
lonliness,129.40%
shoved,129.40%
4am,129.40%
stressing,129.40%
BPD,129.40%
enjoys,358.80%
convo,129.40%
lacks,129.40%
accurate,129.40%
brushed,129.40%
bland,129.40%
awesome,358.80%
hired,129.40%
sits,129.40%
disappeared,358.80%
cuts,129.40%
deepest,129.40%
controlling,129.40%
ing,129.40%
terrifies,129.40%
pessimistic,129.40%
unique,358.80%
curse,129.40%
34,129.40%
reads,129.40%
aggressive,129.40%
placed,129.40%
include,358.80%
noone,129.40%
Went,129.40%
criminal,129.40%
blanket,129.40%
inevitably,129.40%
Way,129.40%
darker,129.40%
academic,129.40%
cousins,358.80%
encounter,358.80%
spite,129.40%
bully,129.40%
rejects,129.40%
bursts,129.40%
version,358.80%
cruelty,129.40%
LOVE,129.40%
infinite,129.40%
quits,129.40%
english,129.40%
native,129.40%
unsafe,129.40%
starved,129.40%
Sleeping,358.80%
envy,129.40%
dearly,129.40%
conversational,129.40%
drove,358.80%
daunting,129.40%
grad,129.40%
aliens,129.40%
boss,588.20%
remarks,129.40%
require,129.40%
Male,129.40%
creatures,129.40%
NEED,129.40%
Without,358.80%
loneliest,129.40%
sulking,129.40%
external,129.40%
beside,129.40%
SSRIs,129.40%
Found,129.40%
potentially,129.40%
link,358.80%
favors,129.40%
noon,129.40%
demons,129.40%
roommates,129.40%
trace,358.80%
MUCH,358.80%
manipulating,129.40%
suicidewatch,129.40%
Scared,129.40%
borderline,129.40%
hangs,129.40%
disliked,129.40%
OWN,129.40%
headaches,129.40%
dreamed,129.40%
partying,129.40%
twisted,129.40%
exam,358.80%
specifically,129.40%
insecurity,129.40%
comprehend,129.40%
accusing,358.80%
students,129.40%
platonic,129.40%
separation,817.60%
navigate,129.40%
Death,129.40%
Lets,129.40%
catching,129.40%
ideal,129.40%
America,129.40%
careless,358.80%
gaslight,129.40%
club,129.40%
clinical,129.40%
2022,358.80%
gaslighting,129.40%
unimportant,358.80%
EDIT,358.80%
reminding,129.40%
impressive,129.40%
valuable,129.40%
insulted,129.40%
email,588.20%
masking,129.40%
depend,129.40%
backed,129.40%
whilst,817.60%
closure,129.40%
solo,129.40%
cynical,129.40%
freinds,358.80%
risky,129.40%
cuddling,129.40%
shameful,129.40%
lovely,588.20%
signing,129.40%
quotes,129.40%
sorta,129.40%
record,129.40%
exclude,129.40%
wise,129.40%
sides,129.40%
coin,129.40%
doors,129.40%
wounds,129.40%
recommend,588.20%
heat,129.40%
required,129.40%
accountability,358.80%
scapegoat,129.40%
kisses,129.40%
waited,358.80%
stab,358.80%
property,129.40%
tone,129.40%
devoid,129.40%
buried,358.80%
absence,129.40%
bubble,358.80%
desired,358.80%
minimal,129.40%
tree,129.40%
---,358.80%
island,129.40%
roller,129.40%
coaster,129.40%
gutter,129.40%
Another,358.80%
Normally,129.40%
beer,129.40%
reference,129.40%
christmas,129.40%
blowing,358.80%
wound,129.40%
dwell,129.40%
upside,129.40%
Had,129.40%
regular,129.40%
Listen,129.40%
headed,129.40%
laws,358.80%
delete,129.40%
Anyways,358.80%
aches,129.40%
20f,129.40%
actor,129.40%
uncertain,129.40%
cars,129.40%
hag,129.40%
permanently,129.40%
shamed,129.40%
discarded,129.40%
comparison,358.80%
feeding,129.40%
recognition,358.80%
Canada,129.40%
imagining,358.80%
latest,129.40%
cognition,358.80%
offered,129.40%
topics,358.80%
created,358.80%
Afraid,358.80%
ruins,129.40%
hopeful,358.80%
pizza,817.60%
classmates,129.40%
drains,358.80%
denominator,129.40%
Thanksgiving,129.40%
includes,129.40%
anguish,129.40%
preview,129.40%
redd,129.40%
jpg,358.80%
width,129.40%
pjpg,129.40%
auto,129.40%
webp,129.40%
VA,358.80%
mindless,588.20%
punchline,358.80%
interacts,129.40%
destroys,129.40%
inept,129.40%
mildly,129.40%
grandparents,358.80%
fulfillment,358.80%
May,129.40%
bottled,129.40%
depth,129.40%
Making,358.80%
miserably,129.40%
Spending,358.80%
acted,817.60%
serve,129.40%
happiest,817.60%
oblivious,129.40%
rly,129.40%
Constantly,129.40%
twenty,129.40%
substance,358.80%
Mexican,358.80%
PEOPLE,129.40%
cheat,129.40%
bull,129.40%
patterns,129.40%
desirable,358.80%
whoever,358.80%
Wednesday,358.80%
16th,588.20%
quote,129.40%
20th,588.20%
faceless,588.20%
51,244.10%
mindfulness,244.10%
settings,244.10%
offers,588.20%
celebrated,244.10%
referred,244.10%
aid,244.10%
stresses,244.10%
ring,244.10%
feedback,588.20%
pic,244.10%
noisy,244.10%
careers,244.10%
entry,588.20%
indeed,588.20%
adding,244.10%
rested,244.10%
info,1276.40%
dry,244.10%
insight,244.10%
typical,244.10%
Waking,244.10%
shattered,244.10%
cus,244.10%
dm,244.10%
contributes,244.10%
rhetorical,244.10%
resembling,244.10%
equation,244.10%
exercising,244.10%
established,244.10%
typically,244.10%
hostile,244.10%
lively,244.10%
smartphone,244.10%
Certainly,244.10%
covered,244.10%
slut,244.10%
capability,244.10%
assuming,244.10%
HELP,588.20%
Wondering,244.10%
chapter,244.10%
stolen,244.10%
humorous,244.10%
toddler,244.10%
saturday,244.10%
POC,588.20%
irritable,588.20%
25m,244.10%
unalive,244.10%
dumping,244.10%
inherently,244.10%
cab,244.10%
00,244.10%
paragraph,244.10%
idc,244.10%
confide,244.10%
attitude,244.10%
matched,244.10%
stuffed,932.30%
swallowed,244.10%
suspected,244.10%
freely,244.10%
participated,244.10%
checkout,244.10%
disappearing,244.10%
bleak,244.10%
Tips,244.10%
sum,244.10%
prime,244.10%
entrance,244.10%
bath,244.10%
Seems,244.10%
meditation,588.20%
Truth,244.10%
recall,244.10%
500,244.10%
6th,244.10%
anonymously,244.10%
talent,244.10%
variety,244.10%
gem,244.10%
gorgeous,244.10%
monologue,244.10%
Ironically,244.10%
prospects,244.10%
March,244.10%
mix,244.10%
greet,244.10%
outgoing,244.10%
25M,244.10%
disappears,588.20%
outer,244.10%
army,244.10%
Society,244.10%
F23,244.10%
Taking,244.10%
ticking,244.10%
messes,244.10%
pour,244.10%
trick,244.10%
development,244.10%
Sundays,244.10%
led,588.20%
clueless,244.10%
journal,244.10%
haunted,244.10%
dementia,244.10%
cave,244.10%
haunt,244.10%
perfectly,588.20%
compliments,244.10%
robotic,244.10%
Writing,244.10%
motherfucker,244.10%
Isolation,244.10%
via,244.10%
NSFW,244.10%
settle,244.10%
lord,244.10%
ft,244.10%
Halloween,588.20%
equipment,244.10%
nowadays,244.10%
18M,244.10%
flow,244.10%
quoted,244.10%
unacceptable,244.10%
knots,244.10%
reasonably,244.10%
slip,244.10%
zoom,244.10%
ect,244.10%
limited,244.10%
mourning,244.10%
popular,1276.40%
mopey,244.10%
tipping,244.10%
unbelievably,588.20%
Sadly,244.10%
distress,244.10%
overlooked,244.10%
sleepy,588.20%
weather,244.10%
deny,588.20%
ridiculously,244.10%
chunk,244.10%
match,244.10%
uncontrollably,244.10%
overweight,244.10%
twitter,588.20%
copy,244.10%
freaks,244.10%
inter,244.10%
dysphoria,244.10%
law,932.30%
disposable,244.10%
chronically,1276.40%
lockdown,588.20%
myselfI,244.10%
beach,244.10%
released,588.20%
temporarily,244.10%
suffocated,244.10%
drifting,244.10%
sympathise,244.10%
tiredI,244.10%
respectful,244.10%
festering,244.10%
talented,244.10%
distracting,244.10%
GET,244.10%
alarms,244.10%
loooooong,244.10%
begun,244.10%
thesis,588.20%
handful,244.10%
apathy,244.10%
history,244.10%
difficulties,588.20%
February,244.10%
thisMy,244.10%
dignity,244.10%
swooped,244.10%
panicky,244.10%
attached,244.10%
beaten,244.10%
peer,244.10%
distancing,244.10%
unrelenting,244.10%
eaten,244.10%
affirmation,244.10%
scheduled,244.10%
intellectually,244.10%
deprived,588.20%
viable,244.10%
outlet,244.10%
incorrectly,244.10%
username,588.20%
http,588.20%
imgur,244.10%
button,588.20%
headphones,244.10%
sought,588.20%
antique,244.10%
momentarily,244.10%
wade,244.10%
Super,244.10%
counter,244.10%
reconcile,244.10%
unheard,244.10%
aspergers,244.10%
chatter,244.10%
skinny,244.10%
impacted,244.10%
powerful,244.10%
manager,244.10%
HER,244.10%
confirm,244.10%
fantastic,244.10%
entirety,244.10%
hellhole,244.10%
normalcy,244.10%
colors,244.10%
AF,244.10%
hook,244.10%
satisfaction,244.10%
repair,244.10%
incidents,244.10%
worthlessI,244.10%
comforts,244.10%
Stuck,244.10%
Pain,244.10%
hideous,244.10%
initial,244.10%
unhappiness,244.10%
EVERY,244.10%
Anytime,244.10%
Little,244.10%
stemmed,244.10%
unintelligent,244.10%
certificate,244.10%
proportion,244.10%
Others,244.10%
crushes,244.10%
shrugged,244.10%
abruptly,244.10%
deprivation,244.10%
36,244.10%
incel,244.10%
negatively,244.10%
Worked,244.10%
holder,244.10%
locks,244.10%
havoc,244.10%
reminders,244.10%
horizon,244.10%
lonelier,244.10%
pointed,244.10%
aimed,244.10%
cheap,588.20%
lala,244.10%
land,244.10%
handling,244.10%
visa,244.10%
blurs,244.10%
dissatisfied,244.10%
explicitly,244.10%
melancholic,244.10%
inconveniences,244.10%
23M,244.10%
mutual,244.10%
wannabe,244.10%
1000,244.10%
bullet,244.10%
thirties,244.10%
programs,588.20%
atrocious,244.10%
SA,244.10%
compounded,588.20%
reminisce,244.10%
points,244.10%
14hr,244.10%
stranded,244.10%
Chronically,244.10%
meaninglessness,244.10%
Throughout,244.10%
DEFINITELY,244.10%
EVERYDAY,244.10%
tinnitus,244.10%
slum,588.20%
discussion,244.10%
niece,588.20%
slaving,244.10%
shotgun,244.10%
chase,588.20%
Japan,588.20%
mold,588.20%
littlest,588.20%
nose,588.20%
urgently,244.10%
Months,244.10%
Called,244.10%
sneak,588.20%
professor,588.20%
epilepsy,588.20%
demise,244.10%
USA,588.20%
stubborn,588.20%
conflict,244.10%
nowI,244.10%
core,588.20%
socialization,932.30%
despises,588.20%
Again,244.10%
aching,244.10%
Hispanic,588.20%
stifled,1276.40%
Uni,588.20%
wrapped,588.20%
laughter,588.20%
aspire,588.20%
homeschooled,588.20%
pots,588.20%
scumbag,588.20%
valentine,588.20%
greatest,588.20%
bliss,588.20%
location,1276.40%
Both,588.20%
international,588.20%
Hardly,588.20%
faded,588.20%
aloneI,588.20%
Seeking,588.20%
classical,588.20%
huddle,588.20%
extroverted,588.20%
survey,588.20%
Apologies,588.20%
marriages,588.20%
remark,588.20%
wakeup,588.20%
everythingI,588.20%
separately,588.20%
introduced,588.20%
fatigued,588.20%
phenomenon,588.20%
confirmed,588.20%
offline,588.20%
hugging,588.20%
perfectionism,588.20%
solid,588.20%
cptsd,588.20%
controlled,588.20%
baseless,588.20%
popcorn,588.20%
replied,588.20%
forums,588.20%
bars,588.20%
handsome,588.20%
Through,1276.40%
alarm,588.20%
Quarantine,588.20%
mentioned,588.20%
forgave,588.20%
restricted,1276.40%
library,588.20%
difficulty,588.20%
select,588.20%
Friend,588.20%
processes,588.20%
allHow,588.20%
fluoxetine,588.20%
covering,588.20%
Mind,588.20%
35m,588.20%
madly,588.20%
unavailable,588.20%
shrugs,588.20%
Christ,588.20%
relating,588.20%
commiting,588.20%
traumatize,588.20%
carve,588.20%
google,1964.59%
States,588.20%
asthma,588.20%
Hold,588.20%
basics,588.20%
Zoom,588.20%
Days,588.20%
rnI,588.20%
Nope,588.20%
stagnant,588.20%
wisdom,588.20%
Personality,588.20%
wide,588.20%
colored,588.20%
modmail,588.20%
Borderline,588.20%
pains,1276.40%
forest,588.20%
bucket,588.20%
sting,588.20%
amnesia,588.20%
absent,588.20%
ugliest,1276.40%
assault,1276.40%
jammed,588.20%
Broken,588.20%
Sarah,588.20%
binging,588.20%
lifelong,588.20%
excepted,588.20%
hint,588.20%
thx,588.20%
Actually,588.20%
empowered,588.20%
shuts,588.20%
charge,588.20%
Online,588.20%
Might,588.20%
North,588.20%
Australia,588.20%
nighter,588.20%
grammar,588.20%
retail,1276.40%
ought,588.20%
graphic,588.20%
shaped,588.20%
praise,588.20%
evidence,588.20%
stall,588.20%
amongst,1276.40%
DMs,588.20%
2.5,588.20%
LONELY,588.20%
rotten,588.20%
prevented,588.20%
torment,588.20%
pouring,588.20%
expired,588.20%
praised,588.20%
profit,588.20%
Helping,588.20%
judgemental,588.20%
challenged,588.20%
criticism,588.20%
max,588.20%
OVER,588.20%
ALWAYS,588.20%
patiently,1276.40%
pride,588.20%
knitting,588.20%
grounded,588.20%
Early,588.20%
NC,588.20%
independence,588.20%
suit,588.20%
2015,588.20%
pack,588.20%
brutal,588.20%
union,588.20%
33M,588.20%
gather,588.20%
Valentines,1276.40%
podcast,588.20%
eliminating,588.20%
GF,588.20%
blindsided,1276.40%
hesitant,588.20%
PMDD,588.20%
notification,588.20%
diversity,1276.40%
greater,588.20%
nanny,1276.40%
effecting,588.20%
relapsing,588.20%
whatnot,588.20%
joints,588.20%
baggy,1276.40%
BS,588.20%
urged,588.20%
psychiatric,588.20%
growth,588.20%
irritating,588.20%
sufficient,588.20%
consumption,588.20%
boxes,588.20%
homelessness,588.20%
discovered,588.20%
Dark,588.20%
bone,588.20%
virginity,588.20%
apology,1276.40%
wrists,588.20%
reported,588.20%
chosen,588.20%
calming,588.20%
hookups,588.20%
deadI,588.20%
backstory,1276.40%
stigma,588.20%
platform,588.20%
buzz,588.20%
color,588.20%
insist,588.20%
dudes,588.20%
ice,588.20%
blink,588.20%
Everywhere,588.20%
somone,588.20%
underneath,1276.40%
monotone,588.20%
ca,1276.40%
dorm,588.20%
fairly,588.20%
85%,588.20%
advices,588.20%
detached,588.20%
intended,588.20%
gossip,1276.40%
inflate,588.20%
nonchalant,588.20%
75%,588.20%
25%,588.20%
apparent,588.20%
dreadfully,588.20%
peoppe,588.20%
Weird,588.20%
abducted,588.20%
genuinenly,588.20%
lows,1276.40%
unbridled,588.20%
anymoreHelp,588.20%
underconfident,588.20%
heals,588.20%
Communication,588.20%
eyesight,588.20%
relations,588.20%
fcuked,588.20%
fcuking,588.20%
courteous,588.20%
Socially,588.20%
infatuated,588.20%
shined,588.20%
league,588.20%
myelf,588.20%
compensation,588.20%
44K,588.20%
shall,588.20%
errors,588.20%
felonies,588.20%
blasted,588.20%
Productivity,588.20%
decreased,588.20%
PS,1276.40%
grammatically,588.20%
depressingly,588.20%
Needing,588.20%
suppress,588.20%
adjust,588.20%
watering,588.20%
puffy,588.20%
19m,588.20%
friendlessness,588.20%
blossomed,588.20%
swan,588.20%
fashion,588.20%
skinnier,588.20%
materialistic,588.20%
themSociety,588.20%
WHAATTT,588.20%
harvard,588.20%
blablabla,588.20%
SUBHUMANS,588.20%
THESE,588.20%
sabbotage,588.20%
Luckily,588.20%
Unluckilly,588.20%
cripplingly,588.20%
boarderline,588.20%
agorophobic,588.20%
retreat,588.20%
chickening,588.20%
richer,588.20%
complacent,588.20%
puke,588.20%
domt,588.20%
whiny,588.20%
concocted,588.20%
prey,588.20%
newly,588.20%
Mods,588.20%
arbitrary,588.20%
rudest,588.20%
rawest,588.20%
arrived,588.20%
tittle,588.20%
tome,588.20%
romanticized,588.20%
refrain,588.20%
spoiler,588.20%
ban,588.20%
matterIs,588.20%
lolCatch,588.20%
capabilities,588.20%
Ditto,588.20%
Stupid,588.20%
doen,588.20%
Start,588.20%
ping,588.20%
intertwine,588.20%
vitality,588.20%
instills,588.20%
rotation,588.20%
formal,1276.40%
stbxh,588.20%
Hear,588.20%
attic,588.20%
unused,588.20%
poop,588.20%
smears,588.20%
snot,588.20%
tissues,588.20%
wondered,588.20%
billions,588.20%
misogynist,588.20%
hanged,588.20%
unappealing,588.20%
oriented,588.20%
journaling,588.20%
sexting,588.20%
cautious,588.20%
credentials,588.20%
iq,588.20%
49,588.20%
goto,588.20%
fcked,588.20%
motivational,588.20%
disinterest,588.20%
Fb,588.20%
journalist,588.20%
greeted,588.20%
Ah,1276.40%
forza,588.20%
driveavatars,588.20%
HIS,588.20%
shrug,588.20%
recognised,588.20%
themI,588.20%
hypocrisy,588.20%
meandering,588.20%
withI,588.20%
Videogames,588.20%
Reading,588.20%
wimp,588.20%
resilient,2652.79%
wrenching,588.20%
sketchbooks,588.20%
permission,1276.40%
gangs,588.20%
antagonizing,588.20%
WHOSE,588.20%
EXCITED,588.20%
UPCOMING,588.20%
DECADE,588.20%
Reasons,588.20%
bullsh,588.20%
HAPPINESS,588.20%
fele,588.20%
ponder,588.20%
alreadyi,588.20%
unsatisfied,588.20%
alter,588.20%
29yrs,588.20%
researching,588.20%
Aunt,588.20%
genealogy,588.20%
Btw,588.20%
miscellaneous,588.20%
indulging,588.20%
Groundhog,588.20%
29yo,588.20%
Grew,588.20%
seizure,588.20%
bachelors,588.20%
degrees,588.20%
boards,588.20%
independency,588.20%
deactivating,588.20%
wacky,588.20%
7th,588.20%
reenforced,588.20%
unprofessional,588.20%
overbearing,588.20%
dispensable,588.20%
Plato,588.20%
rinsing,588.20%
Xbox,588.20%
john,588.20%
doe,588.20%
sliently,588.20%
boarding,588.20%
78,588.20%
supplements,588.20%
UNDERSTANDS,588.20%
WHERE,588.20%
ENERGY,588.20%
sweep,588.20%
floors,588.20%
dressed,588.20%
toxically,588.20%
barren,588.20%
valley,588.20%
impress,588.20%
Much,1276.40%
normies,588.20%
escalates,588.20%
maladjusted,588.20%
stangnant,588.20%
remained,588.20%
discernable,588.20%
earful,588.20%
Three,1276.40%
demolish,588.20%
sociopaths,588.20%
sociopath,588.20%
nonexistent,588.20%
momente,588.20%
unmasculine,588.20%
anyoneThese,588.20%
Oahu,588.20%
instinctively,588.20%
charade,588.20%
skint,588.20%
poll,588.20%
fooked,588.20%
gunna,588.20%
evident,588.20%
impression,588.20%
sincerest,588.20%
Rejected,588.20%
Terrifying,588.20%
wordsDoes,588.20%
cookies,588.20%
explanatory,588.20%
Beginning,588.20%
Jobless,1276.40%
troublesome,588.20%
lap,588.20%
aloud,588.20%
defines,588.20%
repellant,588.20%
unloveable,588.20%
arises,588.20%
sniff,588.20%
Prior,588.20%
assured,588.20%
uncaring,588.20%
masterbating,588.20%
settles,588.20%
breadcrumbs,588.20%
facebook,588.20%
nothings,588.20%
Tonight,1276.40%
adrenaline,588.20%
faliure,588.20%
ish,588.20%
splinter,588.20%
inflicted,588.20%
emptying,588.20%
8hours,588.20%
rhe,588.20%
comllerely,588.20%
elevate,588.20%
flooding,1276.40%
believable,588.20%
guiltI,588.20%
intolerable,588.20%
mishap,588.20%
WANTING,588.20%
extends,588.20%
thoroughly,588.20%
reflections,588.20%
separates,588.20%
Share,588.20%
shadowing,588.20%
Outside,588.20%
divert,588.20%
kicks,588.20%
mxmtoon,588.20%
muchLoneliness,588.20%
quicksand,588.20%
reveal,588.20%
shadows,1276.40%
strangling,588.20%
loniless,1276.40%
blackhole,588.20%
labored,588.20%
vision,588.20%
Incel,588.20%
Girls,588.20%
REASON,588.20%
obsessively,588.20%
brown,588.20%
welp,588.20%
dye,588.20%
occurs,588.20%
evaporate,588.20%
surprises,588.20%
arno,588.20%
web,1276.40%
contrary,588.20%
regards,588.20%
Waste,588.20%
rise,588.20%
compliment,588.20%
untied,588.20%
independently,588.20%
numerous,588.20%
interject,588.20%
perks,588.20%
reeks,588.20%
pressures,588.20%
TLDR,588.20%
intent,588.20%
Instant,588.20%
delivered,588.20%
unequipped,588.20%
duno,588.20%
appearing,588.20%
retreats,588.20%
workplace,588.20%
humble,588.20%
renewal,588.20%
spitting,588.20%
ts,588.20%
rumors,588.20%
management,588.20%
subtly,1276.40%
barbiturates,588.20%
therapeutic,588.20%
resisted,588.20%
Anemia,588.20%
deadly,588.20%
asset,588.20%
clown,588.20%
stunt,588.20%
buzzing,588.20%
unconditionally,1276.40%
2016,588.20%
crowds,588.20%
acknowledging,588.20%
outlived,588.20%
usefulness,588.20%
anime,588.20%
perishable,588.20%
operate,588.20%
replaceable,588.20%
uplifting,588.20%
3Racism,588.20%
nana,588.20%
sir,588.20%
srry,588.20%
spelled,588.20%
Srry,588.20%
disocrd,588.20%
omgele,588.20%
Non,588.20%
soemone,588.20%
genuinly,588.20%
tent,588.20%
desert,588.20%
weapons,588.20%
Improve,588.20%
Talked,588.20%
sand,588.20%
steady,1276.40%
pits,588.20%
accomplishment,588.20%
grows,588.20%
ovethink,588.20%
